Source,Target,Type,Weight,npmi
trajetoria,pesquisa,Undirected,3.00,0.1509
trajetoria,distintas,Undirected,3.00,0.1564
trajetoria,pratica,Undirected,4.00,0.1003
trajetoria,instituicao,Undirected,6.00,0.2145
trajetoria,deixa,Undirected,2.00,0.1498
trajetoria,rede,Undirected,2.00,-0.0642
trajetoria,marcelo,Undirected,4.00,0.0583
trajetoria,termos,Undirected,3.00,0.1350
trajetoria,translacao,Undirected,3.00,0.1503
trajetoria,gesto,Undirected,2.00,0.1178
trajetoria,inscricao,Undirected,7.00,0.0781
trajetoria,centro,Undirected,2.00,0.0762
trajetoria,projeto,Undirected,3.00,0.0303
trajetoria,dado,Undirected,2.00,-0.0407
trajetoria,cientifico,Undirected,7.00,0.2035
trajetoria,tecnica,Undirected,2.00,0.1218
trajetoria,spira,Undirected,7.00,0.0143
trajetoria,aparece,Undirected,2.00,0.0863
trajetoria,ciencia,Undirected,3.00,0.2060
trajetoria,relatorios,Undirected,2.00,0.1303
trajetoria,parte,Undirected,2.00,0.1463
trajetoria,movimento,Undirected,5.00,0.2489
trajetoria,artificial,Undirected,2.00,0.1396
trajetoria,leitura,Undirected,3.00,0.1576
trajetoria,conceito,Undirected,2.00,0.1372
trajetoria,disponivel,Undirected,4.00,0.1739
dataset,pessoas,Undirected,4.00,0.0884
dataset,voz,Undirected,5.00,0.1727
dataset,spira,Undirected,58.00,0.2346
dataset,registra,Undirected,8.00,0.2532
dataset,percurso,Undirected,7.00,0.2075
dataset,espectrogramas,Undirected,6.00,0.2183
dataset,translacao,Undirected,2.00,0.0253
dataset,secao,Undirected,10.00,0.1653
dataset,dado,Undirected,5.00,-0.0247
dataset,pacientes,Undirected,3.00,-0.0017
dataset,covid,Undirected,8.00,0.1304
dataset,pandemia,Undirected,2.00,0.0629
dataset,modelo,Undirected,6.00,0.0128
dataset,sistema,Undirected,3.00,0.0346
dataset,analise,Undirected,6.00,0.0927
dataset,audio,Undirected,11.00,0.1692
dataset,projeto,Undirected,9.00,0.0785
dataset,disponivel,Undirected,6.00,0.1825
dataset,covideiro,Undirected,7.00,-0.0262
dataset,mundo,Undirected,2.00,0.0373
dataset,condicoes,Undirected,3.00,-0.0197
dataset,possivel,Undirected,7.00,0.1783
dataset,acesso,Undirected,3.00,0.0861
dataset,pessoa,Undirected,3.00,0.1310
dataset,insuficiencia,Undirected,5.00,0.0429
dataset,gravacao,Undirected,7.00,0.2253
dataset,parte,Undirected,3.00,0.1166
dataset,processamento,Undirected,2.00,0.0424
dataset,repositorio,Undirected,4.00,0.1443
dataset,precisamente,Undirected,3.00,0.1240
dataset,presenca,Undirected,2.00,0.0845
dataset,inscrito,Undirected,4.00,0.1479
dataset,enfermaria,Undirected,3.00,0.0218
dataset,torna,Undirected,2.00,-0.0287
dataset,termos,Undirected,2.00,0.0107
dataset,ausencia,Undirected,2.00,0.0696
dataset,partir,Undirected,9.00,0.1256
dataset,artigos,Undirected,4.00,-0.0003
dataset,arquivo,Undirected,2.00,-0.0056
dataset,ruido,Undirected,6.00,0.0870
dataset,condicao,Undirected,7.00,0.1209
dataset,nenhum,Undirected,2.00,0.0431
dataset,treinamento,Undirected,2.00,0.0451
dataset,acustica,Undirected,5.00,0.1819
dataset,pandemico,Undirected,3.00,0.0764
dataset,codigo,Undirected,7.00,0.1228
dataset,acuracia,Undirected,6.00,0.1995
dataset,artigo,Undirected,5.00,-0.0250
dataset,onda,Undirected,2.00,0.0629
dataset,grupo,Undirected,6.00,0.1698
dataset,controle,Undirected,9.00,0.2801
dataset,publico,Undirected,23.00,0.3790
dataset,espectrograma,Undirected,2.00,-0.0660
dataset,respiratoria,Undirected,3.00,-0.0220
dataset,argumento,Undirected,3.00,0.0828
dataset,tornou,Undirected,2.00,0.0486
entrevista,pesquisa,Undirected,6.00,0.1564
entrevista,campo,Undirected,2.00,0.0336
entrevista,processo,Undirected,5.00,0.1292
entrevista,marcelo,Undirected,92.00,0.4994
entrevista,associacao,Undirected,11.00,0.2353
entrevista,spira,Undirected,17.00,0.0342
entrevista,etnografia,Undirected,9.00,0.2167
entrevista,pandemia,Undirected,2.00,0.0618
entrevista,covid,Undirected,3.00,0.0092
entrevista,percurso,Undirected,3.00,0.0956
entrevista,cadeia,Undirected,8.00,0.0264
entrevista,fapesp,Undirected,4.00,0.1110
entrevista,artigos,Undirected,16.00,0.1813
entrevista,condicao,Undirected,4.00,0.0496
entrevista,relatorios,Undirected,6.00,0.1877
entrevista,momento,Undirected,9.00,0.2223
entrevista,pratica,Undirected,3.00,-0.0152
entrevista,diferentes,Undirected,3.00,0.0934
entrevista,existir,Undirected,3.00,0.0964
entrevista,artigo,Undirected,16.00,0.1233
entrevista,resultado,Undirected,3.00,0.0691
entrevista,descricao,Undirected,2.00,0.0651
entrevista,projeto,Undirected,10.00,0.0912
entrevista,inscricao,Undirected,5.00,-0.0494
entrevista,parte,Undirected,2.00,0.0685
entrevista,acesso,Undirected,3.00,0.0849
entrevista,sistema,Undirected,2.00,-0.0101
entrevista,insuficiencia,Undirected,2.00,-0.0573
entrevista,respiratoria,Undirected,3.00,-0.0232
entrevista,covideiro,Undirected,2.00,-0.1383
entrevista,termos,Undirected,2.00,0.0095
entrevista,analise,Undirected,2.00,-0.0329
entrevista,contexto,Undirected,6.00,0.1812
entrevista,coleta,Undirected,2.00,-0.0782
entrevista,enfermaria,Undirected,3.00,0.0206
entrevista,registra,Undirected,3.00,0.1190
entrevista,instituicao,Undirected,2.00,-0.0016
entrevista,precisamente,Undirected,2.00,0.0756
entrevista,imutavel,Undirected,2.00,0.0775
entrevista,tornou,Undirected,2.00,0.0474
entrevista,textual,Undirected,2.00,0.0843
entrevista,ponto,Undirected,2.00,-0.0413
acuracia,artigo,Undirected,7.00,0.1002
acuracia,existir,Undirected,2.00,0.1265
acuracia,spira,Undirected,6.00,-0.0058
acuracia,protocolo,Undirected,8.00,0.2725
acuracia,distintas,Undirected,5.00,0.2222
acuracia,resultado,Undirected,5.00,0.2158
acuracia,torna,Undirected,3.00,0.0922
acuracia,possivel,Undirected,2.00,0.1004
acuracia,inscricao,Undirected,4.00,0.0090
acuracia,ruido,Undirected,3.00,0.0838
acuracia,enfermaria,Undirected,2.00,0.0539
acuracia,pontos,Undirected,3.00,0.2157
acuracia,modelo,Undirected,14.00,0.2181
acuracia,produziu,Undirected,3.00,0.1693
acuracia,covid,Undirected,3.00,0.0888
acuracia,ponto,Undirected,4.00,0.1150
acuracia,campo,Undirected,2.00,0.1098
acuracia,clinica,Undirected,3.00,0.1637
acuracia,coeficientes,Undirected,2.00,0.0960
acuracia,covideiro,Undirected,3.00,-0.0209
acuracia,saude,Undirected,3.00,0.1922
acuracia,rede,Undirected,6.00,0.0542
acuracia,neural,Undirected,2.00,0.1123
cientifico,inscricao,Undirected,15.00,0.0670
cientifico,artigos,Undirected,39.00,0.3105
cientifico,instituicao,Undirected,3.00,0.0253
cientifico,enfermaria,Undirected,2.00,-0.0384
cientifico,spira,Undirected,10.00,-0.0657
cientifico,analise,Undirected,2.00,-0.0490
cientifico,argumento,Undirected,3.00,0.0647
cientifico,laboratorio,Undirected,4.00,0.0274
cientifico,projeto,Undirected,8.00,0.0429
cientifico,condicoes,Undirected,6.00,0.0402
cientifico,artigo,Undirected,77.00,0.3915
cientifico,ponto,Undirected,6.00,0.0637
cientifico,circular,Undirected,5.00,0.1748
cientifico,descreve,Undirected,6.00,0.1296
cientifico,dispositivo,Undirected,3.00,0.0165
cientifico,tecnica,Undirected,3.00,0.0729
cientifico,marcelo,Undirected,2.00,-0.1117
cientifico,centro,Undirected,5.00,0.0853
cientifico,voz,Undirected,2.00,0.0440
cientifico,rede,Undirected,11.00,0.0224
cientifico,neural,Undirected,7.00,0.1721
cientifico,dado,Undirected,12.00,0.0627
cientifico,objeto,Undirected,8.00,-0.0054
cientifico,aparece,Undirected,9.00,0.1756
cientifico,secao,Undirected,3.00,-0.0045
cientifico,protocolo,Undirected,4.00,0.0745
cientifico,actante,Undirected,2.00,-0.0660
cientifico,circula,Undirected,4.00,0.1366
cientifico,covideiro,Undirected,3.00,-0.1173
cientifico,espectrograma,Undirected,3.00,-0.0431
cientifico,producao,Undirected,6.00,0.1568
cientifico,termos,Undirected,3.00,0.0369
cientifico,metodo,Undirected,2.00,0.0212
cientifico,produz,Undirected,3.00,0.0454
cientifico,leitor,Undirected,4.00,0.1016
cientifico,covid,Undirected,2.00,-0.0493
cientifico,tecnociencia,Undirected,2.00,0.0558
cientifico,sequencia,Undirected,2.00,0.0150
cientifico,espectrogramas,Undirected,5.00,0.1737
cientifico,precisamente,Undirected,4.00,0.1415
cientifico,imagem,Undirected,9.00,0.1213
cientifico,etnografia,Undirected,5.00,0.1169
cientifico,partir,Undirected,2.00,-0.0671
cientifico,conceito,Undirected,2.00,0.0432
cientifico,condicao,Undirected,4.00,0.0322
cientifico,fapesp,Undirected,2.00,0.0150
controles,pacientes,Undirected,40.00,0.4444
controles,covid,Undirected,7.00,0.1713
controles,pandemia,Undirected,4.00,0.2004
controles,hospitais,Undirected,3.00,0.1438
controles,distintas,Undirected,3.00,0.1299
controles,sinal,Undirected,2.00,0.0085
controles,equipe,Undirected,3.00,0.1737
controles,ruido,Undirected,17.00,0.3036
controles,covideiro,Undirected,7.00,0.0506
controles,voz,Undirected,4.00,0.1987
controles,pessoas,Undirected,2.00,0.0614
controles,enfermaria,Undirected,15.00,0.3021
controles,artificial,Undirected,3.00,0.1631
controles,produz,Undirected,2.00,0.0700
controles,coleta,Undirected,7.00,0.1196
controles,treinamento,Undirected,3.00,0.1445
controles,termos,Undirected,5.00,0.1733
controles,grupo,Undirected,3.00,0.1356
controles,ambiente,Undirected,3.00,0.1692
controles,actante,Undirected,3.00,0.0465
controles,deixa,Undirected,2.00,0.1244
controles,dado,Undirected,4.00,0.0062
controles,aparece,Undirected,3.00,0.1075
controles,spira,Undirected,3.00,-0.1052
controles,escolha,Undirected,2.00,0.1034
controles,audio,Undirected,3.00,0.0583
nenhuma,rede,Undirected,14.00,0.0956
nenhuma,condicao,Undirected,3.00,0.0868
nenhuma,artigo,Undirected,2.00,-0.0519
nenhuma,informacao,Undirected,6.00,0.2936
nenhuma,diferenca,Undirected,4.00,0.1662
nenhuma,descricao,Undirected,5.00,0.2507
nenhuma,grupo,Undirected,3.00,0.1507
nenhuma,secao,Undirected,3.00,0.0822
nenhuma,inscricao,Undirected,12.00,0.1387
nenhuma,produz,Undirected,5.00,0.1983
nenhuma,maio,Undirected,2.00,0.1502
nenhuma,insuficiencia,Undirected,2.00,0.0096
nenhuma,respiratoria,Undirected,3.00,0.0466
nenhuma,dado,Undirected,2.00,-0.0516
nenhuma,entrada,Undirected,2.00,0.1444
nenhuma,modelo,Undirected,3.00,0.0054
nenhuma,clinica,Undirected,4.00,0.1911
nenhuma,nenhum,Undirected,3.00,0.1575
nenhuma,celular,Undirected,3.00,0.0853
nenhuma,ruido,Undirected,2.00,0.0290
nenhuma,torna,Undirected,2.00,0.0370
nenhuma,visivel,Undirected,3.00,0.1596
nenhuma,topologia,Undirected,6.00,0.2719
nenhuma,descreve,Undirected,3.00,0.1315
nenhuma,carrega,Undirected,3.00,0.1749
nenhuma,objeto,Undirected,5.00,0.0481
nenhuma,virus,Undirected,2.00,0.0461
nenhuma,corpo,Undirected,3.00,0.1120
nenhuma,voz,Undirected,2.00,0.1271
nenhuma,coeficientes,Undirected,3.00,0.1343
nenhuma,cadeia,Undirected,3.00,-0.0126
nenhuma,latour,Undirected,2.00,0.0401
nenhuma,gravacao,Undirected,3.00,0.1816
painel,covideiro,Undirected,3.00,-0.0103
painel,descricao,Undirected,2.00,0.1515
painel,vocabulario,Undirected,3.00,0.2130
painel,imagem,Undirected,3.00,0.0951
painel,corpo,Undirected,3.00,0.1324
painel,torna,Undirected,3.00,0.1028
painel,visivel,Undirected,2.00,0.1304
painel,passo,Undirected,3.00,0.1904
painel,escala,Undirected,2.00,0.0826
painel,padrao,Undirected,2.00,0.1557
painel,spira,Undirected,3.00,-0.0697
equipe,metodo,Undirected,3.00,0.1731
equipe,marcelo,Undirected,12.00,0.2168
equipe,pesquisa,Undirected,4.00,0.1971
equipe,sistema,Undirected,3.00,0.1236
equipe,insuficiencia,Undirected,2.00,0.0291
equipe,parametros,Undirected,2.00,0.1270
equipe,diante,Undirected,2.00,0.1566
equipe,celular,Undirected,4.00,0.1412
equipe,pacientes,Undirected,2.00,0.0416
equipe,spira,Undirected,15.00,0.1264
equipe,cadeia,Undirected,7.00,0.1094
equipe,ruido,Undirected,4.00,0.1296
equipe,instituicao,Undirected,2.00,0.0848
equipe,covideiro,Undirected,3.00,-0.0103
equipe,escolha,Undirected,2.00,0.1374
equipe,coleta,Undirected,2.00,0.0082
equipe,artigo,Undirected,5.00,0.0691
equipe,resultado,Undirected,3.00,0.1593
equipe,pesquisador,Undirected,2.00,0.0848
equipe,nenhum,Undirected,2.00,0.1283
grupo,pesquisa,Undirected,6.00,0.2127
grupo,processamento,Undirected,2.00,0.0912
grupo,publico,Undirected,6.00,0.2172
grupo,insuficiencia,Undirected,3.00,0.0361
grupo,respiratoria,Undirected,5.00,0.0890
grupo,controle,Undirected,46.00,0.6672
grupo,marcelo,Undirected,10.00,0.1454
grupo,producao,Undirected,4.00,0.1756
grupo,carrega,Undirected,3.00,0.1571
grupo,projeto,Undirected,6.00,0.0823
grupo,artigo,Undirected,3.00,-0.0281
grupo,modelo,Undirected,6.00,0.0677
grupo,escala,Undirected,3.00,0.0920
grupo,covid,Undirected,2.00,0.0167
grupo,spira,Undirected,9.00,0.0125
grupo,computacional,Undirected,2.00,0.0763
grupo,artigos,Undirected,4.00,0.0522
grupo,cadeia,Undirected,2.00,-0.0712
grupo,centro,Undirected,4.00,0.1294
grupo,pesquisador,Undirected,5.00,0.1582
grupo,aparece,Undirected,2.00,0.0584
grupo,relatorios,Undirected,3.00,0.1507
grupo,fapesp,Undirected,3.00,0.1285
grupo,descricao,Undirected,6.00,0.2582
grupo,secao,Undirected,2.00,0.0197
grupo,referencia,Undirected,2.00,0.1149
grupo,vocabulario,Undirected,3.00,0.1749
grupo,distintas,Undirected,6.00,0.2186
grupo,ruido,Undirected,2.00,0.0119
grupo,hospitais,Undirected,2.00,0.0932
grupo,dispositivo,Undirected,3.00,0.0854
grupo,coleta,Undirected,4.00,0.0469
grupo,momento,Undirected,3.00,0.1291
grupo,pessoas,Undirected,2.00,0.0589
grupo,celular,Undirected,3.00,0.0227
grupo,dado,Undirected,2.00,-0.0686
grupo,treinamento,Undirected,5.00,0.2086
grupo,partir,Undirected,6.00,0.1272
grupo,gravacao,Undirected,15.00,0.4092
grupo,enfermaria,Undirected,2.00,0.0276
grupo,fala,Undirected,4.00,0.0838
grupo,paciente,Undirected,9.00,0.1918
grupo,arquivo,Undirected,2.00,0.0431
cadeia,latour,Undirected,10.00,0.0266
cadeia,circula,Undirected,17.00,0.2393
cadeia,ator,Undirected,5.00,0.0666
cadeia,translacao,Undirected,65.00,0.4282
cadeia,tecnica,Undirected,2.00,-0.0627
cadeia,percurso,Undirected,19.00,0.2299
cadeia,dado,Undirected,11.00,-0.0589
cadeia,rede,Undirected,16.00,-0.0423
cadeia,artigos,Undirected,13.00,0.0175
cadeia,projeto,Undirected,12.00,-0.0144
cadeia,inscricao,Undirected,79.00,0.2176
cadeia,spira,Undirected,35.00,-0.0074
cadeia,mapa,Undirected,14.00,0.2221
cadeia,covideiro,Undirected,24.00,0.0170
cadeia,objeto,Undirected,17.00,-0.0041
cadeia,movel,Undirected,4.00,0.0291
cadeia,descreve,Undirected,8.00,0.0632
cadeia,artigo,Undirected,19.00,0.0103
cadeia,laboratorio,Undirected,6.00,-0.0259
cadeia,espectrograma,Undirected,8.00,-0.0351
cadeia,disponivel,Undirected,2.00,-0.0599
cadeia,etapa,Undirected,29.00,0.3193
cadeia,produz,Undirected,5.00,0.0066
cadeia,relatorios,Undirected,2.00,-0.0541
cadeia,vocabulario,Undirected,2.00,-0.0310
cadeia,ponto,Undirected,33.00,0.1902
cadeia,marcelo,Undirected,7.00,-0.0831
cadeia,producao,Undirected,11.00,0.1352
cadeia,topologia,Undirected,4.00,0.0273
cadeia,analise,Undirected,6.00,-0.0289
cadeia,textual,Undirected,13.00,0.2130
cadeia,momento,Undirected,8.00,0.0804
cadeia,resultado,Undirected,8.00,0.0715
cadeia,diferentes,Undirected,10.00,0.1291
cadeia,secao,Undirected,10.00,0.0359
cadeia,condicoes,Undirected,2.00,-0.1687
cadeia,pessoas,Undirected,2.00,-0.0976
cadeia,presenca,Undirected,12.00,0.1994
cadeia,corpos,Undirected,3.00,-0.0012
cadeia,distintos,Undirected,3.00,-0.0172
cadeia,referencia,Undirected,29.00,0.3259
cadeia,corpo,Undirected,11.00,0.0831
cadeia,humano,Undirected,5.00,-0.0236
cadeia,actante,Undirected,13.00,0.0465
cadeia,coeficientes,Undirected,6.00,0.0305
cadeia,pandemico,Undirected,2.00,-0.0767
cadeia,algoritmo,Undirected,4.00,0.0014
cadeia,associacao,Undirected,3.00,-0.0071
cadeia,conjunto,Undirected,7.00,0.0741
cadeia,escolha,Undirected,3.00,-0.0142
cadeia,celular,Undirected,2.00,-0.1338
cadeia,conceito,Undirected,5.00,0.0527
cadeia,respiratoria,Undirected,3.00,-0.1345
cadeia,covid,Undirected,3.00,-0.1021
cadeia,produziu,Undirected,2.00,-0.0627
cadeia,gravacao,Undirected,5.00,0.0590
cadeia,arquivo,Undirected,9.00,0.0503
cadeia,imutavel,Undirected,4.00,0.0460
cadeia,artificial,Undirected,2.00,-0.0448
cadeia,mundo,Undirected,6.00,0.0489
cadeia,tornou,Undirected,6.00,0.0617
cadeia,visivel,Undirected,8.00,0.0946
cadeia,hospital,Undirected,2.00,-0.0407
cadeia,sequencia,Undirected,2.00,-0.0755
cadeia,passo,Undirected,3.00,-0.0111
cadeia,sars,Undirected,3.00,0.0144
cadeia,torna,Undirected,8.00,0.0084
cadeia,sinal,Undirected,4.00,-0.0848
cadeia,virus,Undirected,6.00,-0.0153
cadeia,possivel,Undirected,6.00,0.0354
cadeia,paciente,Undirected,8.00,0.0283
cadeia,tecnociencia,Undirected,2.00,-0.0346
cadeia,existir,Undirected,3.00,-0.0149
cadeia,pratica,Undirected,2.00,-0.1632
cadeia,nenhum,Undirected,5.00,0.0335
cadeia,neural,Undirected,5.00,0.0270
cadeia,processo,Undirected,3.00,-0.0445
cadeia,chega,Undirected,5.00,0.0727
cadeia,leitor,Undirected,3.00,-0.0271
cadeia,termos,Undirected,3.00,-0.0575
cadeia,clinica,Undirected,4.00,0.0042
cadeia,condicao,Undirected,4.00,-0.0653
cadeia,grade,Undirected,5.00,0.0484
cadeia,descricao,Undirected,7.00,0.1014
cadeia,etnografia,Undirected,5.00,0.0170
cadeia,parametros,Undirected,2.00,-0.0660
cadeia,pacientes,Undirected,2.00,-0.1514
cadeia,onda,Undirected,3.00,-0.0029
cadeia,frequencias,Undirected,2.00,-0.0549
cadeia,codigo,Undirected,3.00,-0.0518
cadeia,partir,Undirected,5.00,-0.0692
cadeia,computacional,Undirected,2.00,-0.0802
cadeia,gesto,Undirected,2.00,-0.0667
cadeia,pontos,Undirected,2.00,-0.0182
cadeia,escala,Undirected,3.00,-0.0714
cadeia,carrega,Undirected,2.00,-0.0480
cadeia,ausencia,Undirected,3.00,0.0040
cadeia,movimento,Undirected,2.00,-0.0541
cadeia,aparece,Undirected,3.00,-0.0585
cadeia,campo,Undirected,3.00,-0.0324
padroes,modelo,Undirected,5.00,0.0634
padroes,linguagem,Undirected,2.00,0.1279
padroes,vocabulario,Undirected,2.00,0.1418
padroes,reconhecer,Undirected,13.00,0.3994
padroes,dado,Undirected,7.00,0.0891
padroes,respiratoria,Undirected,7.00,0.1514
padroes,partir,Undirected,3.00,0.0597
padroes,processo,Undirected,2.00,0.0881
padroes,produz,Undirected,8.00,0.2656
padroes,distintos,Undirected,2.00,0.1143
padroes,humano,Undirected,2.00,0.0565
padroes,insuficiencia,Undirected,2.00,0.0088
padroes,metodo,Undirected,2.00,0.1035
padroes,grade,Undirected,5.00,0.2394
padroes,espectrograma,Undirected,4.00,0.0764
padroes,rede,Undirected,3.00,-0.0354
padroes,spira,Undirected,3.00,-0.0908
padroes,objeto,Undirected,2.00,-0.0522
padroes,etapa,Undirected,3.00,0.1809
padroes,escolha,Undirected,2.00,0.1172
padroes,coeficientes,Undirected,3.00,0.1336
padroes,imagem,Undirected,3.00,0.0740
padroes,algoritmo,Undirected,5.00,0.2179
padroes,covid,Undirected,2.00,0.0330
padroes,fala,Undirected,2.00,0.0545
mundo,inscricao,Undirected,3.00,-0.0492
mundo,laboratorio,Undirected,12.00,0.2529
mundo,circular,Undirected,2.00,0.1299
mundo,condicao,Undirected,11.00,0.2298
mundo,metodo,Undirected,2.00,0.0879
mundo,protocolo,Undirected,9.00,0.2227
mundo,produziu,Undirected,4.00,0.1792
mundo,inscrito,Undirected,14.00,0.3830
mundo,objeto,Undirected,5.00,0.0043
mundo,spira,Undirected,10.00,0.0132
mundo,artigo,Undirected,3.00,-0.0274
mundo,celular,Undirected,3.00,0.0682
mundo,latour,Undirected,3.00,0.0686
mundo,informacao,Undirected,2.00,0.1299
mundo,coleta,Undirected,3.00,0.0150
mundo,acao,Undirected,2.00,0.1156
mundo,antiprograma,Undirected,3.00,0.1717
mundo,dispositivo,Undirected,4.00,0.1210
mundo,modelo,Undirected,2.00,-0.0532
mundo,pandemico,Undirected,7.00,0.2417
mundo,artigos,Undirected,2.00,-0.0227
mundo,espectrograma,Undirected,3.00,0.0265
mundo,percurso,Undirected,2.00,0.1001
mundo,referencia,Undirected,2.00,0.1156
mundo,onda,Undirected,3.00,0.1611
mundo,descreve,Undirected,2.00,0.0676
mundo,pessoa,Undirected,2.00,0.1328
mundo,sinal,Undirected,3.00,0.0507
mundo,analise,Undirected,2.00,0.0177
mundo,centro,Undirected,2.00,0.0489
modelo,dado,Undirected,44.00,0.1656
modelo,linguagem,Undirected,9.00,0.1521
modelo,sinal,Undirected,16.00,0.1049
modelo,rede,Undirected,9.00,-0.0894
modelo,algoritmo,Undirected,6.00,0.0684
modelo,computacional,Undirected,14.00,0.1739
modelo,translacao,Undirected,3.00,-0.0241
modelo,artigo,Undirected,33.00,0.0538
modelo,covid,Undirected,8.00,0.0247
modelo,coeficientes,Undirected,10.00,0.0866
modelo,tecnica,Undirected,21.00,0.2623
modelo,marcelo,Undirected,2.00,-0.1848
modelo,escala,Undirected,4.00,-0.0229
modelo,fala,Undirected,3.00,-0.0615
modelo,pacientes,Undirected,4.00,-0.0671
modelo,arquitetura,Undirected,8.00,0.1319
modelo,conjunto,Undirected,7.00,0.0940
modelo,controle,Undirected,6.00,0.1173
modelo,chega,Undirected,6.00,0.1152
modelo,reconhecer,Undirected,6.00,0.0974
modelo,enfermaria,Undirected,2.00,-0.1116
modelo,paciente,Undirected,4.00,-0.0327
modelo,clinica,Undirected,3.00,-0.0090
modelo,termos,Undirected,5.00,0.0167
modelo,spira,Undirected,23.00,-0.0420
modelo,analise,Undirected,7.00,0.0088
modelo,inscricao,Undirected,2.00,-0.2290
modelo,audio,Undirected,6.00,-0.0158
modelo,coleta,Undirected,2.00,-0.1675
modelo,associacao,Undirected,3.00,0.0110
modelo,existir,Undirected,2.00,-0.0390
modelo,voz,Undirected,2.00,-0.0291
modelo,objeto,Undirected,6.00,-0.1059
modelo,covideiro,Undirected,13.00,-0.0416
modelo,carrega,Undirected,3.00,0.0118
modelo,ausencia,Undirected,4.00,0.0550
modelo,antiprograma,Undirected,5.00,0.0858
modelo,forca,Undirected,3.00,0.0376
modelo,diferenca,Undirected,4.00,-0.0021
modelo,processamento,Undirected,4.00,0.0257
modelo,espectrogramas,Undirected,3.00,0.0325
modelo,artigos,Undirected,7.00,-0.0376
modelo,insuficiencia,Undirected,4.00,-0.0806
modelo,respiratoria,Undirected,4.00,-0.0881
modelo,latour,Undirected,2.00,-0.1161
modelo,condicoes,Undirected,5.00,-0.0624
modelo,producao,Undirected,3.00,-0.0063
modelo,partir,Undirected,8.00,0.0039
modelo,treinamento,Undirected,22.00,0.2704
modelo,celular,Undirected,2.00,-0.1165
modelo,repositorio,Undirected,37.00,0.2281
modelo,produz,Undirected,2.00,-0.0717
modelo,produziu,Undirected,2.00,-0.0453
modelo,dispositivo,Undirected,5.00,-0.0049
modelo,acustico,Undirected,4.00,0.0346
modelo,ruido,Undirected,4.00,-0.0597
modelo,acustica,Undirected,7.00,0.1050
modelo,corpo,Undirected,4.00,-0.0206
modelo,pesquisador,Undirected,2.00,-0.0909
modelo,registra,Undirected,3.00,0.0258
modelo,secao,Undirected,2.00,-0.1195
modelo,versao,Undirected,4.00,0.0174
modelo,parametros,Undirected,5.00,0.0511
modelo,entrada,Undirected,4.00,0.0647
modelo,hospital,Undirected,2.00,-0.0234
modelo,aliados,Undirected,2.00,-0.0118
modelo,programa,Undirected,3.00,0.0009
modelo,condicao,Undirected,4.00,-0.0466
modelo,escuta,Undirected,2.00,-0.0208
modelo,lugar,Undirected,2.00,-0.0155
modelo,espectrograma,Undirected,6.00,-0.0480
modelo,observador,Undirected,13.00,0.1997
modelo,neural,Undirected,3.00,-0.0117
modelo,instituicao,Undirected,2.00,-0.0909
modelo,publico,Undirected,3.00,-0.0193
modelo,visivel,Undirected,3.00,-0.0035
modelo,etapa,Undirected,3.00,0.0186
modelo,parte,Undirected,2.00,-0.0208
modelo,virus,Undirected,4.00,-0.0412
modelo,frequencias,Undirected,3.00,0.0047
modelo,percurso,Undirected,2.00,-0.0397
modelo,descricao,Undirected,3.00,0.0186
modelo,pratica,Undirected,3.00,-0.1084
modelo,leitura,Undirected,2.00,-0.0581
modelo,metodo,Undirected,4.00,0.0214
modelo,pesquisa,Undirected,3.00,-0.0235
modelo,acesso,Undirected,3.00,-0.0083
tornou,visivel,Undirected,18.00,0.4319
tornou,latour,Undirected,2.00,0.0350
tornou,maio,Undirected,2.00,0.1451
tornou,pessoas,Undirected,4.00,0.1537
tornou,presenca,Undirected,3.00,0.1954
tornou,coleta,Undirected,4.00,0.0598
tornou,inscricao,Undirected,9.00,0.0925
tornou,rede,Undirected,3.00,-0.0399
tornou,possivel,Undirected,32.00,0.5239
tornou,etapa,Undirected,2.00,0.1269
tornou,dado,Undirected,8.00,0.1016
tornou,condicao,Undirected,4.00,0.1162
tornou,covideiro,Undirected,3.00,-0.0359
tornou,pandemico,Undirected,6.00,0.2321
tornou,diferenca,Undirected,2.00,0.0774
tornou,termos,Undirected,2.00,0.0713
tornou,imutavel,Undirected,3.00,0.1893
tornou,configuracao,Undirected,8.00,0.2568
tornou,ponto,Undirected,5.00,0.1277
tornou,ciencia,Undirected,2.00,0.1393
tornou,escolha,Undirected,2.00,0.1129
tornou,objeto,Undirected,5.00,0.0425
tornou,movel,Undirected,2.00,0.1236
tornou,spira,Undirected,3.00,-0.0953
tornou,pacientes,Undirected,3.00,0.0617
tornou,instituicao,Undirected,2.00,0.0602
tornou,inscrito,Undirected,2.00,0.1261
tornou,forca,Undirected,3.00,0.1954
tornou,espectrograma,Undirected,5.00,0.0717
tornou,arquitetura,Undirected,2.00,0.1204
tornou,audio,Undirected,2.00,0.0233
tornou,laboratorio,Undirected,4.00,0.1115
tornou,marcelo,Undirected,5.00,0.0677
tornou,leitura,Undirected,2.00,0.0930
tornou,artigo,Undirected,2.00,-0.0569
tornou,publico,Undirected,3.00,0.1385
imutavel,produz,Undirected,2.00,0.1095
imutavel,movel,Undirected,75.00,0.8436
imutavel,analise,Undirected,2.00,0.0590
imutavel,objeto,Undirected,4.00,0.0489
imutavel,inscricao,Undirected,2.00,-0.0478
imutavel,referencia,Undirected,3.00,0.2077
imutavel,pratica,Undirected,3.00,0.0807
imutavel,relatorios,Undirected,2.00,0.1444
imutavel,producao,Undirected,3.00,0.1829
imutavel,textual,Undirected,2.00,0.1762
imutavel,arquivo,Undirected,8.00,0.2672
imutavel,covideiro,Undirected,7.00,0.0959
imutavel,configuracao,Undirected,3.00,0.1730
imutavel,possivel,Undirected,2.00,0.1161
imutavel,carrega,Undirected,2.00,0.1505
imutavel,conceito,Undirected,2.00,0.1513
imutavel,latour,Undirected,15.00,0.3214
imutavel,descreve,Undirected,5.00,0.2254
imutavel,artigo,Undirected,2.00,-0.0269
imutavel,centro,Undirected,2.00,0.0903
imutavel,laboratorio,Undirected,2.00,0.0617
imutavel,rede,Undirected,5.00,0.0495
imutavel,ponto,Undirected,4.00,0.0967
imutavel,observador,Undirected,3.00,0.1985
marcelo,rede,Undirected,39.00,0.1135
marcelo,covid,Undirected,4.00,-0.0457
marcelo,espectrograma,Undirected,5.00,-0.0589
marcelo,arquivo,Undirected,4.00,-0.0173
marcelo,paciente,Undirected,3.00,-0.0542
marcelo,pesquisa,Undirected,3.00,-0.0150
marcelo,campo,Undirected,7.00,0.0946
marcelo,pontos,Undirected,2.00,0.0073
marcelo,presenca,Undirected,3.00,0.0461
marcelo,distintas,Undirected,3.00,-0.0095
marcelo,projeto,Undirected,29.00,0.1456
marcelo,computacional,Undirected,2.00,-0.0547
marcelo,linguagem,Undirected,7.00,0.1270
marcelo,condicao,Undirected,4.00,-0.0378
marcelo,partir,Undirected,9.00,0.0282
marcelo,pratica,Undirected,15.00,0.0899
marcelo,tecnociencia,Undirected,3.00,0.0343
marcelo,processo,Undirected,4.00,0.0136
marcelo,respiratoria,Undirected,5.00,-0.0557
marcelo,spira,Undirected,20.00,-0.0495
marcelo,dado,Undirected,10.00,-0.0394
marcelo,processamento,Undirected,2.00,-0.0398
marcelo,covideiro,Undirected,23.00,0.0452
marcelo,saude,Undirected,4.00,0.0610
marcelo,disponivel,Undirected,5.00,0.0669
marcelo,condicoes,Undirected,5.00,-0.0533
marcelo,pandemia,Undirected,2.00,-0.0193
marcelo,associacao,Undirected,3.00,0.0195
marcelo,carrega,Undirected,2.00,-0.0225
marcelo,ponto,Undirected,10.00,0.0533
marcelo,ausencia,Undirected,2.00,-0.0126
marcelo,escolha,Undirected,3.00,0.0125
marcelo,termos,Undirected,2.00,-0.0716
marcelo,diante,Undirected,2.00,-0.0109
marcelo,mapa,Undirected,8.00,0.1692
marcelo,secao,Undirected,8.00,0.0378
marcelo,registra,Undirected,2.00,-0.0091
marcelo,centro,Undirected,12.00,0.1264
marcelo,producao,Undirected,7.00,0.1034
marcelo,fala,Undirected,5.00,0.0024
marcelo,pesquisador,Undirected,14.00,0.1490
marcelo,descreve,Undirected,18.00,0.2120
marcelo,momento,Undirected,4.00,0.0242
marcelo,visivel,Undirected,3.00,0.0051
marcelo,coleta,Undirected,8.00,-0.0182
marcelo,artigo,Undirected,9.00,-0.0522
marcelo,escala,Undirected,3.00,-0.0448
marcelo,parte,Undirected,4.00,0.0638
marcelo,enfermaria,Undirected,5.00,-0.0093
marcelo,aparece,Undirected,4.00,-0.0008
marcelo,instituicao,Undirected,3.00,-0.0425
marcelo,laboratorio,Undirected,18.00,0.1507
marcelo,audio,Undirected,2.00,-0.1197
marcelo,relatorios,Undirected,5.00,0.0733
marcelo,fapesp,Undirected,4.00,0.0236
marcelo,fonoaudiologos,Undirected,11.00,0.1695
marcelo,sistema,Undirected,4.00,-0.0208
marcelo,gesto,Undirected,2.00,-0.0412
marcelo,coeficientes,Undirected,2.00,-0.0614
marcelo,hospitais,Undirected,2.00,-0.0378
marcelo,ciencia,Undirected,2.00,-0.0036
marcelo,aliados,Undirected,3.00,0.0401
marcelo,protocolo,Undirected,3.00,-0.0267
marcelo,medicos,Undirected,2.00,-0.0286
marcelo,ambiente,Undirected,2.00,-0.0135
marcelo,lugar,Undirected,2.00,-0.0073
marcelo,celular,Undirected,5.00,-0.0393
marcelo,pessoas,Undirected,3.00,-0.0314
marcelo,inscricao,Undirected,3.00,-0.1866
marcelo,codigo,Undirected,2.00,-0.0661
marcelo,produz,Undirected,3.00,-0.0224
marcelo,artigos,Undirected,7.00,-0.0282
marcelo,circular,Undirected,2.00,-0.0017
marcelo,arquitetura,Undirected,2.00,-0.0225
marcelo,dispositivo,Undirected,3.00,-0.0513
marcelo,acesso,Undirected,6.00,0.0813
marcelo,etapa,Undirected,3.00,0.0271
marcelo,chega,Undirected,3.00,0.0401
marcelo,nenhum,Undirected,5.00,0.0616
marcelo,possivel,Undirected,2.00,-0.0569
marcelo,contexto,Undirected,2.00,-0.0344
marcelo,virus,Undirected,2.00,-0.1019
publico,dado,Undirected,4.00,-0.0038
publico,treinamento,Undirected,3.00,0.1348
publico,spira,Undirected,20.00,0.1138
publico,maio,Undirected,2.00,0.1265
publico,repositorio,Undirected,24.00,0.4871
publico,saude,Undirected,18.00,0.4361
publico,pandemia,Undirected,7.00,0.2698
publico,covid,Undirected,2.00,0.0100
publico,instituicao,Undirected,3.00,0.0873
publico,sistema,Undirected,3.00,0.0785
publico,projeto,Undirected,6.00,0.0747
publico,descreve,Undirected,2.00,0.0603
publico,artigo,Undirected,6.00,0.0432
publico,hospital,Undirected,2.00,0.1091
publico,partir,Undirected,4.00,0.0690
publico,hospitais,Undirected,2.00,0.0865
publico,secao,Undirected,4.00,0.0914
publico,pacientes,Undirected,5.00,0.1031
publico,possivel,Undirected,3.00,0.1142
publico,relatorios,Undirected,3.00,0.1437
publico,leitor,Undirected,2.00,0.0818
publico,codigo,Undirected,12.00,0.2995
publico,pandemico,Undirected,2.00,0.0732
publico,disponivel,Undirected,3.00,0.1377
publico,controle,Undirected,6.00,0.2668
publico,espectrograma,Undirected,2.00,-0.0239
publico,gravacao,Undirected,2.00,0.1083
publico,centro,Undirected,2.00,0.0416
publico,pesquisa,Undirected,3.00,0.1148
imagem,covideiro,Undirected,6.00,-0.0534
imagem,espectrograma,Undirected,37.00,0.2882
imagem,sistema,Undirected,4.00,0.0419
imagem,celular,Undirected,3.00,-0.0084
imagem,grade,Undirected,7.00,0.1867
imagem,inscricao,Undirected,8.00,-0.0220
imagem,tecnociencia,Undirected,3.00,0.0951
imagem,pessoas,Undirected,6.00,0.1128
imagem,possivel,Undirected,3.00,0.0452
imagem,passo,Undirected,3.00,0.0763
imagem,linguagem,Undirected,3.00,0.0845
imagem,torna,Undirected,13.00,0.1632
imagem,precisamente,Undirected,2.00,0.0527
imagem,espectrogramas,Undirected,4.00,0.1372
imagem,reconhecer,Undirected,5.00,0.1479
imagem,parametros,Undirected,3.00,0.0624
imagem,frequencias,Undirected,2.00,0.0289
imagem,sinal,Undirected,2.00,-0.0668
imagem,humano,Undirected,12.00,0.1881
imagem,rede,Undirected,5.00,-0.0773
imagem,processamento,Undirected,2.00,0.0184
imagem,ponto,Undirected,5.00,0.0340
imagem,gesto,Undirected,2.00,0.0171
imagem,objeto,Undirected,7.00,-0.0131
imagem,arquivo,Undirected,2.00,-0.0297
imagem,paciente,Undirected,3.00,0.0065
imagem,leitura,Undirected,4.00,0.0863
imagem,algoritmo,Undirected,8.00,0.1832
imagem,spira,Undirected,9.00,-0.0737
imagem,carrega,Undirected,3.00,0.0811
imagem,dispositivo,Undirected,4.00,0.0419
imagem,aparece,Undirected,3.00,0.0289
imagem,artigo,Undirected,2.00,-0.1417
imagem,sequencia,Undirected,3.00,0.0525
imagem,visivel,Undirected,2.00,0.0211
imagem,secao,Undirected,3.00,-0.0116
imagem,etnografia,Undirected,5.00,0.1095
imagem,pandemia,Undirected,2.00,0.0389
imagem,virus,Undirected,8.00,0.1167
imagem,corpos,Undirected,3.00,0.0862
imagem,acustica,Undirected,3.00,0.0914
imagem,distintos,Undirected,3.00,0.0702
imagem,presenca,Undirected,2.00,0.0604
imagem,analise,Undirected,5.00,0.0433
imagem,pesquisador,Undirected,3.00,0.0183
imagem,laboratorio,Undirected,2.00,-0.0531
imagem,pesquisa,Undirected,3.00,0.0458
imagem,codigo,Undirected,2.00,-0.0079
imagem,termos,Undirected,3.00,0.0299
instituicao,pesquisador,Undirected,7.00,0.1620
instituicao,artigos,Undirected,3.00,-0.0192
instituicao,acesso,Undirected,4.00,0.1335
instituicao,inscricao,Undirected,3.00,-0.0886
instituicao,centro,Undirected,17.00,0.2993
instituicao,existir,Undirected,3.00,0.1097
instituicao,humano,Undirected,4.00,0.0471
instituicao,saude,Undirected,3.00,0.1260
instituicao,sistema,Undirected,2.00,0.0027
instituicao,escuta,Undirected,2.00,0.0813
instituicao,deixa,Undirected,3.00,0.1324
instituicao,objeto,Undirected,2.00,-0.1056
instituicao,rede,Undirected,11.00,0.0576
instituicao,passo,Undirected,2.00,0.0668
instituicao,covideiro,Undirected,5.00,-0.0337
instituicao,aliados,Undirected,5.00,0.2047
instituicao,projeto,Undirected,10.00,0.1065
instituicao,contexto,Undirected,3.00,0.1060
instituicao,laboratorio,Undirected,4.00,0.0586
instituicao,distintas,Undirected,3.00,0.0885
instituicao,spira,Undirected,23.00,0.0947
instituicao,registra,Undirected,2.00,0.0848
instituicao,coleta,Undirected,4.00,0.0069
instituicao,relatorios,Undirected,9.00,0.2620
instituicao,carrega,Undirected,2.00,0.0714
instituicao,corpos,Undirected,3.00,0.1234
instituicao,configuracao,Undirected,2.00,0.0446
instituicao,condicao,Undirected,2.00,-0.0130
instituicao,fapesp,Undirected,3.00,0.0897
instituicao,forca,Undirected,4.00,0.1809
instituicao,entrada,Undirected,3.00,0.1381
instituicao,aparece,Undirected,2.00,0.0213
instituicao,arquivo,Undirected,3.00,0.0502
instituicao,observador,Undirected,2.00,0.0690
instituicao,arquitetura,Undirected,3.00,0.1184
subsecao,covid,Undirected,2.00,0.0497
subsecao,associacao,Undirected,3.00,0.1907
subsecao,movimento,Undirected,4.00,0.2232
subsecao,parte,Undirected,3.00,0.2019
subsecao,spira,Undirected,4.00,-0.0436
subsecao,tecnica,Undirected,2.00,0.1269
subsecao,percurso,Undirected,2.00,0.1325
subsecao,covideiro,Undirected,3.00,-0.0139
subsecao,analise,Undirected,2.00,0.0500
subsecao,latour,Undirected,3.00,0.1024
subsecao,actante,Undirected,2.00,0.0330
subsecao,ponto,Undirected,2.00,0.0416
subsecao,acao,Undirected,3.00,0.1983
subsecao,pessoas,Undirected,5.00,0.2064
subsecao,inscricao,Undirected,9.00,0.1174
subsecao,voz,Undirected,3.00,0.1932
subsecao,coleta,Undirected,2.00,0.0047
subsecao,partir,Undirected,3.00,0.0772
subsecao,dado,Undirected,4.00,0.0390
subsecao,produziu,Undirected,3.00,0.1763
subsecao,artigos,Undirected,2.00,0.0096
subsecao,observador,Undirected,4.00,0.2273
subsecao,condicoes,Undirected,2.00,0.0208
subsecao,producao,Undirected,3.00,0.1735
subsecao,coeficientes,Undirected,3.00,0.1510
subsecao,versao,Undirected,2.00,0.1165
subsecao,computacional,Undirected,2.00,0.1093
subsecao,artigo,Undirected,2.00,-0.0359
subsecao,argumento,Undirected,2.00,0.1190
passo,descreve,Undirected,10.00,0.2676
passo,argumento,Undirected,3.00,0.1529
passo,spira,Undirected,4.00,-0.0592
passo,objeto,Undirected,6.00,0.0721
passo,rede,Undirected,2.00,-0.0737
passo,artigo,Undirected,2.00,-0.0504
passo,termos,Undirected,3.00,0.1252
passo,projeto,Undirected,4.00,0.0205
passo,corpo,Undirected,5.00,0.1787
passo,actante,Undirected,2.00,0.0185
passo,latour,Undirected,7.00,0.1508
passo,mapa,Undirected,3.00,0.2012
passo,pratica,Undirected,2.00,0.0118
passo,arquivo,Undirected,5.00,0.1082
passo,movel,Undirected,3.00,0.1302
passo,condicoes,Undirected,2.00,0.0063
passo,virus,Undirected,2.00,0.0476
passo,microfone,Undirected,3.00,0.1556
passo,inscricao,Undirected,3.00,-0.0305
passo,processo,Undirected,4.00,0.1747
passo,producao,Undirected,3.00,0.1584
passo,fapesp,Undirected,3.00,0.1478
passo,treinamento,Undirected,3.00,0.1612
passo,sequencia,Undirected,2.00,0.0996
passo,frequencias,Undirected,3.00,0.1693
passo,dado,Undirected,2.00,-0.0501
passo,parametros,Undirected,3.00,0.1577
circular,acesso,Undirected,2.00,0.1331
circular,artigos,Undirected,2.00,0.0206
circular,laboratorio,Undirected,7.00,0.2223
circular,centro,Undirected,6.00,0.2325
circular,dispositivo,Undirected,3.00,0.1313
circular,inscricao,Undirected,4.00,0.0280
circular,descreve,Undirected,3.00,0.1596
circular,artigo,Undirected,13.00,0.2097
circular,covideiro,Undirected,12.00,0.1734
circular,pandemico,Undirected,2.00,0.1238
circular,fapesp,Undirected,2.00,0.1250
circular,hospital,Undirected,3.00,0.2106
circular,repositorio,Undirected,3.00,0.1548
circular,pratica,Undirected,2.00,0.0372
circular,inscrito,Undirected,2.00,0.1580
circular,arquivo,Undirected,4.00,0.1712
circular,rede,Undirected,3.00,-0.0065
circular,partir,Undirected,2.00,0.0428
circular,spira,Undirected,6.00,0.0141
circular,resultado,Undirected,3.00,0.1670
circular,existir,Undirected,3.00,0.1943
circular,topologia,Undirected,2.00,0.1540
circular,objeto,Undirected,5.00,0.0778
circular,grade,Undirected,2.00,0.1493
circular,coeficientes,Undirected,3.00,0.1624
circular,voz,Undirected,2.00,0.1540
circular,espectrogramas,Undirected,3.00,0.2237
circular,diferentes,Undirected,3.00,0.1913
circular,movel,Undirected,3.00,0.2063
circular,campo,Undirected,2.00,0.1274
sars,actante,Undirected,4.00,0.1237
sars,circula,Undirected,2.00,0.1639
sars,inscricao,Undirected,3.00,-0.0050
sars,virus,Undirected,23.00,0.4080
sars,tecnica,Undirected,2.00,0.1368
sars,sistema,Undirected,3.00,0.1303
sars,celular,Undirected,3.00,0.1124
sars,artificial,Undirected,3.00,0.2053
sars,ausencia,Undirected,2.00,0.1613
sars,aparece,Undirected,2.00,0.1014
sars,computacional,Undirected,2.00,0.1193
sars,pacientes,Undirected,2.00,0.0480
sars,contexto,Undirected,3.00,0.1896
respiratoria,projeto,Undirected,3.00,-0.1030
respiratoria,insuficiencia,Undirected,288.00,0.8410
respiratoria,analise,Undirected,8.00,0.0712
respiratoria,audio,Undirected,4.00,-0.0179
respiratoria,fala,Undirected,4.00,0.0111
respiratoria,spira,Undirected,22.00,0.0046
respiratoria,dado,Undirected,9.00,-0.0148
respiratoria,dispositivo,Undirected,3.00,-0.0187
respiratoria,pacientes,Undirected,15.00,0.1443
respiratoria,controle,Undirected,3.00,0.0747
respiratoria,versao,Undirected,12.00,0.2081
respiratoria,acustica,Undirected,12.00,0.2509
respiratoria,computacional,Undirected,3.00,0.0194
respiratoria,covid,Undirected,34.00,0.2981
respiratoria,covideiro,Undirected,9.00,-0.0382
respiratoria,celular,Undirected,4.00,-0.0056
respiratoria,condicoes,Undirected,4.00,-0.0432
respiratoria,actante,Undirected,2.00,-0.0998
respiratoria,artigo,Undirected,6.00,-0.0619
respiratoria,partir,Undirected,4.00,-0.0313
respiratoria,sistema,Undirected,6.00,0.0609
respiratoria,existir,Undirected,3.00,0.0443
respiratoria,inscrito,Undirected,3.00,0.0589
respiratoria,clinica,Undirected,2.00,-0.0112
respiratoria,condicao,Undirected,12.00,0.1351
respiratoria,escuta,Undirected,3.00,0.0633
respiratoria,rede,Undirected,22.00,0.0753
respiratoria,distintas,Undirected,2.00,-0.0199
respiratoria,pandemico,Undirected,2.00,-0.0199
respiratoria,coleta,Undirected,5.00,-0.0366
respiratoria,paciente,Undirected,12.00,0.1510
respiratoria,termos,Undirected,4.00,0.0339
respiratoria,frequencia,Undirected,15.00,0.2060
respiratoria,presenca,Undirected,2.00,0.0334
respiratoria,diferentes,Undirected,3.00,0.0413
respiratoria,hospitais,Undirected,6.00,0.1211
respiratoria,resultado,Undirected,2.00,-0.0257
respiratoria,inscricao,Undirected,3.00,-0.1540
respiratoria,virus,Undirected,2.00,-0.0707
respiratoria,produz,Undirected,4.00,0.0427
respiratoria,pesquisador,Undirected,3.00,-0.0099
respiratoria,sinal,Undirected,5.00,0.0013
respiratoria,ambiente,Undirected,5.00,0.1245
respiratoria,artigos,Undirected,4.00,-0.0552
respiratoria,gravacao,Undirected,2.00,0.0152
respiratoria,produziu,Undirected,4.00,0.0710
respiratoria,reconhecer,Undirected,6.00,0.1419
respiratoria,movel,Undirected,2.00,0.0119
respiratoria,objeto,Undirected,3.00,-0.1318
respiratoria,corpo,Undirected,2.00,-0.0515
respiratoria,onda,Undirected,3.00,0.0563
respiratoria,neural,Undirected,6.00,0.1129
respiratoria,espectrograma,Undirected,5.00,-0.0243
respiratoria,parametros,Undirected,2.00,-0.0093
respiratoria,humano,Undirected,2.00,-0.0595
respiratoria,secao,Undirected,2.00,-0.0801
respiratoria,corpos,Undirected,2.00,0.0135
respiratoria,distintos,Undirected,2.00,-0.0017
enfermaria,ruido,Undirected,62.00,0.4815
enfermaria,fala,Undirected,4.00,0.0564
enfermaria,dado,Undirected,8.00,0.0202
enfermaria,covid,Undirected,24.00,0.2916
enfermaria,artigos,Undirected,3.00,-0.0408
enfermaria,celular,Undirected,4.00,0.0397
enfermaria,algoritmo,Undirected,2.00,0.0282
enfermaria,coeficientes,Undirected,2.00,0.0119
enfermaria,protocolo,Undirected,3.00,0.0497
enfermaria,chega,Undirected,3.00,0.1166
enfermaria,parte,Undirected,4.00,0.1427
enfermaria,audio,Undirected,3.00,-0.0046
enfermaria,lugar,Undirected,4.00,0.1484
enfermaria,reconhecer,Undirected,3.00,0.1002
enfermaria,covideiro,Undirected,11.00,0.0371
enfermaria,resultado,Undirected,3.00,0.0609
enfermaria,artigo,Undirected,4.00,-0.0591
enfermaria,treinamento,Undirected,13.00,0.2855
enfermaria,maio,Undirected,11.00,0.3062
enfermaria,ambiente,Undirected,2.00,0.0598
enfermaria,acustico,Undirected,3.00,0.0874
enfermaria,frequencias,Undirected,2.00,0.0439
enfermaria,voz,Undirected,9.00,0.2466
enfermaria,laboratorio,Undirected,2.00,-0.0381
enfermaria,distintas,Undirected,2.00,0.0221
enfermaria,artificial,Undirected,9.00,0.2486
enfermaria,pacientes,Undirected,7.00,0.0887
enfermaria,controle,Undirected,4.00,0.1545
enfermaria,registra,Undirected,2.00,0.0641
enfermaria,coleta,Undirected,8.00,0.0314
enfermaria,condicoes,Undirected,4.00,0.0020
enfermaria,contexto,Undirected,2.00,0.0389
enfermaria,torna,Undirected,3.00,0.0045
enfermaria,spira,Undirected,2.00,-0.2031
enfermaria,paciente,Undirected,2.00,-0.0207
enfermaria,arquivo,Undirected,3.00,0.0286
enfermaria,actante,Undirected,3.00,-0.0164
enfermaria,escuta,Undirected,2.00,0.0606
enfermaria,deixa,Undirected,3.00,0.1108
enfermaria,conjunto,Undirected,2.00,0.0334
enfermaria,fonoaudiologos,Undirected,2.00,0.0361
enfermaria,grade,Undirected,2.00,0.0476
enfermaria,virus,Undirected,2.00,-0.0287
enfermaria,repositorio,Undirected,3.00,0.0993
enfermaria,acesso,Undirected,2.00,0.0315
associacao,rede,Undirected,19.00,0.2132
associacao,pesquisa,Undirected,4.00,0.1819
associacao,spira,Undirected,8.00,0.0242
associacao,pesquisador,Undirected,4.00,0.1535
associacao,pacientes,Undirected,3.00,0.0725
associacao,ponto,Undirected,2.00,0.0309
associacao,translacao,Undirected,6.00,0.2373
associacao,latour,Undirected,3.00,0.0912
associacao,resultado,Undirected,3.00,0.1445
associacao,pontos,Undirected,2.00,0.1606
associacao,inscricao,Undirected,3.00,-0.0265
associacao,ator,Undirected,3.00,0.1944
associacao,entrada,Undirected,3.00,0.2001
associacao,partir,Undirected,6.00,0.1524
associacao,covideiro,Undirected,2.00,-0.0660
associacao,campo,Undirected,3.00,0.1543
associacao,diante,Undirected,5.00,0.1925
associacao,precisamente,Undirected,3.00,0.1982
associacao,momento,Undirected,3.00,0.1524
associacao,existir,Undirected,3.00,0.1718
associacao,objeto,Undirected,2.00,-0.0461
associacao,ausencia,Undirected,3.00,0.1907
associacao,aliados,Undirected,3.00,0.2001
associacao,actante,Undirected,5.00,0.1296
associacao,termos,Undirected,2.00,0.0817
associacao,torna,Undirected,2.00,0.0423
pandemia,audio,Undirected,2.00,0.0376
pandemia,covid,Undirected,21.00,0.3791
pandemia,spira,Undirected,5.00,-0.0266
pandemia,onda,Undirected,9.00,0.3481
pandemia,fapesp,Undirected,2.00,0.1074
pandemia,celular,Undirected,2.00,0.0490
pandemia,saude,Undirected,3.00,0.1922
pandemia,covideiro,Undirected,6.00,0.0584
pandemia,dado,Undirected,3.00,-0.0003
pandemia,conjunto,Undirected,2.00,0.1175
pandemia,projeto,Undirected,4.00,0.0616
pandemia,momento,Undirected,3.00,0.1566
pandemia,possivel,Undirected,2.00,0.1004
pandemia,condicao,Undirected,5.00,0.1606
pandemia,pacientes,Undirected,4.00,0.1112
pandemia,lugar,Undirected,2.00,0.1500
pandemia,condicoes,Undirected,2.00,0.0141
pandemia,produziu,Undirected,6.00,0.2641
pandemia,artigos,Undirected,3.00,0.0469
pandemia,ponto,Undirected,3.00,0.0803
pandemia,ausencia,Undirected,3.00,0.1949
pandemia,pessoas,Undirected,3.00,0.1328
pandemia,versao,Undirected,2.00,0.1098
pandemia,escolha,Undirected,3.00,0.1767
pandemia,pesquisa,Undirected,2.00,0.1009
pandemia,campo,Undirected,3.00,0.1585
relatorios,presenca,Undirected,2.00,0.1502
relatorios,partir,Undirected,6.00,0.1464
relatorios,versao,Undirected,4.00,0.1857
relatorios,spira,Undirected,9.00,0.0327
relatorios,artigos,Undirected,12.00,0.2203
relatorios,lugar,Undirected,3.00,0.1907
relatorios,existir,Undirected,3.00,0.1662
relatorios,artigo,Undirected,5.00,0.0476
relatorios,etnografia,Undirected,2.00,0.0939
relatorios,projeto,Undirected,6.00,0.1015
relatorios,fapesp,Undirected,2.00,0.0981
relatorios,precisamente,Undirected,3.00,0.1926
relatorios,pratica,Undirected,3.00,0.0547
relatorios,arquitetura,Undirected,3.00,0.1749
relatorios,pesquisa,Undirected,3.00,0.1395
relatorios,dispositivo,Undirected,2.00,0.0569
relatorios,rede,Undirected,2.00,-0.0752
relatorios,aparece,Undirected,9.00,0.2359
relatorios,centro,Undirected,5.00,0.1771
relatorios,producao,Undirected,4.00,0.1940
relatorios,saude,Undirected,3.00,0.1825
relatorios,resultado,Undirected,6.00,0.2313
relatorios,covideiro,Undirected,7.00,0.0672
relatorios,processo,Undirected,3.00,0.1366
relatorios,metodo,Undirected,2.00,0.1043
relatorios,ausencia,Undirected,2.00,0.1354
relatorios,sequencia,Undirected,3.00,0.1462
dispositivo,movimento,Undirected,4.00,0.1386
dispositivo,translacao,Undirected,3.00,0.0736
dispositivo,inscricao,Undirected,44.00,0.2723
dispositivo,processamento,Undirected,3.00,0.0915
dispositivo,movel,Undirected,3.00,0.1129
dispositivo,arquitetura,Undirected,4.00,0.1452
dispositivo,spira,Undirected,12.00,-0.0063
dispositivo,condicao,Undirected,3.00,0.0215
dispositivo,pratica,Undirected,5.00,0.0472
dispositivo,programa,Undirected,4.00,0.1340
dispositivo,inscrito,Undirected,11.00,0.2979
dispositivo,antiprograma,Undirected,2.00,0.0763
dispositivo,resultado,Undirected,5.00,0.1364
dispositivo,produz,Undirected,2.00,0.0220
dispositivo,artigo,Undirected,4.00,-0.0459
dispositivo,referencia,Undirected,2.00,0.0694
dispositivo,actante,Undirected,5.00,0.0546
dispositivo,sinal,Undirected,8.00,0.1216
dispositivo,acao,Undirected,4.00,0.1522
dispositivo,celular,Undirected,2.00,-0.0228
dispositivo,algoritmo,Undirected,2.00,0.0405
dispositivo,termos,Undirected,3.00,0.0583
dispositivo,processo,Undirected,5.00,0.1340
dispositivo,objeto,Undirected,5.00,-0.0210
dispositivo,contexto,Undirected,3.00,0.0972
dispositivo,artigos,Undirected,3.00,-0.0280
dispositivo,covideiro,Undirected,7.00,-0.0226
dispositivo,pandemico,Undirected,3.00,0.0797
dispositivo,distintas,Undirected,2.00,0.0343
dispositivo,coleta,Undirected,15.00,0.1706
dispositivo,paciente,Undirected,7.00,0.1394
dispositivo,sistema,Undirected,5.00,0.0986
dispositivo,virus,Undirected,2.00,-0.0165
dispositivo,fala,Undirected,3.00,0.0362
dispositivo,acustico,Undirected,3.00,0.1002
dispositivo,campo,Undirected,5.00,0.1469
dispositivo,aliados,Undirected,3.00,0.1293
dispositivo,possivel,Undirected,2.00,0.0285
dispositivo,centro,Undirected,3.00,0.0467
dispositivo,pacientes,Undirected,2.00,-0.0405
dispositivo,corpos,Undirected,2.00,0.0678
dispositivo,textual,Undirected,2.00,0.0887
dispositivo,acustica,Undirected,2.00,0.0728
dispositivo,padrao,Undirected,2.00,0.0737
dispositivo,corpo,Undirected,2.00,0.0027
dispositivo,espectrograma,Undirected,2.00,-0.0628
dispositivo,percurso,Undirected,3.00,0.1002
dispositivo,microfone,Undirected,3.00,0.0888
dispositivo,codigo,Undirected,2.00,0.0194
dispositivo,produziu,Undirected,3.00,0.0943
dispositivo,sequencia,Undirected,2.00,0.0355
dispositivo,etnografia,Undirected,3.00,0.0766
gesto,condicoes,Undirected,3.00,0.0358
gesto,rede,Undirected,2.00,-0.0877
gesto,neural,Undirected,3.00,0.1383
gesto,secao,Undirected,6.00,0.1557
gesto,etnografia,Undirected,4.00,0.1651
gesto,inscricao,Undirected,21.00,0.2014
gesto,torna,Undirected,6.00,0.1561
gesto,covideiro,Undirected,3.00,-0.0437
gesto,arquivo,Undirected,5.00,0.1575
gesto,deixa,Undirected,5.00,0.2445
gesto,termo,Undirected,5.00,0.2486
gesto,spira,Undirected,4.00,-0.0743
gesto,projeto,Undirected,2.00,-0.0364
gesto,descreve,Undirected,3.00,0.1185
gesto,algoritmo,Undirected,3.00,0.1383
gesto,insuficiencia,Undirected,2.00,-0.0030
gesto,ruido,Undirected,5.00,0.1231
gesto,termos,Undirected,5.00,0.1462
gesto,processo,Undirected,2.00,0.0763
gesto,possivel,Undirected,3.00,0.1258
gesto,momento,Undirected,2.00,0.0861
gesto,existir,Undirected,3.00,0.1531
gesto,objeto,Undirected,10.00,0.1088
gesto,treinamento,Undirected,6.00,0.2395
gesto,lugar,Undirected,2.00,0.1282
gesto,observador,Undirected,3.00,0.1593
gesto,escolha,Undirected,2.00,0.1054
gesto,actante,Undirected,2.00,0.0045
gesto,codigo,Undirected,2.00,0.0694
gesto,partir,Undirected,2.00,0.0034
gesto,visivel,Undirected,2.00,0.0983
gesto,conceito,Undirected,2.00,0.1137
frequencias,sinal,Undirected,14.00,0.2805
frequencias,audio,Undirected,5.00,0.1354
frequencias,humano,Undirected,8.00,0.2338
frequencias,acustico,Undirected,3.00,0.1647
frequencias,inscricao,Undirected,3.00,-0.0328
frequencias,configuracao,Undirected,2.00,0.0979
frequencias,insuficiencia,Undirected,2.00,0.0088
frequencias,padrao,Undirected,3.00,0.1853
frequencias,presenca,Undirected,4.00,0.2384
frequencias,espectrograma,Undirected,5.00,0.1039
frequencias,dado,Undirected,3.00,-0.0108
frequencias,grade,Undirected,2.00,0.1217
frequencias,coeficientes,Undirected,3.00,0.1336
frequencias,escala,Undirected,11.00,0.2903
frequencias,diferentes,Undirected,3.00,0.1625
frequencias,diferenca,Undirected,2.00,0.0817
frequencias,percurso,Undirected,2.00,0.1157
frequencias,ruido,Undirected,5.00,0.1078
frequencias,algoritmo,Undirected,6.00,0.2439
frequencias,corpo,Undirected,2.00,0.0645
frequencias,virus,Undirected,4.00,0.1263
frequencias,microfone,Undirected,2.00,0.1048
frequencias,termo,Undirected,2.00,0.1418
saude,disponivel,Undirected,3.00,0.1765
saude,artificial,Undirected,2.00,0.1421
saude,sistema,Undirected,10.00,0.2845
saude,acesso,Undirected,7.00,0.2867
saude,pesquisa,Undirected,20.00,0.4309
saude,resultado,Undirected,3.00,0.1529
saude,centro,Undirected,5.00,0.1919
saude,ruido,Undirected,6.00,0.1763
saude,presenca,Undirected,3.00,0.2147
saude,diferenca,Undirected,3.00,0.1439
saude,acustica,Undirected,2.00,0.1488
saude,artigo,Undirected,2.00,-0.0385
saude,termos,Undirected,2.00,0.0898
saude,parte,Undirected,2.00,0.1488
diante,aparece,Undirected,8.00,0.2765
diante,pessoa,Undirected,7.00,0.3410
diante,celular,Undirected,3.00,0.1038
diante,sistema,Undirected,3.00,0.1217
diante,paciente,Undirected,7.00,0.2317
diante,protocolo,Undirected,5.00,0.2133
diante,coleta,Undirected,6.00,0.1358
diante,arquivo,Undirected,3.00,0.1251
diante,circula,Undirected,2.00,0.1557
diante,spira,Undirected,4.00,-0.0716
diante,parametros,Undirected,6.00,0.2123
diante,codigo,Undirected,4.00,0.1479
diante,espectrograma,Undirected,3.00,0.0621
diante,inscricao,Undirected,3.00,-0.0136
diante,linguagem,Undirected,3.00,0.1967
diante,leitor,Undirected,2.00,0.1233
diante,artigo,Undirected,2.00,-0.0342
diante,covideiro,Undirected,2.00,-0.0536
diante,microfone,Undirected,30.00,0.5615
diante,corpo,Undirected,6.00,0.2221
diante,contexto,Undirected,2.00,0.1314
diante,humano,Undirected,2.00,0.0750
diante,pessoas,Undirected,4.00,0.1783
diante,maio,Undirected,6.00,0.3180
diante,algoritmo,Undirected,2.00,0.1207
diante,grade,Undirected,3.00,0.1901
diante,projeto,Undirected,2.00,-0.0062
arquivo,espectrograma,Undirected,17.00,0.1989
arquivo,paciente,Undirected,31.00,0.3895
arquivo,covideiro,Undirected,15.00,0.0989
arquivo,gravacao,Undirected,9.00,0.2708
arquivo,existir,Undirected,7.00,0.2158
arquivo,spira,Undirected,8.00,-0.0513
arquivo,centro,Undirected,5.00,0.1116
arquivo,deixa,Undirected,2.00,0.0796
arquivo,artigo,Undirected,4.00,-0.0424
arquivo,rede,Undirected,2.00,-0.1344
arquivo,movel,Undirected,7.00,0.2290
arquivo,repositorio,Undirected,7.00,0.2281
arquivo,maio,Undirected,5.00,0.2054
arquivo,objeto,Undirected,2.00,-0.1107
arquivo,partir,Undirected,14.00,0.1983
arquivo,audio,Undirected,27.00,0.3052
arquivo,sequencia,Undirected,5.00,0.1478
arquivo,torna,Undirected,3.00,0.0206
arquivo,inscrito,Undirected,6.00,0.2096
arquivo,ruido,Undirected,4.00,0.0448
arquivo,coleta,Undirected,3.00,-0.0298
arquivo,circula,Undirected,6.00,0.2173
arquivo,hospital,Undirected,4.00,0.1566
arquivo,parte,Undirected,5.00,0.1890
arquivo,resultado,Undirected,2.00,0.0318
arquivo,processamento,Undirected,2.00,0.0489
arquivo,secao,Undirected,2.00,-0.0226
arquivo,precisamente,Undirected,6.00,0.2225
arquivo,inscricao,Undirected,4.00,-0.0648
arquivo,carrega,Undirected,6.00,0.2032
arquivo,condicao,Undirected,5.00,0.0849
arquivo,aparece,Undirected,2.00,0.0162
arquivo,percurso,Undirected,2.00,0.0572
arquivo,artigos,Undirected,2.00,-0.0656
arquivo,onda,Undirected,6.00,0.2068
arquivo,insuficiencia,Undirected,4.00,0.0239
arquivo,pessoas,Undirected,2.00,0.0166
arquivo,voz,Undirected,3.00,0.1147
arquivo,coeficientes,Undirected,4.00,0.1069
arquivo,presenca,Undirected,2.00,0.0909
arquivo,humano,Undirected,2.00,-0.0020
arquivo,produz,Undirected,2.00,0.0253
arquivo,versao,Undirected,2.00,0.0412
arquivo,termo,Undirected,2.00,0.0833
ciencia,argumento,Undirected,2.00,0.1280
ciencia,leitura,Undirected,4.00,0.2100
ciencia,artigo,Undirected,7.00,0.0981
ciencia,laboratorio,Undirected,4.00,0.1082
ciencia,metodo,Undirected,2.00,0.1293
ciencia,acao,Undirected,6.00,0.3056
ciencia,latour,Undirected,2.00,0.0651
ciencia,secao,Undirected,2.00,0.0617
ciencia,visivel,Undirected,3.00,0.1857
ciencia,codigo,Undirected,2.00,0.1069
ciencia,leitor,Undirected,3.00,0.1801
ciencia,spira,Undirected,3.00,-0.0640
ciencia,pesquisador,Undirected,3.00,0.1381
ciencia,humano,Undirected,3.00,0.1297
ciencia,pratica,Undirected,3.00,0.0807
ciencia,dado,Undirected,3.00,0.0161
ciencia,programa,Undirected,2.00,0.1400
ciencia,descreve,Undirected,2.00,0.1090
inscricao,artigos,Undirected,8.00,-0.0640
inscricao,pesquisa,Undirected,4.00,-0.0309
inscricao,escuta,Undirected,2.00,-0.0568
inscricao,dado,Undirected,5.00,-0.1644
inscricao,produz,Undirected,12.00,0.0959
inscricao,deixa,Undirected,3.00,-0.0117
inscricao,projeto,Undirected,10.00,-0.0591
inscricao,spira,Undirected,40.00,-0.0145
inscricao,condicao,Undirected,15.00,0.0730
inscricao,sistema,Undirected,9.00,0.0244
inscricao,metodo,Undirected,5.00,0.0078
inscricao,rede,Undirected,19.00,-0.0443
inscricao,argumento,Undirected,7.00,0.0468
inscricao,objeto,Undirected,15.00,-0.0616
inscricao,percurso,Undirected,8.00,0.0794
inscricao,translacao,Undirected,5.00,-0.0068
inscricao,movel,Undirected,3.00,-0.0224
inscricao,referencia,Undirected,6.00,0.0606
inscricao,antiprograma,Undirected,9.00,0.1216
inscricao,secao,Undirected,19.00,0.1015
inscricao,vocabulario,Undirected,5.00,0.0501
inscricao,tecnociencia,Undirected,39.00,0.3516
inscricao,descreve,Undirected,3.00,-0.0690
inscricao,coleta,Undirected,3.00,-0.1685
inscricao,fonoaudiologos,Undirected,23.00,0.2301
inscricao,partir,Undirected,10.00,-0.0113
inscricao,torna,Undirected,5.00,-0.0665
inscricao,covideiro,Undirected,21.00,-0.0262
inscricao,pratica,Undirected,5.00,-0.0960
inscricao,informacao,Undirected,2.00,-0.0459
inscricao,artigo,Undirected,14.00,-0.0531
inscricao,aliados,Undirected,7.00,0.0943
inscricao,termos,Undirected,11.00,0.0740
inscricao,registra,Undirected,3.00,-0.0117
inscricao,resultado,Undirected,7.00,0.0330
inscricao,clinica,Undirected,4.00,-0.0159
inscricao,laboratorio,Undirected,9.00,0.0005
inscricao,coeficientes,Undirected,3.00,-0.0662
inscricao,diferentes,Undirected,3.00,-0.0374
inscricao,acesso,Undirected,4.00,-0.0152
inscricao,centro,Undirected,2.00,-0.1269
inscricao,fapesp,Undirected,3.00,-0.0543
inscricao,presenca,Undirected,10.00,0.1498
inscricao,distintas,Undirected,3.00,-0.0556
inscricao,condicoes,Undirected,5.00,-0.1021
inscricao,pandemico,Undirected,5.00,-0.0004
inscricao,corpo,Undirected,7.00,0.0034
inscricao,conjunto,Undirected,10.00,0.0994
inscricao,humano,Undirected,4.00,-0.0679
inscricao,termo,Undirected,3.00,-0.0079
inscricao,programa,Undirected,3.00,-0.0366
inscricao,acao,Undirected,2.00,-0.0602
inscricao,ambiente,Undirected,5.00,0.0412
inscricao,sinal,Undirected,10.00,-0.0029
inscricao,actante,Undirected,24.00,0.1110
inscricao,celular,Undirected,6.00,-0.0435
inscricao,configuracao,Undirected,4.00,-0.0233
inscricao,possivel,Undirected,3.00,-0.0616
inscricao,algoritmo,Undirected,9.00,0.0791
inscricao,processo,Undirected,7.00,0.0305
inscricao,reconhecer,Undirected,4.00,0.0090
inscricao,escolha,Undirected,11.00,0.1244
inscricao,voz,Undirected,2.00,-0.0651
inscricao,audio,Undirected,7.00,-0.0760
inscricao,descricao,Undirected,3.00,-0.0189
inscricao,contexto,Undirected,4.00,-0.0072
inscricao,arquitetura,Undirected,2.00,-0.0667
inscricao,insuficiencia,Undirected,5.00,-0.0968
inscricao,acustica,Undirected,7.00,0.0840
inscricao,analise,Undirected,11.00,0.0226
inscricao,ruido,Undirected,5.00,-0.0754
inscricao,etapa,Undirected,2.00,-0.0602
inscricao,gravacao,Undirected,3.00,-0.0189
inscricao,momento,Undirected,13.00,0.1247
inscricao,paciente,Undirected,3.00,-0.1003
inscricao,latour,Undirected,5.00,-0.0631
inscricao,precisamente,Undirected,8.00,0.1098
inscricao,parte,Undirected,4.00,0.0162
inscricao,circula,Undirected,3.00,-0.0127
inscricao,sequencia,Undirected,3.00,-0.0543
inscricao,fala,Undirected,4.00,-0.0701
inscricao,ausencia,Undirected,2.00,-0.0568
inscricao,movimento,Undirected,7.00,0.0656
inscricao,diferenca,Undirected,2.00,-0.1097
inscricao,inscrito,Undirected,3.00,-0.0198
inscricao,acustico,Undirected,7.00,0.0622
inscricao,neural,Undirected,2.00,-0.0891
inscricao,ponto,Undirected,2.00,-0.1665
inscricao,producao,Undirected,6.00,0.0337
inscricao,linguagem,Undirected,2.00,-0.0635
inscricao,tecnica,Undirected,3.00,-0.0410
inscricao,observador,Undirected,2.00,-0.0690
inscricao,computacional,Undirected,5.00,-0.0042
inscricao,distintos,Undirected,3.00,-0.0366
inscricao,leitura,Undirected,3.00,-0.0543
inscricao,espectrograma,Undirected,18.00,0.0458
inscricao,codigo,Undirected,9.00,0.0225
inscricao,padrao,Undirected,2.00,-0.0559
inscricao,grade,Undirected,3.00,-0.0289
inscricao,carrega,Undirected,3.00,-0.0257
inscricao,frequencia,Undirected,3.00,-0.0640
inscricao,microfone,Undirected,2.00,-0.0866
inscricao,etnografia,Undirected,6.00,0.0176
inscricao,leitor,Undirected,2.00,-0.0866
inscricao,topologia,Undirected,3.00,-0.0241
inscricao,textual,Undirected,4.00,0.0333
inscricao,conceito,Undirected,3.00,-0.0249
inscricao,aparece,Undirected,5.00,-0.0240
contexto,escuta,Undirected,2.00,0.1296
contexto,clinica,Undirected,3.00,0.1480
contexto,actante,Undirected,6.00,0.1412
contexto,pandemico,Undirected,11.00,0.3252
contexto,coleta,Undirected,11.00,0.1939
contexto,projeto,Undirected,6.00,0.0950
contexto,covideiro,Undirected,6.00,0.0415
contexto,observador,Undirected,4.00,0.2039
contexto,audio,Undirected,3.00,0.0675
contexto,acesso,Undirected,3.00,0.1487
contexto,spira,Undirected,8.00,0.0112
contexto,pesquisa,Undirected,2.00,0.0859
contexto,parametros,Undirected,4.00,0.1870
contexto,ator,Undirected,3.00,0.1828
contexto,descricao,Undirected,2.00,0.1262
contexto,momento,Undirected,2.00,0.0929
contexto,metodo,Undirected,2.00,0.0985
contexto,escolha,Undirected,2.00,0.1122
contexto,humano,Undirected,3.00,0.0976
contexto,artigo,Undirected,2.00,-0.0576
contexto,partir,Undirected,3.00,0.0545
contexto,visivel,Undirected,2.00,0.1051
contexto,diferenca,Undirected,2.00,0.0767
contexto,objeto,Undirected,2.00,-0.0572
contexto,microfone,Undirected,3.00,0.1480
contexto,grade,Undirected,3.00,0.1656
contexto,voz,Undirected,2.00,0.1213
contexto,argumento,Undirected,3.00,0.1454
contexto,virus,Undirected,2.00,0.0403
processo,fapesp,Undirected,18.00,0.3823
processo,laboratorio,Undirected,2.00,0.0061
processo,termo,Undirected,2.00,0.1120
processo,actante,Undirected,5.00,0.0900
processo,parte,Undirected,10.00,0.3260
processo,resultado,Undirected,3.00,0.1070
processo,produz,Undirected,2.00,0.0540
processo,aliados,Undirected,2.00,0.1138
processo,produziu,Undirected,3.00,0.1277
processo,coleta,Undirected,3.00,0.0002
processo,processamento,Undirected,2.00,0.0776
processo,virus,Undirected,2.00,0.0155
processo,celular,Undirected,2.00,0.0092
processo,translacao,Undirected,4.00,0.1426
processo,artigo,Undirected,2.00,-0.0824
processo,spira,Undirected,6.00,-0.0508
processo,producao,Undirected,3.00,0.1249
processo,visivel,Undirected,7.00,0.2415
processo,forca,Undirected,3.00,0.1688
processo,rede,Undirected,2.00,-0.1057
processo,coeficientes,Undirected,3.00,0.1024
processo,objeto,Undirected,3.00,-0.0417
processo,secao,Undirected,2.00,0.0061
processo,nenhum,Undirected,6.00,0.2168
processo,pratica,Undirected,2.00,-0.0202
processo,pesquisa,Undirected,2.00,0.0611
processo,analise,Undirected,3.00,0.0475
treinamento,dado,Undirected,26.00,0.2802
treinamento,spira,Undirected,5.00,-0.0463
treinamento,analise,Undirected,2.00,0.0255
treinamento,computacional,Undirected,2.00,0.0848
treinamento,informacao,Undirected,2.00,0.1378
treinamento,disponivel,Undirected,3.00,0.1536
treinamento,algoritmo,Undirected,4.00,0.1792
treinamento,covideiro,Undirected,6.00,0.0384
treinamento,artigo,Undirected,3.00,-0.0192
treinamento,ruido,Undirected,12.00,0.2532
treinamento,coeficientes,Undirected,3.00,0.1254
treinamento,programa,Undirected,14.00,0.3728
treinamento,artificial,Undirected,4.00,0.2069
treinamento,escala,Undirected,7.00,0.2119
treinamento,torna,Undirected,2.00,0.0285
treinamento,voz,Undirected,8.00,0.3062
treinamento,sistema,Undirected,3.00,0.0943
treinamento,pessoas,Undirected,3.00,0.1142
treinamento,antiprograma,Undirected,3.00,0.1799
treinamento,parametros,Undirected,4.00,0.1841
treinamento,tecnica,Undirected,3.00,0.1507
treinamento,ponto,Undirected,3.00,0.0617
treinamento,espectrograma,Undirected,2.00,-0.0087
treinamento,controle,Undirected,5.00,0.2572
movel,spira,Undirected,3.00,-0.0804
movel,produz,Undirected,3.00,0.1418
movel,processamento,Undirected,2.00,0.1175
movel,arquitetura,Undirected,2.00,0.1348
movel,latour,Undirected,9.00,0.2431
movel,analise,Undirected,3.00,0.0891
movel,objeto,Undirected,5.00,0.0583
movel,translacao,Undirected,2.00,0.1004
movel,referencia,Undirected,2.00,0.1413
movel,pratica,Undirected,2.00,0.0196
movel,protocolo,Undirected,2.00,0.0897
movel,producao,Undirected,2.00,0.1175
movel,covideiro,Undirected,9.00,0.1111
movel,laboratorio,Undirected,6.00,0.1804
movel,hospitais,Undirected,2.00,0.1195
movel,configuracao,Undirected,2.00,0.1080
movel,possivel,Undirected,3.00,0.1486
movel,conceito,Undirected,3.00,0.1854
movel,descreve,Undirected,2.00,0.0933
movel,circula,Undirected,2.00,0.1473
movel,artigo,Undirected,3.00,-0.0006
movel,observador,Undirected,3.00,0.1821
movel,acustico,Undirected,2.00,0.1258
movel,rede,Undirected,4.00,0.0064
condicoes,partir,Undirected,4.00,-0.0289
condicoes,laboratorio,Undirected,7.00,0.0597
condicoes,spira,Undirected,10.00,-0.0913
condicoes,dado,Undirected,8.00,-0.0263
condicoes,objeto,Undirected,10.00,0.0009
condicoes,celular,Undirected,12.00,0.1361
condicoes,acesso,Undirected,2.00,-0.0084
condicoes,covideiro,Undirected,26.00,0.1027
condicoes,insuficiencia,Undirected,5.00,-0.0111
condicoes,producao,Undirected,36.00,0.4185
condicoes,topologia,Undirected,2.00,0.0125
condicoes,artigo,Undirected,6.00,-0.0594
condicoes,distintas,Undirected,6.00,0.1085
condicoes,possivel,Undirected,14.00,0.2232
condicoes,termo,Undirected,3.00,0.0730
condicoes,rede,Undirected,7.00,-0.0689
condicoes,aparece,Undirected,2.00,-0.0392
condicoes,ponto,Undirected,3.00,-0.0490
condicoes,coleta,Undirected,27.00,0.1970
condicoes,pandemico,Undirected,8.00,0.1471
condicoes,fonoaudiologos,Undirected,10.00,0.1957
condicoes,hospitais,Undirected,2.00,-0.0044
condicoes,latour,Undirected,2.00,-0.0745
condicoes,precisamente,Undirected,3.00,0.0730
condicoes,resultado,Undirected,2.00,-0.0235
condicoes,voz,Undirected,4.00,0.0908
condicoes,pacientes,Undirected,3.00,-0.0527
condicoes,sistema,Undirected,2.00,-0.0577
condicoes,percurso,Undirected,2.00,0.0019
condicoes,lugar,Undirected,2.00,0.0261
condicoes,corpo,Undirected,3.00,-0.0076
condicoes,campo,Undirected,2.00,-0.0141
condicoes,covid,Undirected,6.00,0.0372
condicoes,corpos,Undirected,4.00,0.0943
condicoes,circula,Undirected,9.00,0.2124
condicoes,diferenca,Undirected,6.00,0.0922
condicoes,momento,Undirected,3.00,0.0272
condicoes,sequencia,Undirected,3.00,0.0266
condicoes,torna,Undirected,2.00,-0.0776
condicoes,actante,Undirected,7.00,0.0371
condicoes,antiprograma,Undirected,2.00,0.0243
condicoes,ruido,Undirected,2.00,-0.0856
condicoes,projeto,Undirected,3.00,-0.1007
condicoes,termos,Undirected,4.00,0.0362
condicoes,ambiente,Undirected,5.00,0.1269
condicoes,distintos,Undirected,4.00,0.0779
condicoes,etnografia,Undirected,2.00,-0.0207
condicoes,computacional,Undirected,4.00,0.0545
condicoes,produz,Undirected,4.00,0.0450
condicoes,translacao,Undirected,2.00,-0.0235
condicoes,leitura,Undirected,2.00,-0.0165
condicoes,diferentes,Undirected,3.00,0.0436
virus,covid,Undirected,4.00,0.0348
virus,actante,Undirected,15.00,0.1928
virus,objeto,Undirected,9.00,0.0369
virus,configuracao,Undirected,3.00,0.0703
virus,insuficiencia,Undirected,2.00,-0.0637
virus,hospitais,Undirected,3.00,0.0824
virus,partir,Undirected,3.00,-0.0160
virus,ponto,Undirected,4.00,0.0260
virus,tecnociencia,Undirected,6.00,0.2025
virus,informacao,Undirected,3.00,0.1201
virus,existir,Undirected,4.00,0.1247
virus,ator,Undirected,3.00,0.1123
virus,rede,Undirected,6.00,-0.0391
virus,descreve,Undirected,6.00,0.1406
virus,humano,Undirected,2.00,-0.0160
virus,sequencia,Undirected,7.00,0.1777
virus,carrega,Undirected,6.00,0.1874
virus,torna,Undirected,3.00,0.0060
virus,vocabulario,Undirected,2.00,0.0692
virus,acao,Undirected,5.00,0.1698
virus,visivel,Undirected,3.00,0.0831
virus,corpo,Undirected,8.00,0.1584
virus,pratica,Undirected,2.00,-0.0630
virus,padrao,Undirected,2.00,0.0629
virus,aparece,Undirected,18.00,0.2976
virus,ausencia,Undirected,6.00,0.1985
virus,presenca,Undirected,7.00,0.2153
virus,sistema,Undirected,8.00,0.1486
virus,sinal,Undirected,11.00,0.1250
virus,spira,Undirected,4.00,-0.1398
virus,fala,Undirected,3.00,0.0250
virus,pandemico,Undirected,3.00,0.0685
virus,inscrito,Undirected,2.00,0.0578
virus,microfone,Undirected,7.00,0.1863
virus,deixa,Undirected,3.00,0.1123
virus,onda,Undirected,2.00,0.0554
virus,pessoas,Undirected,3.00,0.0466
virus,corpos,Undirected,5.00,0.1679
virus,neural,Undirected,2.00,0.0297
virus,arquitetura,Undirected,3.00,0.0983
virus,acustica,Undirected,3.00,0.1087
virus,espectrograma,Undirected,3.00,-0.0329
virus,pessoa,Undirected,3.00,0.1231
virus,produziu,Undirected,3.00,0.0831
virus,computacional,Undirected,3.00,0.0648
leitor,leitura,Undirected,7.00,0.2460
leitor,frequencia,Undirected,2.00,0.0750
leitor,pessoa,Undirected,3.00,0.1852
leitor,versao,Undirected,2.00,0.0867
leitor,descricao,Undirected,2.00,0.1181
leitor,chega,Undirected,6.00,0.2758
leitor,latour,Undirected,3.00,0.0712
leitor,resultado,Undirected,5.00,0.1903
leitor,covideiro,Undirected,10.00,0.0979
leitor,rede,Undirected,4.00,-0.0185
leitor,forca,Undirected,6.00,0.2824
leitor,laboratorio,Undirected,3.00,0.0677
leitor,artigo,Undirected,14.00,0.1703
leitor,spira,Undirected,4.00,-0.0757
leitor,configuracao,Undirected,2.00,0.0848
leitor,codigo,Undirected,3.00,0.1149
leitor,torna,Undirected,6.00,0.1546
leitor,produz,Undirected,3.00,0.1177
leitor,objeto,Undirected,2.00,-0.0653
leitor,sinal,Undirected,2.00,0.0091
leitor,acustico,Undirected,4.00,0.1880
leitor,lugar,Undirected,9.00,0.3349
leitor,pessoas,Undirected,3.00,0.1087
leitor,artigos,Undirected,7.00,0.1260
leitor,descreve,Undirected,2.00,0.0702
leitor,producao,Undirected,2.00,0.0943
leitor,precisamente,Undirected,6.00,0.2737
leitor,termos,Undirected,3.00,0.1092
pessoas,gravacao,Undirected,6.00,0.2283
pessoas,voz,Undirected,26.00,0.4594
pessoas,audio,Undirected,6.00,0.1114
pessoas,fala,Undirected,3.00,0.0561
pessoas,covid,Undirected,9.00,0.1731
pessoas,hospital,Undirected,3.00,0.1371
pessoas,laboratorio,Undirected,6.00,0.1208
pessoas,produz,Undirected,4.00,0.1216
pessoas,fapesp,Undirected,2.00,0.0546
pessoas,presenca,Undirected,5.00,0.2228
pessoas,lugar,Undirected,4.00,0.1821
pessoas,corpos,Undirected,6.00,0.2265
pessoas,dado,Undirected,11.00,0.0861
pessoas,analise,Undirected,2.00,-0.0094
pessoas,acustica,Undirected,3.00,0.1398
pessoas,artigos,Undirected,3.00,-0.0081
pessoas,existir,Undirected,2.00,0.0737
pessoas,algoritmo,Undirected,2.00,0.0595
pessoas,pesquisa,Undirected,2.00,0.0481
pessoas,ausencia,Undirected,3.00,0.1398
pessoas,possivel,Undirected,4.00,0.1287
pessoas,covideiro,Undirected,13.00,0.0982
pessoas,sistema,Undirected,4.00,0.0918
pessoas,momento,Undirected,3.00,0.1015
pessoas,ambiente,Undirected,3.00,0.1389
pessoas,programa,Undirected,2.00,0.0716
pessoas,acao,Undirected,2.00,0.0885
pessoas,entrada,Undirected,3.00,0.1492
pessoas,pratica,Undirected,3.00,0.0093
pessoas,condicao,Undirected,2.00,-0.0024
pessoas,medicos,Undirected,3.00,0.1231
pessoas,controle,Undirected,2.00,0.1028
pessoas,objeto,Undirected,2.00,-0.0950
pessoas,microfone,Undirected,2.00,0.0621
pessoas,spira,Undirected,2.00,-0.1718
pessoas,espectrograma,Undirected,3.00,-0.0018
nenhum,deixa,Undirected,3.00,0.1778
nenhum,lugar,Undirected,6.00,0.2753
nenhum,corpos,Undirected,2.00,0.1198
nenhum,objeto,Undirected,6.00,0.0585
nenhum,covideiro,Undirected,4.00,-0.0108
nenhum,computacional,Undirected,3.00,0.1303
nenhum,artigo,Undirected,10.00,0.1253
nenhum,protocolo,Undirected,9.00,0.2674
nenhum,coleta,Undirected,4.00,0.0539
nenhum,microfone,Undirected,2.00,0.0950
nenhum,fonoaudiologos,Undirected,2.00,0.1003
nenhum,sistema,Undirected,2.00,0.0463
nenhum,registra,Undirected,3.00,0.1778
nenhum,dado,Undirected,4.00,0.0104
nenhum,pontos,Undirected,3.00,0.1950
nenhum,clinica,Undirected,6.00,0.2357
nenhum,celular,Undirected,2.00,0.0292
nenhum,tecnociencia,Undirected,3.00,0.1778
nenhum,inscrito,Undirected,2.00,0.1206
nenhum,ausencia,Undirected,2.00,0.1248
nenhum,processamento,Undirected,2.00,0.0976
nenhum,pratica,Undirected,3.00,0.0436
nenhum,artigos,Undirected,2.00,-0.0169
nenhum,humano,Undirected,4.00,0.1277
nenhum,producao,Undirected,3.00,0.1458
nenhum,spira,Undirected,3.00,-0.1011
nenhum,espectrogramas,Undirected,3.00,0.1846
nenhum,pesquisador,Undirected,3.00,0.1010
nenhum,produz,Undirected,3.00,0.1211
nenhum,reconhecer,Undirected,3.00,0.1672
nenhum,aparece,Undirected,2.00,0.0649
nenhum,espectrograma,Undirected,3.00,0.0326
nenhum,ponto,Undirected,3.00,0.0596
ator,latour,Undirected,4.00,0.1416
ator,circula,Undirected,2.00,0.1575
ator,termo,Undirected,8.00,0.3570
ator,lugar,Undirected,3.00,0.2111
ator,artigo,Undirected,2.00,-0.0324
ator,rede,Undirected,32.00,0.3251
ator,partir,Undirected,9.00,0.2266
ator,spira,Undirected,3.00,-0.0697
ator,produz,Undirected,3.00,0.1524
ator,versao,Undirected,2.00,0.1200
ator,entrada,Undirected,4.00,0.2149
ator,pontos,Undirected,2.00,0.1748
ator,objeto,Undirected,2.00,-0.0320
ator,torna,Undirected,2.00,0.0565
ator,tecnica,Undirected,3.00,0.1799
ator,actante,Undirected,2.00,0.0365
ator,acesso,Undirected,2.00,0.1257
ator,protocolo,Undirected,2.00,0.0999
ator,pacientes,Undirected,2.00,0.0416
ator,descricao,Undirected,2.00,0.1515
ator,etnografia,Undirected,3.00,0.1623
ator,etapa,Undirected,2.00,0.1515
ator,termos,Undirected,2.00,0.0959
carrega,rede,Undirected,3.00,-0.0282
carrega,producao,Undirected,4.00,0.2005
carrega,projeto,Undirected,4.00,0.0582
carrega,covideiro,Undirected,8.00,0.0548
carrega,chega,Undirected,4.00,0.2395
carrega,corpo,Undirected,4.00,0.1543
carrega,pandemico,Undirected,4.00,0.1883
carrega,precisamente,Undirected,3.00,0.1990
carrega,covid,Undirected,3.00,0.0854
carrega,clinica,Undirected,2.00,0.1117
carrega,pacientes,Undirected,3.00,0.0733
carrega,dado,Undirected,3.00,-0.0036
carrega,sequencia,Undirected,4.00,0.1896
carrega,grade,Undirected,4.00,0.2158
carrega,informacao,Undirected,3.00,0.2029
carrega,frequencia,Undirected,2.00,0.0949
carrega,microfone,Undirected,5.00,0.2283
carrega,spira,Undirected,3.00,-0.0837
carrega,termo,Undirected,4.00,0.2375
carrega,pessoa,Undirected,3.00,0.2060
carrega,objeto,Undirected,3.00,-0.0035
carrega,espectrograma,Undirected,2.00,0.0059
carrega,ruido,Undirected,3.00,0.0805
carrega,produziu,Undirected,2.00,0.1170
carrega,distintos,Undirected,2.00,0.1211
carrega,condicao,Undirected,5.00,0.1571
carrega,ausencia,Undirected,3.00,0.1915
carrega,metodo,Undirected,2.00,0.1104
carrega,audio,Undirected,4.00,0.1145
frequencia,escala,Undirected,12.00,0.2541
frequencia,coeficientes,Undirected,7.00,0.2137
frequencia,medicos,Undirected,3.00,0.1366
frequencia,momento,Undirected,5.00,0.1802
frequencia,gravacao,Undirected,5.00,0.2170
frequencia,spira,Undirected,3.00,-0.1220
frequencia,acesso,Undirected,2.00,0.0757
frequencia,parametros,Undirected,5.00,0.1900
frequencia,espectrograma,Undirected,5.00,0.0709
frequencia,ponto,Undirected,2.00,-0.0049
frequencia,sinal,Undirected,5.00,0.0965
frequencia,informacao,Undirected,3.00,0.1647
frequencia,humano,Undirected,2.00,0.0267
frequencia,audio,Undirected,2.00,-0.0022
frequencia,linguagem,Undirected,3.00,0.1463
frequencia,sistema,Undirected,2.00,0.0263
frequencia,padrao,Undirected,2.00,0.1057
frequencia,pontos,Undirected,2.00,0.1248
frequencia,diferentes,Undirected,3.00,0.1313
frequencia,objeto,Undirected,2.00,-0.0820
frequencia,torna,Undirected,2.00,0.0065
frequencia,insuficiencia,Undirected,2.00,-0.0210
frequencia,acustica,Undirected,2.00,0.1048
frequencia,termos,Undirected,4.00,0.1268
frequencia,termo,Undirected,3.00,0.1607
frequencia,conceito,Undirected,2.00,0.0957
frequencia,aparece,Undirected,3.00,0.0907
sinal,parte,Undirected,4.00,0.1194
sinal,informacao,Undirected,2.00,0.0499
sinal,dado,Undirected,4.00,-0.0821
sinal,diferenca,Undirected,3.00,0.0293
sinal,audio,Undirected,26.00,0.2552
sinal,fala,Undirected,12.00,0.1775
sinal,microfone,Undirected,12.00,0.2392
sinal,corpo,Undirected,5.00,0.0705
sinal,pacientes,Undirected,6.00,0.0446
sinal,ruido,Undirected,22.00,0.2409
sinal,objeto,Undirected,9.00,-0.0208
sinal,acustico,Undirected,49.00,0.5259
sinal,espectrograma,Undirected,16.00,0.0842
sinal,celular,Undirected,8.00,0.1016
sinal,escolha,Undirected,2.00,0.0215
sinal,partir,Undirected,8.00,0.0737
sinal,ambiente,Undirected,5.00,0.1470
sinal,torna,Undirected,19.00,0.2086
sinal,sequencia,Undirected,3.00,0.0456
sinal,protocolo,Undirected,5.00,0.0872
sinal,insuficiencia,Undirected,5.00,0.0089
sinal,gravacao,Undirected,3.00,0.0810
sinal,lugar,Undirected,7.00,0.2001
sinal,corpos,Undirected,2.00,0.0339
sinal,termos,Undirected,4.00,0.0558
sinal,paciente,Undirected,4.00,0.0317
sinal,ponto,Undirected,4.00,0.0011
sinal,presenca,Undirected,2.00,0.0538
sinal,onda,Undirected,7.00,0.1863
sinal,movimento,Undirected,2.00,0.0230
sinal,referencia,Undirected,2.00,0.0355
sinal,produz,Undirected,2.00,-0.0119
sinal,chega,Undirected,5.00,0.1579
sinal,repositorio,Undirected,5.00,0.1397
sinal,percurso,Undirected,2.00,0.0200
sinal,analise,Undirected,2.00,-0.0624
registra,spira,Undirected,5.00,-0.0153
registra,percurso,Undirected,6.00,0.2819
registra,partir,Undirected,4.00,0.1155
registra,secao,Undirected,6.00,0.1919
registra,artigo,Undirected,20.00,0.2709
registra,tecnica,Undirected,6.00,0.2756
registra,etapa,Undirected,3.00,0.2020
registra,chega,Undirected,2.00,0.1639
registra,protocolo,Undirected,3.00,0.1481
registra,coleta,Undirected,5.00,0.1140
registra,acesso,Undirected,3.00,0.1751
registra,rede,Undirected,5.00,0.0434
registra,pessoa,Undirected,2.00,0.1687
registra,insuficiencia,Undirected,2.00,0.0291
registra,corpo,Undirected,3.00,0.1324
registra,sistema,Undirected,2.00,0.0763
registra,dado,Undirected,2.00,-0.0321
registra,actante,Undirected,4.00,0.1167
registra,projeto,Undirected,3.00,0.0393
registra,pacientes,Undirected,3.00,0.0873
registra,momento,Undirected,3.00,0.1672
registra,onda,Undirected,3.00,0.1985
registra,escuta,Undirected,3.00,0.2055
registra,paciente,Undirected,2.00,0.0735
maio,paciente,Undirected,6.00,0.2242
maio,covideiro,Undirected,4.00,0.0337
maio,pacientes,Undirected,5.00,0.1634
maio,repositorio,Undirected,3.00,0.2095
maio,coleta,Undirected,4.00,0.0984
maio,dado,Undirected,2.00,-0.0208
maio,partir,Undirected,3.00,0.0926
maio,protocolo,Undirected,3.00,0.1599
maio,covid,Undirected,11.00,0.2930
maio,produz,Undirected,3.00,0.1643
maio,ponto,Undirected,2.00,0.0564
maio,ausencia,Undirected,2.00,0.1662
maio,corpo,Undirected,3.00,0.1442
maio,produziu,Undirected,2.00,0.1417
maio,escala,Undirected,3.00,0.1419
maio,microfone,Undirected,9.00,0.3462
maio,momento,Undirected,3.00,0.1790
maio,espectrograma,Undirected,4.00,0.1104
maio,onda,Undirected,5.00,0.2812
maio,celular,Undirected,2.00,0.0705
maio,disponivel,Undirected,3.00,0.1946
maio,centro,Undirected,3.00,0.1442
espectrograma,paciente,Undirected,10.00,0.1215
espectrograma,covideiro,Undirected,15.00,0.0226
espectrograma,gravacao,Undirected,4.00,0.0907
espectrograma,artigo,Undirected,7.00,-0.0651
espectrograma,laboratorio,Undirected,4.00,-0.0120
espectrograma,rede,Undirected,17.00,0.0347
espectrograma,neural,Undirected,10.00,0.1802
espectrograma,artigos,Undirected,3.00,-0.0876
espectrograma,objeto,Undirected,17.00,0.0652
espectrograma,acustico,Undirected,6.00,0.1249
espectrograma,torna,Undirected,24.00,0.1491
espectrograma,conjunto,Undirected,3.00,-0.0114
espectrograma,coeficientes,Undirected,9.00,0.1456
espectrograma,codigo,Undirected,9.00,0.1400
espectrograma,spira,Undirected,32.00,0.0553
espectrograma,distintos,Undirected,2.00,-0.0046
espectrograma,pratica,Undirected,3.00,-0.0702
espectrograma,translacao,Undirected,4.00,0.0466
espectrograma,projeto,Undirected,3.00,-0.1059
espectrograma,grade,Undirected,11.00,0.2180
espectrograma,partir,Undirected,12.00,0.1007
espectrograma,entrada,Undirected,4.00,0.1041
espectrograma,parametros,Undirected,6.00,0.1148
espectrograma,acao,Undirected,2.00,0.0124
espectrograma,ponto,Undirected,3.00,-0.0542
espectrograma,audio,Undirected,2.00,-0.0913
espectrograma,percurso,Undirected,3.00,0.0406
espectrograma,produz,Undirected,12.00,0.1849
espectrograma,parte,Undirected,2.00,0.0158
espectrograma,existir,Undirected,3.00,0.0413
espectrograma,algoritmo,Undirected,8.00,0.1484
espectrograma,produziu,Undirected,2.00,-0.0087
espectrograma,onda,Undirected,5.00,0.1149
espectrograma,microfone,Undirected,6.00,0.1126
espectrograma,celular,Undirected,4.00,-0.0087
espectrograma,actante,Undirected,3.00,-0.0632
espectrograma,insuficiencia,Undirected,4.00,-0.0412
espectrograma,escala,Undirected,6.00,0.0647
espectrograma,analise,Undirected,6.00,0.0319
espectrograma,etnografia,Undirected,8.00,0.1378
espectrograma,humano,Undirected,4.00,0.0102
espectrograma,acustica,Undirected,2.00,0.0158
espectrograma,inscrito,Undirected,4.00,0.0898
espectrograma,ausencia,Undirected,3.00,0.0603
espectrograma,condicao,Undirected,2.00,-0.0785
espectrograma,etapa,Undirected,3.00,0.0568
espectrograma,aparece,Undirected,3.00,-0.0023
espectrograma,presenca,Undirected,3.00,0.0758
espectrograma,corpo,Undirected,6.00,0.0672
espectrograma,informacao,Undirected,2.00,0.0267
espectrograma,chega,Undirected,3.00,0.0697
espectrograma,distintas,Undirected,2.00,-0.0227
espectrograma,precisamente,Undirected,2.00,0.0229
espectrograma,padrao,Undirected,4.00,0.0953
aparece,condicao,Undirected,9.00,0.1813
aparece,ponto,Undirected,2.00,-0.0183
aparece,artigo,Undirected,20.00,0.1875
aparece,secao,Undirected,3.00,0.0362
aparece,paciente,Undirected,4.00,0.0883
aparece,informacao,Undirected,3.00,0.1507
aparece,projeto,Undirected,8.00,0.0885
aparece,centro,Undirected,3.00,0.0661
aparece,actante,Undirected,5.00,0.0751
aparece,artigos,Undirected,10.00,0.1398
aparece,sistema,Undirected,3.00,0.0573
aparece,analise,Undirected,2.00,-0.0099
aparece,objeto,Undirected,5.00,-0.0254
aparece,momento,Undirected,2.00,0.0547
aparece,ausencia,Undirected,5.00,0.2059
aparece,presenca,Undirected,5.00,0.2223
aparece,configuracao,Undirected,3.00,0.1010
aparece,corpo,Undirected,2.00,0.0213
aparece,covideiro,Undirected,6.00,-0.0017
aparece,spira,Undirected,6.00,-0.0659
aparece,algoritmo,Undirected,5.00,0.1701
aparece,precisamente,Undirected,3.00,0.1467
aparece,grade,Undirected,2.00,0.0784
aparece,dado,Undirected,3.00,-0.0559
aparece,textual,Undirected,2.00,0.1072
diferentes,existir,Undirected,5.00,0.2288
diferentes,spira,Undirected,9.00,0.0267
diferentes,laboratorio,Undirected,2.00,0.0316
diferentes,pratica,Undirected,29.00,0.3837
diferentes,objeto,Undirected,13.00,0.1706
diferentes,aliados,Undirected,7.00,0.2275
diferentes,leitura,Undirected,2.00,0.0930
diferentes,translacao,Undirected,3.00,0.1337
diferentes,mapa,Undirected,5.00,0.1943
diferentes,distintos,Undirected,2.00,0.1100
diferentes,fala,Undirected,2.00,0.0502
diferentes,acesso,Undirected,3.00,0.1495
diferentes,coleta,Undirected,4.00,0.0598
diferentes,insuficiencia,Undirected,3.00,0.0486
diferentes,covid,Undirected,2.00,0.0287
diferentes,secao,Undirected,2.00,0.0316
diferentes,microfone,Undirected,2.00,0.1005
diferentes,diferenca,Undirected,3.00,0.1246
diferentes,movimento,Undirected,2.00,0.1143
diferentes,observador,Undirected,2.00,0.1181
diferentes,computacional,Undirected,2.00,0.0883
diferentes,processamento,Undirected,2.00,0.1031
diferentes,arquitetura,Undirected,3.00,0.1696
diferentes,rede,Undirected,2.00,-0.0802
diferentes,pontos,Undirected,3.00,0.2007
diferentes,partir,Undirected,2.00,0.0109
diferentes,actante,Undirected,3.00,0.0563
arquitetura,inscrito,Undirected,5.00,0.2253
arquitetura,artigo,Undirected,6.00,0.0543
arquitetura,mapa,Undirected,3.00,0.2060
arquitetura,neural,Undirected,4.00,0.1949
arquitetura,covid,Undirected,3.00,0.0854
arquitetura,rede,Undirected,17.00,0.1766
arquitetura,coeficientes,Undirected,2.00,0.0928
arquitetura,pesquisa,Undirected,2.00,0.0977
arquitetura,audio,Undirected,3.00,0.0798
arquitetura,artigos,Undirected,6.00,0.1282
arquitetura,spira,Undirected,5.00,-0.0301
arquitetura,projeto,Undirected,2.00,-0.0178
arquitetura,centro,Undirected,2.00,0.0714
arquitetura,antiprograma,Undirected,3.00,0.1952
arquitetura,covideiro,Undirected,2.00,-0.0653
arquitetura,condicao,Undirected,2.00,0.0472
arquitetura,etapa,Undirected,3.00,0.1381
arquitetura,translacao,Undirected,2.00,0.0972
arquitetura,reconhecer,Undirected,2.00,0.1348
arquitetura,dado,Undirected,2.00,-0.0455
arquitetura,sequencia,Undirected,2.00,0.1042
arquitetura,disponivel,Undirected,2.00,0.1197
fonoaudiologos,pesquisador,Undirected,2.00,0.0568
fonoaudiologos,pacientes,Undirected,6.00,0.1438
fonoaudiologos,medicos,Undirected,22.00,0.4782
fonoaudiologos,percurso,Undirected,2.00,0.1080
fonoaudiologos,projeto,Undirected,5.00,0.0691
fonoaudiologos,actante,Undirected,8.00,0.1777
fonoaudiologos,covideiro,Undirected,8.00,0.0745
fonoaudiologos,antiprograma,Undirected,8.00,0.3200
fonoaudiologos,ruido,Undirected,10.00,0.2247
fonoaudiologos,computacional,Undirected,3.00,0.1324
fonoaudiologos,condicao,Undirected,2.00,0.0326
fonoaudiologos,spira,Undirected,7.00,-0.0080
fonoaudiologos,acesso,Undirected,5.00,0.2129
fonoaudiologos,humano,Undirected,2.00,0.0487
fonoaudiologos,versao,Undirected,2.00,0.0920
fonoaudiologos,movimento,Undirected,2.00,0.1109
fonoaudiologos,grade,Undirected,2.00,0.1139
observador,termo,Undirected,3.00,0.1966
observador,covideiro,Undirected,13.00,0.1568
observador,pandemico,Undirected,3.00,0.1489
observador,tecnica,Undirected,2.00,0.1146
observador,objeto,Undirected,4.00,0.0260
observador,momento,Undirected,3.00,0.1508
observador,chega,Undirected,6.00,0.2957
observador,spira,Undirected,7.00,0.0061
observador,computacional,Undirected,17.00,0.4098
observador,rede,Undirected,2.00,-0.0714
observador,artigo,Undirected,11.00,0.1561
observador,latour,Undirected,2.00,0.0438
observador,artigos,Undirected,2.00,-0.0026
observador,centro,Undirected,2.00,0.0690
observador,insuficiencia,Undirected,2.00,0.0133
observador,produziu,Undirected,5.00,0.2009
observador,diferenca,Undirected,5.00,0.1703
observador,versao,Undirected,2.00,0.1043
observador,acustico,Undirected,6.00,0.2642
observador,existir,Undirected,2.00,0.1210
observador,argumento,Undirected,3.00,0.1553
observador,etnografia,Undirected,3.00,0.1458
forca,conjunto,Undirected,2.00,0.1390
forca,tecnica,Undirected,2.00,0.1417
forca,antiprograma,Undirected,3.00,0.2210
forca,laboratorio,Undirected,3.00,0.1143
forca,termos,Undirected,2.00,0.1072
forca,torna,Undirected,2.00,0.0678
forca,visivel,Undirected,3.00,0.1918
forca,rede,Undirected,4.00,0.0296
forca,spira,Undirected,7.00,0.0372
forca,artigo,Undirected,2.00,-0.0211
forca,centro,Undirected,2.00,0.0961
forca,fapesp,Undirected,2.00,0.1289
forca,analise,Undirected,2.00,0.0649
forca,projeto,Undirected,2.00,0.0069
translacao,latour,Undirected,4.00,0.0900
translacao,movimento,Undirected,8.00,0.2741
translacao,computacional,Undirected,2.00,0.0650
translacao,rede,Undirected,6.00,0.0117
translacao,spira,Undirected,17.00,0.0837
translacao,mapa,Undirected,6.00,0.2649
translacao,circula,Undirected,7.00,0.2752
translacao,covideiro,Undirected,4.00,-0.0300
translacao,objeto,Undirected,5.00,0.0168
translacao,percurso,Undirected,4.00,0.1724
translacao,projeto,Undirected,9.00,0.1228
translacao,actante,Undirected,4.00,0.0652
translacao,vocabulario,Undirected,6.00,0.2574
translacao,produz,Undirected,5.00,0.1670
translacao,versao,Undirected,3.00,0.1192
translacao,laboratorio,Undirected,3.00,0.0526
translacao,argumento,Undirected,2.00,0.0747
translacao,artigos,Undirected,2.00,-0.0347
translacao,etapa,Undirected,5.00,0.2195
translacao,acustico,Undirected,5.00,0.2023
translacao,termo,Undirected,3.00,0.1631
translacao,celular,Undirected,2.00,0.0114
translacao,pontos,Undirected,3.00,0.1764
translacao,parametros,Undirected,2.00,0.0792
translacao,corpo,Undirected,3.00,0.0824
translacao,presenca,Undirected,2.00,0.1219
translacao,campo,Undirected,2.00,0.0722
insuficiencia,projeto,Undirected,7.00,-0.0045
insuficiencia,analise,Undirected,6.00,0.0430
insuficiencia,audio,Undirected,2.00,-0.0815
insuficiencia,sistema,Undirected,9.00,0.1219
insuficiencia,pacientes,Undirected,20.00,0.1982
insuficiencia,spira,Undirected,17.00,-0.0210
insuficiencia,versao,Undirected,23.00,0.3264
insuficiencia,acustica,Undirected,12.00,0.2594
insuficiencia,computacional,Undirected,4.00,0.0596
insuficiencia,dado,Undirected,14.00,0.0504
insuficiencia,covid,Undirected,27.00,0.2651
insuficiencia,covideiro,Undirected,7.00,-0.0590
insuficiencia,celular,Undirected,3.00,-0.0293
insuficiencia,actante,Undirected,3.00,-0.0530
insuficiencia,descreve,Undirected,2.00,-0.0258
insuficiencia,partir,Undirected,4.00,-0.0238
insuficiencia,objeto,Undirected,8.00,-0.0206
insuficiencia,existir,Undirected,4.00,0.0853
insuficiencia,clinica,Undirected,4.00,0.0728
insuficiencia,inscrito,Undirected,2.00,0.0213
insuficiencia,artigo,Undirected,5.00,-0.0738
insuficiencia,condicao,Undirected,6.00,0.0509
insuficiencia,escuta,Undirected,2.00,0.0255
insuficiencia,rede,Undirected,17.00,0.0473
insuficiencia,distintas,Undirected,3.00,0.0303
insuficiencia,pandemico,Undirected,2.00,-0.0130
insuficiencia,coleta,Undirected,6.00,-0.0082
insuficiencia,paciente,Undirected,13.00,0.1715
insuficiencia,termos,Undirected,4.00,0.0414
insuficiencia,resultado,Undirected,2.00,-0.0188
insuficiencia,presenca,Undirected,3.00,0.0860
insuficiencia,artigos,Undirected,5.00,-0.0234
insuficiencia,produz,Undirected,4.00,0.0501
insuficiencia,hospitais,Undirected,2.00,0.0004
insuficiencia,produziu,Undirected,2.00,0.0010
insuficiencia,reconhecer,Undirected,12.00,0.2512
insuficiencia,deixa,Undirected,2.00,0.0291
insuficiencia,corpo,Undirected,3.00,-0.0026
insuficiencia,onda,Undirected,2.00,0.0189
insuficiencia,algoritmo,Undirected,3.00,0.0367
insuficiencia,codigo,Undirected,2.00,-0.0279
insuficiencia,neural,Undirected,4.00,0.0700
insuficiencia,distintos,Undirected,4.00,0.0830
laboratorio,artigo,Undirected,17.00,0.0627
laboratorio,spira,Undirected,13.00,-0.0211
laboratorio,ponto,Undirected,8.00,0.1011
laboratorio,pesquisa,Undirected,4.00,0.0870
laboratorio,hospitais,Undirected,6.00,0.1595
laboratorio,rede,Undirected,16.00,0.0549
laboratorio,neural,Undirected,4.00,0.0992
laboratorio,covideiro,Undirected,15.00,0.0692
laboratorio,topologia,Undirected,3.00,0.0902
laboratorio,etnografia,Undirected,7.00,0.1621
laboratorio,produz,Undirected,5.00,0.1069
laboratorio,centro,Undirected,11.00,0.1793
laboratorio,analise,Undirected,5.00,-0.0069
laboratorio,possivel,Undirected,3.00,0.0084
laboratorio,precisamente,Undirected,3.00,0.1063
laboratorio,aliados,Undirected,3.00,0.1082
laboratorio,ausencia,Undirected,3.00,0.0988
laboratorio,presenca,Undirected,5.00,0.1795
laboratorio,conceito,Undirected,2.00,0.0436
laboratorio,repositorio,Undirected,2.00,0.0452
laboratorio,dado,Undirected,4.00,-0.0673
laboratorio,projeto,Undirected,2.00,-0.1066
laboratorio,pratica,Undirected,2.00,-0.0724
laboratorio,chega,Undirected,4.00,0.1438
laboratorio,actante,Undirected,2.00,-0.0657
laboratorio,lugar,Undirected,7.00,0.1690
laboratorio,controle,Undirected,4.00,0.1459
laboratorio,secao,Undirected,5.00,0.0541
laboratorio,artigos,Undirected,11.00,0.1064
laboratorio,pesquisador,Undirected,2.00,-0.0174
laboratorio,artificial,Undirected,10.00,0.2554
laboratorio,pandemico,Undirected,6.00,0.1445
laboratorio,objeto,Undirected,3.00,-0.0962
laboratorio,campo,Undirected,3.00,0.0624
laboratorio,visivel,Undirected,3.00,0.0733
laboratorio,celular,Undirected,5.00,-0.0010
coleta,rede,Undirected,9.00,-0.0592
coleta,neural,Undirected,2.00,-0.0277
coleta,sistema,Undirected,7.00,0.0644
coleta,spira,Undirected,34.00,0.0445
coleta,dado,Undirected,24.00,0.1013
coleta,pacientes,Undirected,11.00,0.0827
coleta,fapesp,Undirected,3.00,0.0098
coleta,projeto,Undirected,6.00,-0.0460
coleta,pandemico,Undirected,7.00,0.1104
coleta,mapa,Undirected,3.00,0.0632
coleta,metodo,Undirected,6.00,0.0987
coleta,covideiro,Undirected,18.00,0.0333
coleta,antiprograma,Undirected,9.00,0.1944
coleta,descreve,Undirected,3.00,-0.0049
coleta,paciente,Undirected,11.00,0.1215
coleta,artigo,Undirected,8.00,-0.0454
coleta,protocolo,Undirected,32.00,0.3326
coleta,sequencia,Undirected,6.00,0.0917
coleta,celular,Undirected,10.00,0.0910
coleta,actante,Undirected,8.00,0.0350
coleta,acao,Undirected,2.00,0.0013
coleta,medicos,Undirected,6.00,0.1158
coleta,covid,Undirected,4.00,-0.0271
coleta,descricao,Undirected,3.00,0.0452
coleta,hospital,Undirected,5.00,0.1073
coleta,hospitais,Undirected,22.00,0.3034
coleta,acesso,Undirected,3.00,0.0183
coleta,processamento,Undirected,5.00,0.0801
coleta,condicao,Undirected,16.00,0.1404
coleta,informacao,Undirected,2.00,0.0156
coleta,aliados,Undirected,2.00,0.0137
coleta,momento,Undirected,10.00,0.1618
coleta,artigos,Undirected,5.00,-0.0702
coleta,produziu,Undirected,2.00,-0.0198
coleta,escala,Undirected,3.00,-0.0267
coleta,campo,Undirected,3.00,0.0124
coleta,configuracao,Undirected,6.00,0.0924
coleta,acustica,Undirected,3.00,0.0488
coleta,existir,Undirected,2.00,-0.0135
coleta,possivel,Undirected,11.00,0.1665
coleta,deixa,Undirected,3.00,0.0524
coleta,parte,Undirected,2.00,0.0047
coleta,corpo,Undirected,2.00,-0.0654
coleta,ruido,Undirected,2.00,-0.1017
coleta,partir,Undirected,2.00,-0.1148
coleta,inscrito,Undirected,4.00,0.0779
coleta,presenca,Undirected,2.00,0.0195
coleta,diferenca,Undirected,2.00,-0.0482
coleta,distintos,Undirected,2.00,-0.0156
coleta,etapa,Undirected,3.00,0.0452
coleta,topologia,Undirected,2.00,-0.0036
coleta,ambiente,Undirected,3.00,0.0479
coleta,percurso,Undirected,3.00,0.0290
torna,argumento,Undirected,4.00,0.0996
torna,rede,Undirected,4.00,-0.0923
torna,possivel,Undirected,17.00,0.2962
torna,actante,Undirected,4.00,0.0070
torna,artigo,Undirected,4.00,-0.0673
torna,etapa,Undirected,3.00,0.0956
torna,objeto,Undirected,7.00,-0.0046
torna,ponto,Undirected,4.00,0.0162
torna,producao,Undirected,3.00,0.0708
torna,parte,Undirected,6.00,0.1883
torna,spira,Undirected,11.00,-0.0413
torna,ruido,Undirected,2.00,-0.0534
torna,dado,Undirected,4.00,-0.0670
torna,sistema,Undirected,2.00,-0.0255
torna,codigo,Undirected,9.00,0.1280
torna,covideiro,Undirected,2.00,-0.1537
torna,microfone,Undirected,2.00,0.0232
torna,celular,Undirected,2.00,-0.0427
torna,sequencia,Undirected,7.00,0.1672
torna,conjunto,Undirected,3.00,0.0708
torna,coeficientes,Undirected,4.00,0.0483
torna,configuracao,Undirected,5.00,0.1229
torna,momento,Undirected,4.00,0.0949
torna,precisamente,Undirected,7.00,0.2183
torna,visivel,Undirected,37.00,0.4743
torna,padrao,Undirected,2.00,0.0539
torna,campo,Undirected,4.00,0.0969
torna,paciente,Undirected,2.00,-0.0283
torna,diferenca,Undirected,3.00,0.0439
torna,pratica,Undirected,3.00,-0.0313
torna,etnografia,Undirected,2.00,0.0115
torna,tecnica,Undirected,3.00,0.0736
torna,condicao,Undirected,3.00,0.0008
torna,fala,Undirected,3.00,0.0155
torna,latour,Undirected,2.00,-0.0423
torna,corpos,Undirected,4.00,0.1290
torna,grade,Undirected,5.00,0.1491
torna,centro,Undirected,2.00,-0.0171
torna,audio,Undirected,5.00,0.0452
torna,resultado,Undirected,3.00,0.0529
torna,acustico,Undirected,5.00,0.1426
torna,onda,Undirected,3.00,0.0922
torna,analise,Undirected,7.00,0.0937
torna,algoritmo,Undirected,3.00,0.0654
torna,descricao,Undirected,2.00,0.0496
torna,escala,Undirected,2.00,-0.0193
torna,ausencia,Undirected,2.00,0.0530
torna,escuta,Undirected,3.00,0.0992
torna,leitura,Undirected,2.00,0.0157
conceito,momento,Undirected,5.00,0.1911
conceito,etnografia,Undirected,5.00,0.1860
conceito,rede,Undirected,6.00,0.0514
conceito,ponto,Undirected,2.00,0.0325
conceito,latour,Undirected,7.00,0.2032
conceito,distintas,Undirected,2.00,0.1038
conceito,spira,Undirected,10.00,0.0545
conceito,antiprograma,Undirected,3.00,0.1960
conceito,centro,Undirected,4.00,0.1551
conceito,presenca,Undirected,3.00,0.2078
conceito,argumento,Undirected,2.00,0.1099
conceito,secao,Undirected,3.00,0.0893
conceito,referencia,Undirected,13.00,0.4130
conceito,acao,Undirected,2.00,0.1389
conceito,dado,Undirected,3.00,-0.0028
conceito,linguagem,Undirected,3.00,0.1854
conceito,resultado,Undirected,3.00,0.1461
conceito,pratica,Undirected,2.00,0.0172
pratica,pesquisa,Undirected,5.00,0.0857
pratica,tecnociencia,Undirected,7.00,0.1835
pratica,pesquisador,Undirected,9.00,0.1328
pratica,processamento,Undirected,4.00,0.0765
pratica,descricao,Undirected,3.00,0.0678
pratica,rede,Undirected,7.00,-0.0625
pratica,analise,Undirected,6.00,0.0438
pratica,covideiro,Undirected,6.00,-0.0751
pratica,objeto,Undirected,52.00,0.2636
pratica,existir,Undirected,23.00,0.3415
pratica,descreve,Undirected,4.00,0.0504
pratica,partir,Undirected,4.00,-0.0230
pratica,distintas,Undirected,29.00,0.3597
pratica,argumento,Undirected,6.00,0.1216
pratica,clinica,Undirected,13.00,0.2363
pratica,escuta,Undirected,6.00,0.1582
pratica,fala,Undirected,2.00,-0.0538
pratica,spira,Undirected,3.00,-0.2039
pratica,etnografia,Undirected,7.00,0.1318
pratica,lugar,Undirected,5.00,0.1399
pratica,leitura,Undirected,3.00,0.0324
pratica,precisamente,Undirected,4.00,0.1135
pratica,versao,Undirected,5.00,0.0955
pratica,diferenca,Undirected,7.00,0.1186
pratica,padrao,Undirected,4.00,0.1067
pratica,campo,Undirected,4.00,0.0682
pratica,computacional,Undirected,4.00,0.0605
pratica,secao,Undirected,3.00,-0.0317
pratica,dado,Undirected,4.00,-0.0957
pratica,condicao,Undirected,2.00,-0.0680
pratica,distintos,Undirected,9.00,0.1918
pratica,corpo,Undirected,4.00,0.0302
pratica,artigos,Undirected,10.00,0.0617
pratica,chega,Undirected,3.00,0.0807
pratica,produz,Undirected,2.00,-0.0245
pratica,linguagem,Undirected,4.00,0.0985
pratica,visivel,Undirected,2.00,0.0018
pratica,ponto,Undirected,3.00,-0.0432
pratica,codigo,Undirected,3.00,0.0155
pratica,momento,Undirected,2.00,-0.0104
pratica,deixa,Undirected,2.00,0.0298
pratica,hospital,Undirected,3.00,0.0687
pratica,topologia,Undirected,6.00,0.1488
pratica,projeto,Undirected,2.00,-0.1330
leitura,spira,Undirected,4.00,-0.0838
leitura,etnografia,Undirected,5.00,0.1851
leitura,argumento,Undirected,3.00,0.1291
leitura,fala,Undirected,2.00,0.0339
leitura,partir,Undirected,3.00,0.0382
leitura,artigo,Undirected,5.00,0.0240
leitura,ponto,Undirected,3.00,0.0483
leitura,configuracao,Undirected,2.00,0.0773
leitura,momento,Undirected,3.00,0.1246
leitura,diferenca,Undirected,2.00,0.0611
leitura,secao,Undirected,3.00,0.0599
leitura,artigos,Undirected,2.00,-0.0277
leitura,protocolo,Undirected,3.00,0.1055
leitura,entrada,Undirected,2.00,0.1231
leitura,topologia,Undirected,3.00,0.1542
leitura,codigo,Undirected,3.00,0.1071
leitura,visivel,Undirected,3.00,0.1373
leitura,producao,Undirected,2.00,0.0869
leitura,humano,Undirected,2.00,0.0359
leitura,escala,Undirected,2.00,0.0418
leitura,tecnica,Undirected,3.00,0.1373
leitura,projeto,Undirected,2.00,-0.0452
leitura,rede,Undirected,2.00,-0.0965
sequencia,projeto,Undirected,3.00,-0.0034
sequencia,termos,Undirected,3.00,0.1013
sequencia,protocolo,Undirected,2.00,0.0590
sequencia,distintas,Undirected,2.00,0.0755
sequencia,descreve,Undirected,3.00,0.1093
sequencia,mapa,Undirected,2.00,0.1279
sequencia,objeto,Undirected,8.00,0.0828
sequencia,actante,Undirected,3.00,0.0394
sequencia,humano,Undirected,3.00,0.0814
sequencia,existir,Undirected,3.00,0.1439
sequencia,reconhecer,Undirected,2.00,0.1074
sequencia,escuta,Undirected,3.00,0.1629
sequencia,audio,Undirected,6.00,0.1364
sequencia,microfone,Undirected,3.00,0.1318
sequencia,resultado,Undirected,3.00,0.1167
sequencia,escala,Undirected,4.00,0.1224
sequencia,sistema,Undirected,2.00,0.0355
sequencia,entrada,Undirected,2.00,0.1231
fapesp,projeto,Undirected,9.00,0.1311
fapesp,spira,Undirected,16.00,0.0748
fapesp,hospitais,Undirected,2.00,0.0889
fapesp,possivel,Undirected,2.00,0.0697
fapesp,termo,Undirected,9.00,0.3282
fapesp,centro,Undirected,13.00,0.2952
fapesp,precisamente,Undirected,3.00,0.1704
fapesp,artigos,Undirected,2.00,-0.0277
fapesp,artificial,Undirected,3.00,0.1559
fapesp,momento,Undirected,3.00,0.1246
fapesp,actante,Undirected,2.00,-0.0043
fapesp,artigo,Undirected,3.00,-0.0326
fapesp,distintos,Undirected,3.00,0.1417
fapesp,condicao,Undirected,3.00,0.0645
producao,momento,Undirected,2.00,0.0875
producao,topologia,Undirected,3.00,0.1648
producao,textual,Undirected,3.00,0.1900
producao,projeto,Undirected,2.00,-0.0351
producao,spira,Undirected,5.00,-0.0492
producao,metodo,Undirected,2.00,0.0931
producao,artigo,Undirected,10.00,0.1245
producao,distintos,Undirected,2.00,0.1038
producao,dado,Undirected,14.00,0.1739
producao,chega,Undirected,2.00,0.1332
producao,resultado,Undirected,3.00,0.1272
producao,distintas,Undirected,3.00,0.1333
producao,percurso,Undirected,3.00,0.1537
producao,circula,Undirected,2.00,0.1268
producao,computacional,Undirected,2.00,0.0821
producao,objeto,Undirected,2.00,-0.0627
producao,condicao,Undirected,3.00,0.0751
producao,possivel,Undirected,3.00,0.1272
producao,versao,Undirected,2.00,0.0893
producao,produziu,Undirected,3.00,0.1479
producao,descreve,Undirected,6.00,0.2106
producao,artificial,Undirected,4.00,0.2040
partir,projeto,Undirected,10.00,0.0473
partir,rede,Undirected,27.00,0.1247
partir,ausencia,Undirected,4.00,0.1118
partir,spira,Undirected,15.00,-0.0290
partir,ponto,Undirected,11.00,0.1067
partir,escolha,Undirected,2.00,0.0144
partir,produz,Undirected,3.00,0.0241
partir,versao,Undirected,3.00,0.0408
partir,escala,Undirected,5.00,0.0603
partir,secao,Undirected,12.00,0.1460
partir,analise,Undirected,3.00,-0.0286
partir,pesquisa,Undirected,3.00,0.0315
partir,campo,Undirected,3.00,0.0408
partir,visivel,Undirected,3.00,0.0516
partir,artigos,Undirected,2.00,-0.1098
partir,coeficientes,Undirected,2.00,-0.0168
partir,computacional,Undirected,3.00,0.0333
partir,centro,Undirected,3.00,0.0040
partir,objeto,Undirected,9.00,0.0011
partir,repositorio,Undirected,7.00,0.1772
partir,protocolo,Undirected,2.00,-0.0231
partir,diferenca,Undirected,2.00,-0.0211
partir,fala,Undirected,2.00,-0.0482
partir,espectrogramas,Undirected,2.00,0.0419
partir,conjunto,Undirected,2.00,0.0047
partir,dado,Undirected,6.00,-0.0465
partir,acustico,Undirected,2.00,0.0130
partir,audio,Undirected,3.00,-0.0346
partir,corpo,Undirected,6.00,0.0854
partir,lugar,Undirected,3.00,0.0827
partir,movimento,Undirected,4.00,0.0945
partir,artigo,Undirected,2.00,-0.1554
partir,produziu,Undirected,2.00,0.0074
partir,etnografia,Undirected,4.00,0.0671
partir,onda,Undirected,4.00,0.1045
partir,gravacao,Undirected,9.00,0.2184
partir,controle,Undirected,3.00,0.0886
partir,algoritmo,Undirected,2.00,-0.0005
partir,paciente,Undirected,7.00,0.0924
partir,descricao,Undirected,3.00,0.0736
partir,covideiro,Undirected,2.00,-0.1748
partir,presenca,Undirected,2.00,0.0467
partir,vocabulario,Undirected,3.00,0.0846
partir,actante,Undirected,3.00,-0.0464
grade,dado,Undirected,5.00,0.0512
grade,processamento,Undirected,3.00,0.1599
grade,coeficientes,Undirected,9.00,0.2909
grade,escala,Undirected,6.00,0.2031
grade,centro,Undirected,4.00,0.1510
grade,acustica,Undirected,3.00,0.1883
grade,humano,Undirected,4.00,0.1423
grade,visivel,Undirected,3.00,0.1627
grade,descricao,Undirected,3.00,0.1848
grade,algoritmo,Undirected,10.00,0.3274
grade,parametros,Undirected,3.00,0.1592
grade,rede,Undirected,2.00,-0.0722
grade,audio,Undirected,2.00,0.0314
grade,paciente,Undirected,2.00,0.0571
grade,precisamente,Undirected,2.00,0.1455
grade,corpo,Undirected,2.00,0.0683
grade,pontos,Undirected,9.00,0.3722
grade,codigo,Undirected,3.00,0.1325
percurso,spira,Undirected,10.00,0.0427
percurso,pontos,Undirected,2.00,0.1524
percurso,secao,Undirected,5.00,0.1422
percurso,ponto,Undirected,5.00,0.1300
percurso,analise,Undirected,9.00,0.2215
percurso,textual,Undirected,8.00,0.3409
percurso,artigos,Undirected,2.00,-0.0093
percurso,paciente,Undirected,4.00,0.1325
percurso,diferenca,Undirected,3.00,0.1269
percurso,dado,Undirected,4.00,0.0187
percurso,covid,Undirected,2.00,0.0308
percurso,espectrogramas,Undirected,3.00,0.1925
percurso,ausencia,Undirected,3.00,0.1821
percurso,movimento,Undirected,6.00,0.2599
percurso,inscrito,Undirected,2.00,0.1282
percurso,resultado,Undirected,2.00,0.0882
percurso,latour,Undirected,2.00,0.0371
percurso,chega,Undirected,2.00,0.1415
repositorio,pesquisa,Undirected,5.00,0.2156
repositorio,covideiro,Undirected,8.00,0.0575
repositorio,artigo,Undirected,7.00,0.0993
repositorio,espectrogramas,Undirected,3.00,0.2044
repositorio,secao,Undirected,5.00,0.1548
repositorio,projeto,Undirected,9.00,0.1664
repositorio,celular,Undirected,13.00,0.1829
repositorio,dado,Undirected,5.00,0.0309
repositorio,pacientes,Undirected,2.00,0.0306
repositorio,hospital,Undirected,13.00,0.3521
repositorio,circula,Undirected,8.00,0.2938
repositorio,inscrito,Undirected,2.00,0.1396
repositorio,chega,Undirected,6.00,0.3010
repositorio,disponivel,Undirected,7.00,0.2895
repositorio,acesso,Undirected,6.00,0.2579
repositorio,rede,Undirected,4.00,0.0056
repositorio,textual,Undirected,2.00,0.1597
topologia,escala,Undirected,3.00,0.1178
topologia,objeto,Undirected,9.00,0.1328
topologia,rede,Undirected,31.00,0.2963
topologia,spira,Undirected,12.00,0.0799
topologia,actante,Undirected,2.00,0.0247
topologia,entrada,Undirected,3.00,0.2026
topologia,covideiro,Undirected,7.00,0.0760
topologia,artigo,Undirected,4.00,0.0298
topologia,artificial,Undirected,2.00,0.1364
topologia,escuta,Undirected,4.00,0.2315
topologia,clinica,Undirected,4.00,0.1994
topologia,sistema,Undirected,3.00,0.1112
topologia,reconhecer,Undirected,2.00,0.1364
topologia,ponto,Undirected,2.00,0.0333
topologia,espectrogramas,Undirected,2.00,0.1530
topologia,projeto,Undirected,5.00,0.0870
topologia,artigos,Undirected,2.00,0.0013
linguagem,pesquisa,Undirected,2.00,0.1009
linguagem,processamento,Undirected,33.00,0.5751
linguagem,campo,Undirected,5.00,0.2262
linguagem,sistema,Undirected,2.00,0.0661
linguagem,etnografia,Undirected,2.00,0.1032
linguagem,pesquisador,Undirected,5.00,0.1873
linguagem,projeto,Undirected,7.00,0.1324
linguagem,algoritmo,Undirected,2.00,0.1123
linguagem,circula,Undirected,2.00,0.1473
linguagem,diferenca,Undirected,3.00,0.1396
linguagem,produz,Undirected,3.00,0.1418
linguagem,tecnica,Undirected,3.00,0.1693
linguagem,clinica,Undirected,2.00,0.1148
linguagem,escolha,Undirected,3.00,0.1767
linguagem,parametros,Undirected,2.00,0.1168
mapa,spira,Undirected,3.00,-0.0589
mapa,covideiro,Undirected,2.00,-0.0415
mapa,pandemico,Undirected,2.00,0.1267
mapa,ponto,Undirected,3.00,0.1017
mapa,argumento,Undirected,10.00,0.3596
mapa,disponivel,Undirected,10.00,0.3546
mapa,rede,Undirected,8.00,0.1148
mapa,versao,Undirected,6.00,0.2755
mapa,projeto,Undirected,3.00,0.0500
mapa,objeto,Undirected,2.00,-0.0216
mapa,vocabulario,Undirected,2.00,0.1723
mapa,produz,Undirected,3.00,0.1632
mapa,latour,Undirected,3.00,0.1168
mapa,resultado,Undirected,2.00,0.1209
hospital,spira,Undirected,3.00,-0.0761
hospital,celular,Undirected,3.00,0.0993
hospital,algoritmo,Undirected,2.00,0.1164
hospital,covid,Undirected,3.00,0.0931
hospital,paciente,Undirected,3.00,0.1143
hospital,pessoa,Undirected,3.00,0.2136
hospital,informacao,Undirected,2.00,0.1597
hospital,pesquisa,Undirected,3.00,0.1535
hospital,circula,Undirected,11.00,0.3819
hospital,clinica,Undirected,2.00,0.1190
hospital,dado,Undirected,4.00,0.0363
hospital,lugar,Undirected,3.00,0.2047
pontos,clinica,Undirected,2.00,0.1415
pontos,celular,Undirected,5.00,0.1885
pontos,coeficientes,Undirected,3.00,0.1718
pontos,escala,Undirected,2.00,0.0990
pontos,entrada,Undirected,10.00,0.3041
pontos,analise,Undirected,2.00,0.0700
pontos,microfone,Undirected,2.00,0.1415
pontos,codigo,Undirected,4.00,0.2043
padrao,coeficientes,Undirected,9.00,0.3073
padrao,artigo,Undirected,3.00,0.0073
padrao,clinica,Undirected,3.00,0.1716
padrao,medicos,Undirected,2.00,0.1362
padrao,campo,Undirected,6.00,0.2609
padrao,processamento,Undirected,2.00,0.1250
padrao,audio,Undirected,7.00,0.2012
padrao,acustico,Undirected,6.00,0.2789
padrao,existir,Undirected,8.00,0.2798
padrao,celular,Undirected,2.00,0.0566
padrao,visivel,Undirected,3.00,0.1772
padrao,escala,Undirected,2.00,0.0800
padrao,spira,Undirected,18.00,0.1505
padrao,humano,Undirected,2.00,0.0741
padrao,escolha,Undirected,3.00,0.1845
padrao,algoritmo,Undirected,6.00,0.2637
padrao,distintas,Undirected,2.00,0.1137
padrao,espectrogramas,Undirected,3.00,0.2132
chega,artigo,Undirected,14.00,0.2073
chega,paciente,Undirected,3.00,0.1264
chega,descricao,Undirected,3.00,0.2077
chega,covideiro,Undirected,9.00,0.1297
chega,objeto,Undirected,4.00,0.0489
chega,momento,Undirected,2.00,0.1237
chega,resultado,Undirected,3.00,0.1650
chega,microfone,Undirected,5.00,0.2492
chega,ambiente,Undirected,3.00,0.2104
chega,actante,Undirected,2.00,0.0420
chega,spira,Undirected,3.00,-0.0640
chega,ponto,Undirected,3.00,0.0967
chega,sistema,Undirected,3.00,0.1293
chega,onda,Undirected,2.00,0.1537
chega,codigo,Undirected,3.00,0.1555
chega,dado,Undirected,3.00,0.0161
chega,algoritmo,Undirected,3.00,0.1775
paciente,covideiro,Undirected,8.00,0.0081
paciente,audio,Undirected,5.00,0.0375
paciente,clinica,Undirected,6.00,0.1739
paciente,escuta,Undirected,2.00,0.0700
paciente,fala,Undirected,16.00,0.2618
paciente,celular,Undirected,9.00,0.1543
paciente,campo,Undirected,6.00,0.1682
paciente,inscrito,Undirected,2.00,0.0658
paciente,corpo,Undirected,21.00,0.3221
paciente,ruido,Undirected,2.00,-0.0364
paciente,spira,Undirected,10.00,-0.0322
paciente,produz,Undirected,3.00,0.0639
paciente,pesquisador,Undirected,2.00,-0.0001
paciente,protocolo,Undirected,9.00,0.2025
paciente,antiprograma,Undirected,3.00,0.1206
paciente,termos,Undirected,2.00,0.0111
paciente,actante,Undirected,2.00,-0.0483
paciente,distintos,Undirected,5.00,0.1598
paciente,gravacao,Undirected,3.00,0.1134
paciente,processamento,Undirected,2.00,0.0428
paciente,dado,Undirected,2.00,-0.1169
paciente,escolha,Undirected,3.00,0.0988
paciente,momento,Undirected,2.00,0.0333
paciente,conjunto,Undirected,3.00,0.0886
paciente,condicao,Undirected,2.00,-0.0242
paciente,controle,Undirected,4.00,0.1646
paciente,acustico,Undirected,4.00,0.1325
paciente,coeficientes,Undirected,2.00,0.0213
paciente,onda,Undirected,8.00,0.2220
paciente,resultado,Undirected,2.00,0.0257
paciente,objeto,Undirected,6.00,-0.0033
paciente,microfone,Undirected,3.00,0.0858
paciente,covid,Undirected,2.00,-0.0316
paciente,descreve,Undirected,3.00,0.0633
computacional,diferenca,Undirected,3.00,0.1027
computacional,projeto,Undirected,6.00,0.0721
computacional,configuracao,Undirected,2.00,0.0726
computacional,dado,Undirected,13.00,0.1443
computacional,algoritmo,Undirected,2.00,0.0770
computacional,acustica,Undirected,3.00,0.1580
computacional,sistema,Undirected,3.00,0.0760
computacional,spira,Undirected,4.00,-0.0889
computacional,clinica,Undirected,4.00,0.1631
computacional,audio,Undirected,3.00,0.0463
computacional,covideiro,Undirected,4.00,-0.0275
computacional,acustico,Undirected,4.00,0.1748
computacional,medicos,Undirected,2.00,0.0934
computacional,artigo,Undirected,5.00,0.0188
computacional,ponto,Undirected,2.00,-0.0004
computacional,distintas,Undirected,2.00,0.0708
computacional,processamento,Undirected,3.00,0.1296
computacional,existir,Undirected,2.00,0.0912
computacional,objeto,Undirected,12.00,0.1329
computacional,produziu,Undirected,2.00,0.0848
computacional,rede,Undirected,5.00,-0.0069
computacional,escala,Undirected,6.00,0.1703
computacional,artificial,Undirected,2.00,0.1026
computacional,metodo,Undirected,6.00,0.2168
computacional,textual,Undirected,2.00,0.1252
dado,spira,Undirected,45.00,0.0237
dado,coeficientes,Undirected,4.00,-0.0135
dado,projeto,Undirected,8.00,-0.0598
dado,pacientes,Undirected,13.00,0.0559
dado,covideiro,Undirected,35.00,0.0772
dado,ambiente,Undirected,7.00,0.1073
dado,algoritmo,Undirected,10.00,0.1186
dado,ruido,Undirected,14.00,0.0536
dado,conjunto,Undirected,28.00,0.2900
dado,diferenca,Undirected,6.00,0.0285
dado,pesquisador,Undirected,4.00,-0.0365
dado,hospitais,Undirected,6.00,0.0599
dado,rede,Undirected,7.00,-0.1337
dado,covid,Undirected,16.00,0.0997
dado,vocabulario,Undirected,3.00,0.0141
dado,audio,Undirected,23.00,0.1479
dado,actante,Undirected,3.00,-0.1169
dado,pandemico,Undirected,12.00,0.1370
dado,condicao,Undirected,3.00,-0.0917
dado,voz,Undirected,5.00,0.0564
dado,produz,Undirected,2.00,-0.0865
dado,corpo,Undirected,5.00,-0.0119
dado,ponto,Undirected,4.00,-0.0792
dado,artigos,Undirected,5.00,-0.0910
dado,possivel,Undirected,3.00,-0.0396
dado,etapa,Undirected,5.00,0.0618
dado,processamento,Undirected,4.00,0.0097
dado,sistema,Undirected,9.00,0.0494
dado,codigo,Undirected,4.00,-0.0186
dado,fala,Undirected,2.00,-0.1158
dado,distintos,Undirected,3.00,-0.0145
dado,escolha,Undirected,3.00,-0.0115
dado,termos,Undirected,8.00,0.0573
dado,tecnica,Undirected,2.00,-0.0601
dado,distintas,Undirected,5.00,0.0230
dado,tecnociencia,Undirected,2.00,-0.0321
dado,espectrogramas,Undirected,3.00,0.0171
dado,antiprograma,Undirected,3.00,0.0103
dado,objeto,Undirected,3.00,-0.1884
dado,artificial,Undirected,9.00,0.1345
dado,artigo,Undirected,4.00,-0.1627
dado,entrada,Undirected,3.00,0.0161
dado,escala,Undirected,5.00,-0.0143
dado,secao,Undirected,2.00,-0.1343
dado,onda,Undirected,2.00,-0.0423
dado,parametros,Undirected,3.00,-0.0224
dado,produziu,Undirected,3.00,-0.0189
dado,circula,Undirected,3.00,0.0094
dado,metodo,Undirected,6.00,0.0532
termo,vocabulario,Undirected,2.00,0.1657
termo,coeficientes,Undirected,2.00,0.1098
termo,rede,Undirected,3.00,-0.0104
termo,possivel,Undirected,3.00,0.1631
termo,centro,Undirected,6.00,0.2283
termo,spira,Undirected,7.00,0.0283
termo,etnografia,Undirected,2.00,0.1171
termo,etapa,Undirected,3.00,0.2058
termo,objeto,Undirected,4.00,0.0469
termo,condicao,Undirected,3.00,0.1109
termo,covideiro,Undirected,2.00,-0.0482
presenca,rede,Undirected,5.00,0.0296
presenca,ponto,Undirected,2.00,0.0564
presenca,corpo,Undirected,7.00,0.2596
presenca,informacao,Undirected,4.00,0.2682
presenca,covideiro,Undirected,2.00,-0.0405
presenca,ruido,Undirected,4.00,0.1418
presenca,ausencia,Undirected,9.00,0.3815
presenca,precisamente,Undirected,3.00,0.2248
presenca,condicao,Undirected,4.00,0.1549
presenca,projeto,Undirected,2.00,0.0069
presenca,visivel,Undirected,2.00,0.1417
ausencia,ponto,Undirected,4.00,0.1222
ausencia,artigos,Undirected,4.00,0.0878
ausencia,spira,Undirected,2.00,-0.1123
ausencia,ruido,Undirected,3.00,0.0908
ausencia,deixa,Undirected,3.00,0.2055
ausencia,protocolo,Undirected,2.00,0.0964
ausencia,projeto,Undirected,6.00,0.1195
ausencia,rede,Undirected,2.00,-0.0592
ausencia,termos,Undirected,2.00,0.0924
ausencia,produziu,Undirected,2.00,0.1269
ausencia,precisamente,Undirected,3.00,0.2093
ausencia,condicao,Undirected,4.00,0.1389
ausencia,possivel,Undirected,3.00,0.1556
ausencia,parte,Undirected,2.00,0.1514
ausencia,existir,Undirected,2.00,0.1332
ausencia,inscrito,Undirected,3.00,0.1974
campo,pesquisa,Undirected,9.00,0.2708
campo,processamento,Undirected,15.00,0.3768
campo,etnografia,Undirected,4.00,0.1582
campo,ponto,Undirected,3.00,0.0509
campo,momento,Undirected,4.00,0.1633
campo,produz,Undirected,2.00,0.0656
campo,resultado,Undirected,5.00,0.1847
campo,audio,Undirected,4.00,0.0876
campo,celular,Undirected,2.00,0.0208
campo,inscrito,Undirected,2.00,0.1122
campo,spira,Undirected,3.00,-0.1098
campo,rede,Undirected,2.00,-0.0941
campo,visivel,Undirected,5.00,0.2066
campo,possivel,Undirected,2.00,0.0722
campo,termos,Undirected,2.00,0.0575
campo,pesquisador,Undirected,4.00,0.1274
campo,actante,Undirected,2.00,-0.0019
campo,acao,Undirected,2.00,0.1131
campo,programa,Undirected,2.00,0.0962
campo,projeto,Undirected,4.00,0.0313
campo,clinica,Undirected,3.00,0.1343
campo,condicao,Undirected,4.00,0.1013
campo,antiprograma,Undirected,3.00,0.1691
campo,metodo,Undirected,6.00,0.2248
campo,pandemico,Undirected,3.00,0.1253
onda,humano,Undirected,2.00,0.0665
onda,hospitais,Undirected,2.00,0.1195
onda,artigos,Undirected,2.00,0.0030
onda,objeto,Undirected,5.00,0.0583
onda,microfone,Undirected,8.00,0.3019
onda,etapa,Undirected,3.00,0.1913
onda,produziu,Undirected,3.00,0.1693
onda,algoritmo,Undirected,2.00,0.1123
onda,spira,Undirected,4.00,-0.0508
onda,visivel,Undirected,2.00,0.1202
onda,codigo,Undirected,2.00,0.0912
onda,descreve,Undirected,2.00,0.0933
onda,actante,Undirected,2.00,0.0263
onda,pessoa,Undirected,2.00,0.1585
termos,ponto,Undirected,3.00,0.0257
termos,entrada,Undirected,2.00,0.1014
termos,artigo,Undirected,8.00,0.0402
termos,acesso,Undirected,2.00,0.0632
termos,aliados,Undirected,2.00,0.1014
termos,referencia,Undirected,3.00,0.1367
termos,latour,Undirected,11.00,0.2110
termos,spira,Undirected,8.00,-0.0323
termos,actante,Undirected,4.00,0.0494
termos,projeto,Undirected,3.00,-0.0260
termos,rede,Undirected,10.00,0.0447
termos,ambiente,Undirected,2.00,0.0915
termos,configuracao,Undirected,3.00,0.1020
termos,conjunto,Undirected,2.00,0.0652
termos,descricao,Undirected,2.00,0.0890
termos,pesquisador,Undirected,3.00,0.0671
termos,secao,Undirected,7.00,0.1419
termos,artigos,Undirected,2.00,-0.0493
termos,argumento,Undirected,2.00,0.0600
termos,reconhecer,Undirected,3.00,0.1333
termos,parte,Undirected,3.00,0.1403
termos,textual,Undirected,3.00,0.1568
acustico,objeto,Undirected,7.00,0.0867
acustico,covideiro,Undirected,2.00,-0.0743
acustico,ambiente,Undirected,9.00,0.3406
acustico,controle,Undirected,9.00,0.3545
acustico,medicos,Undirected,3.00,0.1655
acustico,fala,Undirected,5.00,0.1627
acustico,momento,Undirected,2.00,0.0957
acustico,microfone,Undirected,2.00,0.1026
acustico,lugar,Undirected,6.00,0.2840
acustico,hospitais,Undirected,2.00,0.1073
acustico,argumento,Undirected,2.00,0.1001
acustico,audio,Undirected,3.00,0.0704
acustico,codigo,Undirected,3.00,0.1263
acustico,pesquisador,Undirected,2.00,0.0624
acustico,pacientes,Undirected,2.00,0.0192
acustico,sistema,Undirected,2.00,0.0539
existir,spira,Undirected,12.00,0.0678
existir,centro,Undirected,5.00,0.1746
existir,descreve,Undirected,2.00,0.0818
existir,distintas,Undirected,5.00,0.2095
existir,objeto,Undirected,21.00,0.2513
existir,artigo,Undirected,6.00,0.0674
existir,projeto,Undirected,3.00,0.0166
existir,momento,Undirected,2.00,0.0965
existir,acustica,Undirected,5.00,0.2521
existir,versao,Undirected,3.00,0.1465
existir,tecnociencia,Undirected,2.00,0.1367
existir,argumento,Undirected,3.00,0.1491
existir,corpos,Undirected,2.00,0.1281
existir,parte,Undirected,3.00,0.1829
existir,algoritmo,Undirected,2.00,0.1008
existir,pessoa,Undirected,2.00,0.1470
existir,produziu,Undirected,3.00,0.1573
existir,inscrito,Undirected,3.00,0.1785
descricao,pacientes,Undirected,3.00,0.0801
descricao,rede,Undirected,3.00,-0.0215
descricao,escolha,Undirected,2.00,0.1305
descricao,entrada,Undirected,3.00,0.2077
descricao,objeto,Undirected,4.00,0.0355
descricao,spira,Undirected,11.00,0.0740
descricao,projeto,Undirected,23.00,0.3237
descricao,artigos,Undirected,9.00,0.1921
descricao,centro,Undirected,2.00,0.0779
descricao,secao,Undirected,3.00,0.0953
descricao,antiprograma,Undirected,2.00,0.1515
descricao,etnografia,Undirected,3.00,0.1550
descricao,visivel,Undirected,4.00,0.2104
descricao,sistema,Undirected,2.00,0.0694
descricao,deixa,Undirected,2.00,0.1515
diferenca,distintas,Undirected,2.00,0.0599
diferenca,descreve,Undirected,3.00,0.0930
diferenca,tecnica,Undirected,4.00,0.1570
diferenca,metodo,Undirected,3.00,0.1141
diferenca,secao,Undirected,5.00,0.1046
diferenca,produz,Undirected,2.00,0.0476
diferenca,artigos,Undirected,2.00,-0.0433
diferenca,acustica,Undirected,3.00,0.1466
diferenca,spira,Undirected,5.00,-0.0777
diferenca,covideiro,Undirected,4.00,-0.0393
diferenca,artigo,Undirected,3.00,-0.0489
diferenca,textual,Undirected,2.00,0.1142
diferenca,produziu,Undirected,3.00,0.1210
diferenca,entrada,Undirected,2.00,0.1074
diferenca,parametros,Undirected,2.00,0.0706
diferenca,codigo,Undirected,5.00,0.1258
diferenca,humano,Undirected,3.00,0.0650
diferenca,objeto,Undirected,2.00,-0.0884
diferenca,latour,Undirected,3.00,0.0471
diferenca,corpos,Undirected,3.00,0.1413
diferenca,escala,Undirected,2.00,0.0261
diferenca,vocabulario,Undirected,2.00,0.1056
metodo,etnografia,Undirected,5.00,0.1920
metodo,spira,Undirected,9.00,0.0148
metodo,condicao,Undirected,3.00,0.0710
metodo,projeto,Undirected,5.00,0.0618
metodo,covideiro,Undirected,6.00,0.0309
metodo,artigo,Undirected,8.00,0.0895
metodo,produziu,Undirected,3.00,0.1438
metodo,distintas,Undirected,2.00,0.0817
metodo,latour,Undirected,4.00,0.1043
metodo,secao,Undirected,14.00,0.2408
metodo,parte,Undirected,2.00,0.1202
metodo,processamento,Undirected,3.00,0.1410
metodo,escolha,Undirected,6.00,0.2445
metodo,ruido,Undirected,2.00,0.0139
metodo,artificial,Undirected,5.00,0.2304
metodo,analise,Undirected,3.00,0.0636
metodo,produz,Undirected,3.00,0.1163
metodo,codigo,Undirected,9.00,0.2260
metodo,visivel,Undirected,2.00,0.0957
metodo,pesquisa,Undirected,3.00,0.1237
metodo,rede,Undirected,2.00,-0.0903
corpos,pacientes,Undirected,4.00,0.1130
corpos,covideiro,Undirected,11.00,0.1131
corpos,rede,Undirected,2.00,-0.0642
corpos,ponto,Undirected,2.00,0.0365
corpos,covid,Undirected,4.00,0.1255
corpos,voz,Undirected,3.00,0.1879
corpos,actante,Undirected,3.00,0.0730
corpos,pesquisador,Undirected,2.00,0.0762
corpos,hospitais,Undirected,3.00,0.1703
corpos,inscrito,Undirected,2.00,0.1421
corpos,condicao,Undirected,2.00,0.0520
corpos,ruido,Undirected,4.00,0.1204
corpos,parte,Undirected,3.00,0.1966
corpos,parametros,Undirected,5.00,0.2358
corpos,processamento,Undirected,3.00,0.1682
corpos,visivel,Undirected,2.00,0.1218
pesquisa,processamento,Undirected,3.00,0.1278
pesquisa,rede,Undirected,3.00,-0.0636
pesquisa,spira,Undirected,8.00,-0.0145
pesquisa,programa,Undirected,7.00,0.2495
pesquisa,centro,Undirected,9.00,0.2116
pesquisa,secao,Undirected,2.00,0.0089
pesquisa,distintas,Undirected,2.00,0.0691
pesquisa,humano,Undirected,2.00,0.0295
pesquisa,clinica,Undirected,4.00,0.1612
pesquisa,hospitais,Undirected,3.00,0.1299
pesquisa,condicao,Undirected,3.00,0.0578
pesquisa,ruido,Undirected,2.00,0.0012
pesquisa,ponto,Undirected,2.00,-0.0021
pesquisa,objeto,Undirected,3.00,-0.0388
pesquisa,precisamente,Undirected,3.00,0.1637
pesquisa,versao,Undirected,3.00,0.1198
pesquisa,textual,Undirected,2.00,0.1234
pesquisa,analise,Undirected,2.00,0.0063
precisamente,possivel,Undirected,4.00,0.2004
precisamente,pandemico,Undirected,2.00,0.1200
precisamente,covideiro,Undirected,4.00,0.0254
precisamente,actante,Undirected,2.00,0.0401
precisamente,ruido,Undirected,5.00,0.1335
precisamente,programa,Undirected,2.00,0.1382
precisamente,secao,Undirected,3.00,0.1063
precisamente,latour,Undirected,2.00,0.0632
precisamente,artigo,Undirected,6.00,0.0960
precisamente,objeto,Undirected,7.00,0.1166
precisamente,momento,Undirected,3.00,0.1710
precisamente,algoritmo,Undirected,2.00,0.1261
precisamente,clinica,Undirected,2.00,0.1287
precisamente,artigos,Undirected,2.00,0.0168
circula,latour,Undirected,5.00,0.1051
circula,spira,Undirected,7.00,0.0231
circula,tecnociencia,Undirected,8.00,0.3302
circula,argumento,Undirected,5.00,0.2393
circula,covideiro,Undirected,7.00,0.0886
circula,artigos,Undirected,5.00,0.1185
circula,momento,Undirected,3.00,0.1663
circula,possivel,Undirected,2.00,0.1097
circula,humano,Undirected,2.00,0.0759
circula,artigo,Undirected,9.00,0.1452
circula,rede,Undirected,3.00,-0.0152
circula,etapa,Undirected,3.00,0.2010
circula,lugar,Undirected,2.00,0.1593
circula,corpo,Undirected,5.00,0.1976
circula,produziu,Undirected,6.00,0.2746
circula,pandemico,Undirected,2.00,0.1155
aliados,covideiro,Undirected,5.00,0.0537
aliados,spira,Undirected,3.00,-0.0640
aliados,objeto,Undirected,2.00,-0.0265
aliados,coeficientes,Undirected,2.00,0.1117
aliados,rede,Undirected,8.00,0.1092
aliados,descreve,Undirected,3.00,0.1576
aliados,antiprograma,Undirected,3.00,0.2149
aliados,artigo,Undirected,5.00,0.0752
aliados,medicos,Undirected,2.00,0.1444
aliados,escala,Undirected,2.00,0.0881
aliados,projeto,Undirected,2.00,0.0011
tecnociencia,spira,Undirected,18.00,0.1540
tecnociencia,descreve,Undirected,3.00,0.1519
tecnociencia,secao,Undirected,3.00,0.1025
tecnociencia,argumento,Undirected,5.00,0.2403
tecnociencia,actante,Undirected,3.00,0.0820
tecnociencia,artigos,Undirected,6.00,0.1433
tecnociencia,voz,Undirected,2.00,0.1466
tecnociencia,artigo,Undirected,5.00,0.0691
tecnociencia,vocabulario,Undirected,2.00,0.1620
tecnociencia,objeto,Undirected,3.00,0.0105
tecnociencia,ponto,Undirected,2.00,0.0451
tecnociencia,possivel,Undirected,2.00,0.1106
tecnociencia,projeto,Undirected,3.00,0.0393
tecnociencia,covideiro,Undirected,2.00,-0.0519
tecnociencia,latour,Undirected,2.00,0.0596
espectrogramas,versao,Undirected,3.00,0.1759
espectrogramas,secao,Undirected,6.00,0.1992
espectrogramas,artigos,Undirected,3.00,0.0643
espectrogramas,pandemico,Undirected,2.00,0.1228
espectrogramas,coeficientes,Undirected,3.00,0.1614
espectrogramas,fala,Undirected,6.00,0.1946
espectrogramas,parametros,Undirected,3.00,0.1832
espectrogramas,rede,Undirected,11.00,0.1411
espectrogramas,neural,Undirected,2.00,0.1289
espectrogramas,distintas,Undirected,3.00,0.1721
espectrogramas,argumento,Undirected,3.00,0.1785
espectrogramas,escala,Undirected,6.00,0.2290
espectrogramas,voz,Undirected,3.00,0.2036
espectrogramas,algoritmo,Undirected,2.00,0.1289
espectrogramas,gravacao,Undirected,2.00,0.1579
espectrogramas,audio,Undirected,2.00,0.0543
espectrogramas,spira,Undirected,2.00,-0.1024
projeto,spira,Undirected,71.00,0.1534
projeto,centro,Undirected,9.00,0.0922
projeto,artigos,Undirected,48.00,0.2680
projeto,reconhecer,Undirected,2.00,-0.0146
projeto,objeto,Undirected,5.00,-0.1103
projeto,rede,Undirected,15.00,-0.0122
projeto,secao,Undirected,7.00,0.0267
projeto,processamento,Undirected,7.00,0.1088
projeto,condicao,Undirected,2.00,-0.1022
projeto,analise,Undirected,4.00,-0.0403
projeto,covideiro,Undirected,10.00,-0.0574
projeto,disponivel,Undirected,9.00,0.1495
projeto,textual,Undirected,3.00,0.0521
projeto,covid,Undirected,5.00,-0.0161
projeto,audio,Undirected,11.00,0.0750
projeto,codigo,Undirected,4.00,0.0113
projeto,artigo,Undirected,2.00,-0.1952
projeto,actante,Undirected,6.00,-0.0140
projeto,descreve,Undirected,17.00,0.2088
projeto,tecnica,Undirected,4.00,0.0425
projeto,pacientes,Undirected,4.00,-0.0532
projeto,neural,Undirected,3.00,0.0018
projeto,fala,Undirected,4.00,-0.0175
projeto,distintas,Undirected,7.00,0.0958
projeto,latour,Undirected,2.00,-0.1032
projeto,versao,Undirected,2.00,-0.0428
projeto,medicos,Undirected,4.00,0.0516
projeto,acesso,Undirected,7.00,0.1066
projeto,pandemico,Undirected,5.00,0.0536
projeto,distintos,Undirected,2.00,-0.0283
projeto,celular,Undirected,2.00,-0.1036
projeto,sistema,Undirected,2.00,-0.0865
projeto,vocabulario,Undirected,3.00,0.0431
projeto,clinica,Undirected,3.00,0.0045
projeto,deixa,Undirected,2.00,-0.0044
projeto,antiprograma,Undirected,3.00,0.0393
projeto,possivel,Undirected,3.00,-0.0107
projeto,etnografia,Undirected,3.00,-0.0077
projeto,pesquisador,Undirected,3.00,-0.0376
projeto,escolha,Undirected,2.00,-0.0254
projeto,ponto,Undirected,3.00,-0.0790
projeto,produziu,Undirected,3.00,0.0100
projeto,produz,Undirected,4.00,0.0141
projeto,corpo,Undirected,2.00,-0.0780
projeto,artificial,Undirected,2.00,-0.0146
projeto,argumento,Undirected,3.00,0.0018
projeto,gravacao,Undirected,3.00,0.0320
sistema,processamento,Undirected,3.00,0.0915
sistema,fala,Undirected,4.00,0.0695
sistema,spira,Undirected,12.00,-0.0063
sistema,artificial,Undirected,6.00,0.2031
sistema,pesquisador,Undirected,4.00,0.0803
sistema,celular,Undirected,2.00,-0.0228
sistema,condicao,Undirected,6.00,0.1043
sistema,artigo,Undirected,6.00,-0.0459
sistema,pacientes,Undirected,3.00,0.0016
sistema,covideiro,Undirected,6.00,-0.0226
sistema,informacao,Undirected,2.00,0.0837
sistema,actante,Undirected,6.00,0.0771
sistema,objeto,Undirected,6.00,-0.0002
sistema,vocabulario,Undirected,3.00,0.1273
sistema,acesso,Undirected,4.00,0.1244
sistema,momento,Undirected,5.00,0.1448
sistema,voz,Undirected,4.00,0.1469
sistema,reconhecer,Undirected,6.00,0.2031
sistema,pandemico,Undirected,3.00,0.0797
sistema,possivel,Undirected,5.00,0.1364
sistema,gravacao,Undirected,4.00,0.1522
sistema,humano,Undirected,2.00,-0.0053
sistema,acustica,Undirected,3.00,0.1199
distintas,spira,Undirected,6.00,-0.0417
distintas,rede,Undirected,3.00,-0.0581
distintas,objeto,Undirected,9.00,0.0970
distintas,distintos,Undirected,7.00,0.2555
distintas,artigo,Undirected,3.00,-0.0338
distintas,covideiro,Undirected,3.00,-0.0541
distintas,ruido,Undirected,4.00,0.0843
distintas,algoritmo,Undirected,3.00,0.1279
distintas,fala,Undirected,2.00,0.0327
distintas,condicao,Undirected,6.00,0.1494
distintas,escolha,Undirected,2.00,0.0954
distintas,processamento,Undirected,3.00,0.1333
distintas,inscrito,Undirected,2.00,0.1086
distintas,pacientes,Undirected,3.00,0.0434
distintas,audio,Undirected,2.00,0.0058
distintas,gravacao,Undirected,2.00,0.1094
conjunto,pesquisador,Undirected,2.00,0.0541
conjunto,pacientes,Undirected,9.00,0.1976
conjunto,audio,Undirected,3.00,0.0618
conjunto,covid,Undirected,3.00,0.0674
conjunto,configuracao,Undirected,5.00,0.2016
conjunto,actante,Undirected,6.00,0.1350
conjunto,humano,Undirected,3.00,0.0460
conjunto,covideiro,Undirected,6.00,0.0353
conjunto,disponivel,Undirected,3.00,0.1508
conjunto,coeficientes,Undirected,5.00,0.1226
conjunto,secao,Undirected,2.00,0.0255
conjunto,referencia,Undirected,2.00,0.1208
conjunto,programa,Undirected,5.00,0.2197
conjunto,acao,Undirected,3.00,0.1699
conjunto,spira,Undirected,3.00,-0.1018
conjunto,ruido,Undirected,3.00,0.0624
resultado,produz,Undirected,2.00,0.0562
resultado,analise,Undirected,3.00,0.0498
resultado,descreve,Undirected,3.00,0.1020
resultado,latour,Undirected,3.00,0.0561
resultado,protocolo,Undirected,4.00,0.1335
resultado,objeto,Undirected,5.00,0.0168
resultado,deixa,Undirected,2.00,0.1106
resultado,ruido,Undirected,5.00,0.1056
resultado,configuracao,Undirected,2.00,0.0703
resultado,centro,Undirected,3.00,0.0824
resultado,artigos,Undirected,3.00,0.0077
resultado,covid,Undirected,3.00,0.0495
resultado,gravacao,Undirected,3.00,0.1521
resultado,parametros,Undirected,2.00,0.0792
resultado,codigo,Undirected,4.00,0.1351
resultado,referencia,Undirected,3.00,0.1521
resultado,condicao,Undirected,2.00,0.0128
resultado,artigo,Undirected,3.00,-0.0399
resultado,rede,Undirected,3.00,-0.0642
acesso,artigos,Undirected,3.00,0.0235
acesso,disponivel,Undirected,25.00,0.4906
acesso,codigo,Undirected,2.00,0.0687
acesso,artigo,Undirected,8.00,0.0550
acesso,audio,Undirected,5.00,0.1217
acesso,celular,Undirected,3.00,0.0716
acesso,rede,Undirected,3.00,-0.0484
acesso,hospitais,Undirected,6.00,0.2380
acesso,actante,Undirected,4.00,0.0815
acesso,spira,Undirected,8.00,0.0025
acesso,parametros,Undirected,3.00,0.1423
acesso,fala,Undirected,3.00,0.0878
acesso,ponto,Undirected,3.00,0.0568
acesso,covideiro,Undirected,3.00,-0.0444
acesso,secao,Undirected,4.00,0.1027
acesso,controle,Undirected,2.00,0.1331
vocabulario,covideiro,Undirected,6.00,0.0741
vocabulario,secao,Undirected,12.00,0.3015
vocabulario,movimento,Undirected,2.00,0.1425
vocabulario,etnografia,Undirected,3.00,0.1661
vocabulario,spira,Undirected,8.00,0.0450
vocabulario,configuracao,Undirected,2.00,0.1218
vocabulario,fala,Undirected,2.00,0.0784
vocabulario,latour,Undirected,3.00,0.1098
vocabulario,artigo,Undirected,3.00,0.0138
vocabulario,distintos,Undirected,3.00,0.1881
vocabulario,controle,Undirected,2.00,0.1694
vocabulario,textual,Undirected,2.00,0.1743
argumento,etnografia,Undirected,5.00,0.1906
argumento,audio,Undirected,2.00,0.0120
argumento,latour,Undirected,13.00,0.2700
argumento,spira,Undirected,11.00,0.0388
argumento,ponto,Undirected,5.00,0.1151
argumento,rede,Undirected,2.00,-0.0916
argumento,covideiro,Undirected,4.00,-0.0171
argumento,secao,Undirected,8.00,0.1915
argumento,parte,Undirected,3.00,0.1681
argumento,algoritmo,Undirected,3.00,0.1343
argumento,produz,Undirected,3.00,0.1150
textual,objeto,Undirected,3.00,0.0233
textual,produz,Undirected,3.00,0.1653
textual,actante,Undirected,2.00,0.0488
textual,analise,Undirected,27.00,0.4438
textual,rede,Undirected,53.00,0.3976
textual,secao,Undirected,3.00,0.1154
textual,spira,Undirected,2.00,-0.0965
textual,artigos,Undirected,6.00,0.1572
textual,covid,Undirected,2.00,0.0655
textual,versao,Undirected,3.00,0.1820
objeto,actante,Undirected,8.00,-0.0119
objeto,humano,Undirected,2.00,-0.1136
objeto,deixa,Undirected,6.00,0.0924
objeto,configuracao,Undirected,7.00,0.0662
objeto,spira,Undirected,48.00,0.0416
objeto,entrada,Undirected,5.00,0.0757
objeto,descreve,Undirected,13.00,0.1329
objeto,distintos,Undirected,31.00,0.3188
objeto,rede,Undirected,27.00,0.0213
objeto,escuta,Undirected,7.00,0.1084
objeto,clinica,Undirected,4.00,0.0070
objeto,covideiro,Undirected,20.00,-0.0047
objeto,etapa,Undirected,5.00,0.0620
objeto,produz,Undirected,23.00,0.2081
objeto,ponto,Undirected,12.00,0.0497
objeto,latour,Undirected,8.00,0.0150
objeto,covid,Undirected,3.00,-0.0993
objeto,inscrito,Undirected,5.00,0.0610
objeto,momento,Undirected,4.00,-0.0004
objeto,artigo,Undirected,7.00,-0.1068
objeto,acustica,Undirected,5.00,0.0657
objeto,produziu,Undirected,2.00,-0.0600
objeto,microfone,Undirected,3.00,-0.0243
objeto,pandemico,Undirected,3.00,-0.0334
objeto,celular,Undirected,3.00,-0.0930
objeto,antiprograma,Undirected,3.00,0.0105
objeto,pacientes,Undirected,2.00,-0.1488
objeto,corpo,Undirected,3.00,-0.0663
objeto,reconhecer,Undirected,7.00,0.1007
objeto,lugar,Undirected,4.00,0.0449
objeto,audio,Undirected,2.00,-0.1425
objeto,analise,Undirected,14.00,0.0812
objeto,referencia,Undirected,2.00,-0.0389
objeto,neural,Undirected,4.00,0.0043
objeto,acao,Undirected,2.00,-0.0389
objeto,tecnica,Undirected,4.00,0.0128
objeto,movimento,Undirected,3.00,-0.0099
objeto,versao,Undirected,5.00,0.0272
objeto,condicao,Undirected,3.00,-0.0916
escala,rede,Undirected,7.00,-0.0019
escala,latour,Undirected,2.00,-0.0162
escala,coeficientes,Undirected,5.00,0.1385
escala,momento,Undirected,2.00,0.0424
escala,parametros,Undirected,5.00,0.1615
escala,tecnica,Undirected,2.00,0.0546
escala,ponto,Undirected,5.00,0.0710
escala,spira,Undirected,3.00,-0.1488
escala,produziu,Undirected,3.00,0.1008
escala,etapa,Undirected,2.00,0.0757
controle,celular,Undirected,9.00,0.2258
controle,rede,Undirected,2.00,-0.0483
controle,spira,Undirected,11.00,0.0914
controle,ruido,Undirected,4.00,0.1376
controle,tecnica,Undirected,2.00,0.1378
controle,momento,Undirected,2.00,0.1256
controle,lugar,Undirected,2.00,0.1676
controle,microfone,Undirected,3.00,0.1821
controle,voz,Undirected,2.00,0.1540
controle,gravacao,Undirected,8.00,0.3533
acao,latour,Undirected,7.00,0.2097
acao,actante,Undirected,8.00,0.2023
acao,programa,Undirected,30.00,0.5676
acao,spira,Undirected,12.00,0.0859
acao,covideiro,Undirected,4.00,0.0141
acao,secao,Undirected,3.00,0.0953
acao,deixa,Undirected,2.00,0.1515
acao,celular,Undirected,3.00,0.0985
acao,lugar,Undirected,2.00,0.1533
acao,humano,Undirected,4.00,0.1526
acao,pacientes,Undirected,2.00,0.0347
spira,voz,Undirected,7.00,0.0106
spira,etnografia,Undirected,6.00,-0.0450
spira,analise,Undirected,38.00,0.1317
spira,audio,Undirected,11.00,-0.0518
spira,fala,Undirected,6.00,-0.0887
spira,covid,Undirected,9.00,-0.0688
spira,centro,Undirected,10.00,-0.0187
spira,covideiro,Undirected,46.00,0.0087
spira,ambiente,Undirected,2.00,-0.1132
spira,ponto,Undirected,11.00,-0.0551
spira,referencia,Undirected,8.00,0.0326
spira,artigos,Undirected,101.00,0.2480
spira,artificial,Undirected,5.00,-0.0266
spira,rede,Undirected,31.00,-0.0542
spira,entrada,Undirected,3.00,-0.0640
spira,condicao,Undirected,6.00,-0.1047
spira,latour,Undirected,2.00,-0.2076
spira,produz,Undirected,10.00,0.0044
spira,secao,Undirected,14.00,-0.0117
spira,inscrito,Undirected,12.00,0.0849
spira,artigo,Undirected,43.00,0.0269
spira,versao,Undirected,12.00,0.0473
spira,acustica,Undirected,6.00,0.0017
spira,pesquisador,Undirected,12.00,0.0040
spira,escolha,Undirected,5.00,-0.0385
spira,descreve,Undirected,7.00,-0.0389
spira,protocolo,Undirected,5.00,-0.0799
spira,programa,Undirected,26.00,0.1814
spira,pacientes,Undirected,10.00,-0.0706
spira,movimento,Undirected,3.00,-0.0901
spira,parte,Undirected,3.00,-0.0734
spira,deixa,Undirected,5.00,-0.0153
spira,neural,Undirected,4.00,-0.0785
spira,actante,Undirected,18.00,-0.0039
spira,celular,Undirected,13.00,-0.0174
spira,hospitais,Undirected,5.00,-0.0470
spira,configuracao,Undirected,5.00,-0.0597
spira,humano,Undirected,5.00,-0.1055
spira,etapa,Undirected,6.00,-0.0021
spira,pandemico,Undirected,14.00,0.0637
spira,parametros,Undirected,10.00,0.0319
spira,medicos,Undirected,4.00,-0.0608
spira,escuta,Undirected,7.00,0.0201
spira,clinica,Undirected,3.00,-0.1045
spira,algoritmo,Undirected,5.00,-0.0550
spira,possivel,Undirected,6.00,-0.0483
spira,reconhecer,Undirected,4.00,-0.0508
spira,visivel,Undirected,7.00,-0.0080
spira,corpo,Undirected,2.00,-0.1824
spira,processamento,Undirected,3.00,-0.1018
spira,lugar,Undirected,2.00,-0.1070
spira,produziu,Undirected,5.00,-0.0463
spira,distintos,Undirected,2.00,-0.1326
spira,codigo,Undirected,3.00,-0.1292
spira,coeficientes,Undirected,4.00,-0.0961
spira,gravacao,Undirected,3.00,-0.0769
spira,disponivel,Undirected,3.00,-0.0961
audio,etnografia,Undirected,2.00,0.0029
audio,analise,Undirected,12.00,0.1581
audio,fala,Undirected,7.00,0.1081
audio,covid,Undirected,6.00,0.0638
audio,processamento,Undirected,11.00,0.2354
audio,rede,Undirected,6.00,-0.0591
audio,neural,Undirected,7.00,0.1630
audio,disponivel,Undirected,5.00,0.1299
audio,codigo,Undirected,2.00,-0.0091
audio,pacientes,Undirected,3.00,-0.0281
audio,artificial,Undirected,4.00,0.1180
audio,lugar,Undirected,2.00,0.0497
audio,condicao,Undirected,2.00,-0.0499
audio,hospitais,Undirected,2.00,0.0192
audio,covideiro,Undirected,5.00,-0.0745
audio,gravacao,Undirected,3.00,0.0866
audio,artigos,Undirected,2.00,-0.0974
audio,escuta,Undirected,2.00,0.0443
audio,artigo,Undirected,3.00,-0.1053
audio,algoritmo,Undirected,3.00,0.0564
audio,coeficientes,Undirected,5.00,0.1001
versao,disponivel,Undirected,10.00,0.3139
versao,acustica,Undirected,4.00,0.2029
versao,produz,Undirected,6.00,0.2026
versao,rede,Undirected,7.00,0.0411
versao,artigo,Undirected,4.00,0.0011
versao,actante,Undirected,3.00,0.0419
versao,covid,Undirected,6.00,0.1452
versao,latour,Undirected,3.00,0.0660
versao,covideiro,Undirected,6.00,0.0266
versao,artificial,Undirected,2.00,0.1098
versao,produziu,Undirected,6.00,0.2323
versao,condicao,Undirected,2.00,0.0222
versao,escuta,Undirected,2.00,0.1165
versao,ponto,Undirected,3.00,0.0509
escolha,entrada,Undirected,5.00,0.2628
escolha,ponto,Undirected,6.00,0.1034
escolha,rede,Undirected,2.00,-0.0766
escolha,condicao,Undirected,7.00,0.1948
escolha,microfone,Undirected,3.00,0.1525
escolha,celular,Undirected,9.00,0.2300
escolha,latour,Undirected,2.00,0.0386
escolha,analise,Undirected,2.00,0.0326
escolha,covideiro,Undirected,5.00,0.0245
escolha,configuracao,Undirected,4.00,0.1453
escolha,tecnica,Undirected,4.00,0.1953
escolha,codigo,Undirected,4.00,0.1641
escolha,etnografia,Undirected,3.00,0.1404
escolha,visivel,Undirected,3.00,0.1581
escolha,coeficientes,Undirected,3.00,0.1328
etapa,produz,Undirected,8.00,0.2608
etapa,artigo,Undirected,3.00,0.0028
etapa,possivel,Undirected,3.00,0.1521
etapa,covid,Undirected,2.00,0.0463
etapa,hospitais,Undirected,2.00,0.1228
etapa,visivel,Undirected,3.00,0.1727
etapa,ponto,Undirected,2.00,0.0382
etapa,etnografia,Undirected,3.00,0.1550
etapa,analise,Undirected,3.00,0.0925
etapa,processamento,Undirected,3.00,0.1699
informacao,disponivel,Undirected,5.00,0.2602
informacao,ruido,Undirected,2.00,0.0559
informacao,descreve,Undirected,2.00,0.1109
informacao,gravacao,Undirected,2.00,0.1589
ambiente,covideiro,Undirected,11.00,0.1463
ambiente,ruido,Undirected,10.00,0.2531
ambiente,humano,Undirected,3.00,0.1194
ambiente,algoritmo,Undirected,2.00,0.1181
ambiente,covid,Undirected,3.00,0.0948
ambiente,descreve,Undirected,3.00,0.1473
ambiente,protocolo,Undirected,8.00,0.2793
ambiente,gravacao,Undirected,5.00,0.2675
ambiente,fala,Undirected,8.00,0.2499
ambiente,corpo,Undirected,5.00,0.1278
ambiente,microfone,Undirected,3.00,0.1698
ambiente,actante,Undirected,4.00,0.1120
ambiente,momento,Undirected,2.00,0.1138
ambiente,antiprograma,Undirected,6.00,0.3023
ambiente,processamento,Undirected,3.00,0.1726
ambiente,condicao,Undirected,2.00,0.0562
ambiente,etnografia,Undirected,2.00,0.1090
humano,disponivel,Undirected,3.00,0.0976
humano,ruido,Undirected,4.00,0.0092
humano,algoritmo,Undirected,4.00,0.1214
humano,produz,Undirected,5.00,0.1297
humano,voz,Undirected,5.00,0.1767
humano,visivel,Undirected,5.00,0.1588
humano,actante,Undirected,30.00,0.2861
humano,programa,Undirected,3.00,0.0991
humano,pesquisador,Undirected,2.00,0.0031
humano,rede,Undirected,12.00,0.0220
humano,neural,Undirected,2.00,0.0409
humano,corpo,Undirected,3.00,0.0471
humano,codigo,Undirected,2.00,0.0198
humano,coeficientes,Undirected,2.00,0.0245
humano,etnografia,Undirected,2.00,0.0318
pacientes,covid,Undirected,41.00,0.3631
pacientes,celular,Undirected,2.00,-0.0576
pacientes,pesquisador,Undirected,7.00,0.1124
pacientes,medicos,Undirected,6.00,0.1534
pacientes,covideiro,Undirected,17.00,0.0683
pacientes,fala,Undirected,9.00,0.1348
pacientes,inscrito,Undirected,2.00,0.0338
pacientes,voz,Undirected,8.00,0.2025
pacientes,disponivel,Undirected,2.00,0.0163
pacientes,parte,Undirected,4.00,0.1184
pacientes,ruido,Undirected,8.00,0.0880
pacientes,pandemico,Undirected,2.00,-0.0004
pacientes,hospitais,Undirected,6.00,0.1430
pacientes,actante,Undirected,10.00,0.1038
pacientes,artigo,Undirected,2.00,-0.1492
pacientes,configuracao,Undirected,4.00,0.0789
pacientes,programa,Undirected,4.00,0.0965
pacientes,produziu,Undirected,4.00,0.0920
pacientes,possivel,Undirected,3.00,0.0374
analise,fala,Undirected,5.00,0.0717
analise,momento,Undirected,4.00,0.0917
analise,artigos,Undirected,12.00,0.1154
analise,artificial,Undirected,3.00,0.0891
analise,rede,Undirected,31.00,0.1555
analise,latour,Undirected,6.00,0.0774
analise,secao,Undirected,3.00,-0.0069
analise,tecnica,Undirected,5.00,0.1331
analise,ponto,Undirected,10.00,0.1285
analise,covideiro,Undirected,6.00,-0.0483
analise,acustica,Undirected,6.00,0.1849
analise,covid,Undirected,6.00,0.0702
analise,etnografia,Undirected,5.00,0.1144
analise,actante,Undirected,3.00,-0.0275
analise,escuta,Undirected,2.00,0.0500
analise,configuracao,Undirected,3.00,0.0578
analise,artigo,Undirected,3.00,-0.0994
analise,parametros,Undirected,4.00,0.0670
analise,descreve,Undirected,2.00,-0.0013
analise,possivel,Undirected,2.00,0.0057
analise,parte,Undirected,3.00,0.0961
analise,movimento,Undirected,4.00,0.1141
analise,distintos,Undirected,4.00,0.1094
analise,condicao,Undirected,2.00,-0.0442
analise,entrada,Undirected,2.00,0.0590
neural,rede,Undirected,126.00,0.5781
neural,artigos,Undirected,4.00,0.0529
neural,secao,Undirected,2.00,0.0203
neural,centro,Undirected,3.00,0.0949
neural,covideiro,Undirected,2.00,-0.0877
neural,parametros,Undirected,3.00,0.1390
neural,artigo,Undirected,7.00,0.0295
neural,codigo,Undirected,2.00,0.0655
neural,escuta,Undirected,3.00,0.1681
corpo,etnografia,Undirected,3.00,0.0854
corpo,tecnica,Undirected,3.00,0.1031
corpo,pesquisador,Undirected,3.00,0.0555
corpo,referencia,Undirected,3.00,0.1251
corpo,pandemico,Undirected,3.00,0.0885
corpo,covideiro,Undirected,5.00,-0.0337
corpo,lugar,Undirected,3.00,0.1342
corpo,produziu,Undirected,12.00,0.2977
corpo,ponto,Undirected,2.00,-0.0285
corpo,rede,Undirected,2.00,-0.1293
corpo,fala,Undirected,6.00,0.1298
corpo,ruido,Undirected,4.00,0.0503
corpo,protocolo,Undirected,5.00,0.1339
corpo,escuta,Undirected,6.00,0.2202
corpo,entrada,Undirected,2.00,0.0903
corpo,pessoa,Undirected,5.00,0.2100
corpo,produz,Undirected,3.00,0.0756
corpo,artigos,Undirected,3.00,-0.0192
corpo,deixa,Undirected,3.00,0.1324
corpo,parametros,Undirected,8.00,0.2301
corpo,covid,Undirected,3.00,0.0226
corpo,inscrito,Undirected,5.00,0.1900
corpo,reconhecer,Undirected,2.00,0.0746
gravacao,covideiro,Undirected,2.00,-0.0588
gravacao,lugar,Undirected,2.00,0.1533
gravacao,momento,Undirected,3.00,0.1600
gravacao,protocolo,Undirected,5.00,0.2076
gravacao,condicao,Undirected,3.00,0.0999
gravacao,referencia,Undirected,2.00,0.1446
gravacao,celular,Undirected,2.00,0.0523
gravacao,artigos,Undirected,2.00,0.0062
entrada,ponto,Undirected,22.00,0.3891
entrada,rede,Undirected,12.00,0.1664
entrada,actante,Undirected,3.00,0.0877
entrada,covideiro,Undirected,5.00,0.0537
entrada,produz,Undirected,3.00,0.1582
microfone,celular,Undirected,12.00,0.2598
microfone,protocolo,Undirected,2.00,0.0665
microfone,acustica,Undirected,8.00,0.3097
microfone,programa,Undirected,3.00,0.1495
microfone,codigo,Undirected,5.00,0.1801
microfone,parametros,Undirected,2.00,0.0937
microfone,actante,Undirected,2.00,0.0032
microfone,latour,Undirected,2.00,0.0262
microfone,descreve,Undirected,3.00,0.1171
microfone,pessoa,Undirected,3.00,0.1852
microfone,momento,Undirected,2.00,0.0848
referencia,ponto,Undirected,3.00,0.0837
referencia,latour,Undirected,13.00,0.3060
referencia,artigo,Undirected,4.00,0.0350
referencia,secao,Undirected,2.00,0.0493
referencia,descreve,Undirected,3.00,0.1447
referencia,movimento,Undirected,4.00,0.2196
referencia,covid,Undirected,2.00,0.0463
codigo,parametros,Undirected,8.00,0.2496
codigo,disponivel,Undirected,6.00,0.2144
codigo,artigo,Undirected,4.00,-0.0494
codigo,protocolo,Undirected,2.00,0.0429
codigo,secao,Undirected,9.00,0.1837
codigo,produz,Undirected,3.00,0.0930
codigo,actante,Undirected,6.00,0.1054
codigo,etnografia,Undirected,3.00,0.1028
codigo,visivel,Undirected,3.00,0.1205
codigo,rede,Undirected,3.00,-0.0737
voz,hospitais,Undirected,2.00,0.1179
voz,covideiro,Undirected,10.00,0.1238
voz,possivel,Undirected,3.00,0.1470
voz,reconhecer,Undirected,2.00,0.1364
voz,condicao,Undirected,2.00,0.0488
voz,covid,Undirected,3.00,0.0871
voz,fala,Undirected,2.00,0.0629
voz,movimento,Undirected,2.00,0.1271
voz,actante,Undirected,3.00,0.0696
voz,coeficientes,Undirected,3.00,0.1423
celular,covid,Undirected,3.00,-0.0041
celular,pesquisador,Undirected,5.00,0.0890
celular,coeficientes,Undirected,3.00,0.0512
celular,covideiro,Undirected,10.00,0.0189
celular,algoritmo,Undirected,3.00,0.0682
celular,rede,Undirected,3.00,-0.1178
celular,hospitais,Undirected,3.00,0.0757
celular,protocolo,Undirected,8.00,0.1686
celular,ruido,Undirected,3.00,-0.0091
celular,fala,Undirected,8.00,0.1392
celular,acustica,Undirected,7.00,0.2132
celular,pessoa,Undirected,5.00,0.1818
celular,escuta,Undirected,2.00,0.0557
celular,clinica,Undirected,5.00,0.1335
celular,actante,Undirected,4.00,0.0099
celular,programa,Undirected,2.00,0.0354
celular,condicao,Undirected,2.00,-0.0386
celular,disponivel,Undirected,9.00,0.2249
pesquisador,centro,Undirected,7.00,0.1620
pesquisador,processamento,Undirected,6.00,0.1895
pesquisador,rede,Undirected,8.00,0.0168
pesquisador,medicos,Undirected,4.00,0.1477
pesquisador,ponto,Undirected,3.00,0.0141
pesquisador,covideiro,Undirected,9.00,0.0360
pesquisador,fala,Undirected,3.00,0.0450
pesquisador,descreve,Undirected,5.00,0.1379
pesquisador,artigo,Undirected,3.00,-0.0668
pesquisador,produz,Undirected,2.00,0.0304
pesquisador,produziu,Undirected,2.00,0.0568
pesquisador,condicao,Undirected,3.00,0.0303
pesquisador,hospitais,Undirected,3.00,0.1024
pesquisador,deixa,Undirected,2.00,0.0848
visivel,momento,Undirected,3.00,0.1380
visivel,latour,Undirected,3.00,0.0768
visivel,ponto,Undirected,6.00,0.1478
visivel,artigos,Undirected,2.00,-0.0149
visivel,etnografia,Undirected,2.00,0.0854
visivel,movimento,Undirected,3.00,0.1596
artigos,centro,Undirected,7.00,0.0797
artigos,condicao,Undirected,9.00,0.0844
artigos,covideiro,Undirected,9.00,-0.0488
artigos,rede,Undirected,10.00,-0.0409
artigos,movimento,Undirected,2.00,-0.0063
artigos,protocolo,Undirected,5.00,0.0548
artigos,secao,Undirected,8.00,0.0638
artigos,tecnica,Undirected,3.00,0.0284
artigos,momento,Undirected,5.00,0.0750
artigos,clinica,Undirected,3.00,0.0228
artigos,medicos,Undirected,4.00,0.0706
artigos,covid,Undirected,2.00,-0.0920
artigos,algoritmo,Undirected,4.00,0.0529
artigos,inscrito,Undirected,3.00,0.0495
artigos,processamento,Undirected,2.00,-0.0175
artigos,programa,Undirected,2.00,-0.0107
artigos,lugar,Undirected,2.00,0.0150
artigos,produz,Undirected,2.00,-0.0412
artigos,produziu,Undirected,2.00,-0.0149
escuta,clinica,Undirected,39.00,0.6204
escuta,fala,Undirected,3.00,0.1182
escuta,deixa,Undirected,4.00,0.2442
escuta,rede,Undirected,11.00,0.1427
escuta,condicao,Undirected,4.00,0.1389
escuta,ruido,Undirected,6.00,0.1792
escuta,movimento,Undirected,3.00,0.1852
deixa,lugar,Undirected,2.00,0.1602
deixa,reconhecer,Undirected,3.00,0.1985
deixa,parte,Undirected,3.00,0.2055
deixa,centro,Undirected,2.00,0.0848
deixa,disponivel,Undirected,3.00,0.1828
deixa,actante,Undirected,3.00,0.0820
deixa,ruido,Undirected,2.00,0.0485
deixa,pessoa,Undirected,2.00,0.1687
deixa,rede,Undirected,2.00,-0.0557
ponto,rede,Undirected,15.00,0.0504
ponto,latour,Undirected,4.00,0.0195
ponto,movimento,Undirected,5.00,0.1332
ponto,descreve,Undirected,2.00,-0.0098
ponto,artigo,Undirected,13.00,0.0600
ponto,covid,Undirected,3.00,-0.0188
ponto,centro,Undirected,4.00,0.0467
ponto,secao,Undirected,2.00,-0.0571
ponto,condicao,Undirected,2.00,-0.0527
ponto,parte,Undirected,2.00,0.0416
ponto,artificial,Undirected,3.00,0.0803
ponto,momento,Undirected,3.00,0.0490
possivel,actante,Undirected,4.00,0.0652
possivel,configuracao,Undirected,11.00,0.2846
possivel,covideiro,Undirected,6.00,0.0160
possivel,rede,Undirected,5.00,-0.0094
possivel,fala,Undirected,2.00,0.0269
possivel,processamento,Undirected,3.00,0.1272
possivel,pandemico,Undirected,2.00,0.0685
possivel,ruido,Undirected,2.00,0.0007
possivel,antiprograma,Undirected,2.00,0.1106
possivel,artigo,Undirected,3.00,-0.0399
possivel,condicao,Undirected,2.00,0.0128
pessoa,fala,Undirected,3.00,0.1327
pessoa,produz,Undirected,3.00,0.1632
pessoa,produziu,Undirected,3.00,0.1907
pessoa,algoritmo,Undirected,2.00,0.1328
pessoa,coeficientes,Undirected,2.00,0.1165
condicao,descreve,Undirected,5.00,0.1112
condicao,clinica,Undirected,25.00,0.3836
condicao,hospitais,Undirected,4.00,0.1118
condicao,artigo,Undirected,4.00,-0.0629
condicao,distintos,Undirected,3.00,0.0822
condicao,fala,Undirected,4.00,0.0526
condicao,acustica,Undirected,3.00,0.1035
condicao,ruido,Undirected,5.00,0.0504
condicao,covideiro,Undirected,10.00,0.0206
condicao,pandemico,Undirected,2.00,0.0186
condicao,inscrito,Undirected,2.00,0.0529
condicao,antiprograma,Undirected,2.00,0.0606
condicao,covid,Undirected,2.00,-0.0446
condicao,movimento,Undirected,5.00,0.1503
coeficientes,processamento,Undirected,3.00,0.1226
coeficientes,fala,Undirected,5.00,0.1298
coeficientes,hospitais,Undirected,3.00,0.1247
coeficientes,parametros,Undirected,2.00,0.0748
coeficientes,acustica,Undirected,2.00,0.1026
coeficientes,reconhecer,Undirected,2.00,0.0960
coeficientes,centro,Undirected,2.00,0.0325
coeficientes,covideiro,Undirected,3.00,-0.0648
covideiro,ruido,Undirected,26.00,0.1354
covideiro,secao,Undirected,4.00,-0.0886
covideiro,rede,Undirected,17.00,-0.0567
covideiro,etnografia,Undirected,8.00,0.0547
covideiro,artigo,Undirected,43.00,0.1104
covideiro,pandemico,Undirected,85.00,0.4669
covideiro,momento,Undirected,4.00,-0.0218
covideiro,reconhecer,Undirected,7.00,0.0584
covideiro,protocolo,Undirected,9.00,0.0539
covideiro,distintos,Undirected,2.00,-0.0757
covideiro,produz,Undirected,4.00,-0.0370
covideiro,configuracao,Undirected,14.00,0.1373
covideiro,actante,Undirected,10.00,-0.0083
covideiro,programa,Undirected,17.00,0.1683
covideiro,antiprograma,Undirected,23.00,0.2695
covideiro,hospitais,Undirected,4.00,-0.0094
covideiro,covid,Undirected,6.00,-0.0487
covideiro,disponivel,Undirected,2.00,-0.0771
covideiro,clinica,Undirected,2.00,-0.0852
covideiro,produziu,Undirected,14.00,0.1526
covideiro,parte,Undirected,7.00,0.0856
covideiro,inscrito,Undirected,10.00,0.1287
covideiro,acustica,Undirected,7.00,0.0856
covideiro,lugar,Undirected,4.00,0.0235
covideiro,algoritmo,Undirected,6.00,0.0295
covideiro,latour,Undirected,2.00,-0.1507
covideiro,descreve,Undirected,2.00,-0.1067
processamento,centro,Undirected,2.00,0.0541
processamento,ruido,Undirected,3.00,0.0624
processamento,fala,Undirected,2.00,0.0440
processamento,parte,Undirected,3.00,0.1735
processamento,antiprograma,Undirected,2.00,0.1277
processamento,lugar,Undirected,2.00,0.1295
processamento,parametros,Undirected,3.00,0.1444
processamento,descreve,Undirected,2.00,0.0728
protocolo,artigo,Undirected,6.00,0.0259
protocolo,ruido,Undirected,2.00,-0.0100
protocolo,clinica,Undirected,2.00,0.0665
protocolo,produziu,Undirected,3.00,0.1189
protocolo,acustica,Undirected,2.00,0.0964
programa,antiprograma,Undirected,8.00,0.3249
programa,actante,Undirected,7.00,0.1638
programa,inscrito,Undirected,6.00,0.2716
programa,configuracao,Undirected,5.00,0.2091
programa,clinica,Undirected,2.00,0.1012
programa,ruido,Undirected,3.00,0.0696
programa,parte,Undirected,2.00,0.1310
programa,pandemico,Undirected,2.00,0.0925
programa,centro,Undirected,6.00,0.1430
artificial,ruido,Undirected,21.00,0.3728
artificial,medicos,Undirected,3.00,0.1782
artificial,centro,Undirected,2.00,0.0746
artificial,disponivel,Undirected,2.00,0.1229
artificial,etnografia,Undirected,2.00,0.1032
artificial,produz,Undirected,3.00,0.1418
artificial,descreve,Undirected,2.00,0.0933
movimento,momento,Undirected,3.00,0.1469
movimento,ruido,Undirected,4.00,0.0741
movimento,rede,Undirected,3.00,-0.0346
movimento,etnografia,Undirected,4.00,0.1786
movimento,parte,Undirected,5.00,0.2545
movimento,artigo,Undirected,2.00,-0.0519
movimento,tecnica,Undirected,2.00,0.1109
movimento,actante,Undirected,6.00,0.1477
algoritmo,rede,Undirected,4.00,-0.0212
algoritmo,reconhecer,Undirected,10.00,0.3350
algoritmo,parametros,Undirected,2.00,0.0911
algoritmo,tecnica,Undirected,2.00,0.0945
algoritmo,fala,Undirected,2.00,0.0388
algoritmo,produz,Undirected,2.00,0.0681
pandemico,descreve,Undirected,3.00,0.1080
pandemico,covid,Undirected,2.00,0.0112
pandemico,parametros,Undirected,2.00,0.0850
pandemico,hospitais,Undirected,3.00,0.1354
pandemico,artigo,Undirected,6.00,0.0445
pandemico,produziu,Undirected,6.00,0.2282
pandemico,inscrito,Undirected,5.00,0.2249
pandemico,lugar,Undirected,2.00,0.1182
pandemico,reconhecer,Undirected,6.00,0.2483
acustica,lugar,Undirected,2.00,0.1567
acustica,medicos,Undirected,3.00,0.1852
acustica,covid,Undirected,5.00,0.1598
acustica,fala,Undirected,3.00,0.1182
acustica,produz,Undirected,2.00,0.1005
acustica,inscrito,Undirected,4.00,0.2359
acustica,artigo,Undirected,3.00,0.0064
acustica,tecnica,Undirected,3.00,0.1763
momento,etnografia,Undirected,20.00,0.3896
momento,configuracao,Undirected,2.00,0.0779
momento,artigo,Undirected,3.00,-0.0319
momento,tecnica,Undirected,2.00,0.0901
momento,parametros,Undirected,3.00,0.1345
fala,clinica,Undirected,3.00,0.0871
fala,disponivel,Undirected,3.00,0.0955
fala,descreve,Undirected,2.00,0.0198
fala,covid,Undirected,11.00,0.1776
fala,produz,Undirected,3.00,0.0651
fala,ruido,Undirected,3.00,0.0071
reconhecer,artigo,Undirected,4.00,0.0315
reconhecer,secao,Undirected,2.00,0.0460
reconhecer,lugar,Undirected,3.00,0.2004
reconhecer,parte,Undirected,4.00,0.2333
reconhecer,tecnica,Undirected,2.00,0.1202
reconhecer,rede,Undirected,3.00,-0.0249
actante,etnografia,Undirected,3.00,0.0350
actante,produz,Undirected,4.00,0.0582
actante,disponivel,Undirected,2.00,0.0113
actante,artigo,Undirected,5.00,-0.0655
actante,rede,Undirected,11.00,-0.0011
actante,latour,Undirected,7.00,0.0776
actante,hospitais,Undirected,2.00,0.0078
actante,distintos,Undirected,6.00,0.1428
actante,configuracao,Undirected,13.00,0.2361
actante,produziu,Undirected,2.00,0.0085
actante,inscrito,Undirected,3.00,0.0739
actante,antiprograma,Undirected,2.00,0.0365
actante,centro,Undirected,3.00,0.0051
actante,lugar,Undirected,2.00,0.0383
actante,descreve,Undirected,3.00,0.0247
configuracao,produziu,Undirected,9.00,0.2915
configuracao,inscrito,Undirected,5.00,0.2269
configuracao,artigo,Undirected,4.00,-0.0008
configuracao,descreve,Undirected,4.00,0.1456
configuracao,latour,Undirected,3.00,0.0641
configuracao,covid,Undirected,2.00,0.0130
configuracao,rede,Undirected,3.00,-0.0562
tecnica,artigo,Undirected,3.00,-0.0192
tecnica,antiprograma,Undirected,5.00,0.2490
tecnica,ruido,Undirected,2.00,0.0205
tecnica,descreve,Undirected,2.00,0.0755
tecnica,rede,Undirected,3.00,-0.0435
rede,secao,Undirected,10.00,0.0107
rede,latour,Undirected,9.00,0.0016
rede,clinica,Undirected,3.00,-0.0490
rede,produz,Undirected,6.00,0.0043
rede,disponivel,Undirected,5.00,0.0155
rede,etnografia,Undirected,4.00,-0.0310
rede,covid,Undirected,3.00,-0.1240
rede,centro,Undirected,5.00,-0.0379
rede,hospitais,Undirected,5.00,0.0117
rede,produziu,Undirected,9.00,0.0530
rede,artigo,Undirected,17.00,-0.0651
rede,parametros,Undirected,8.00,0.0661
rede,descreve,Undirected,5.00,-0.0172
rede,distintos,Undirected,3.00,-0.0391
ruido,covid,Undirected,2.00,-0.0567
ruido,parte,Undirected,2.00,0.0450
ruido,medicos,Undirected,2.00,0.0290
ruido,hospitais,Undirected,3.00,0.0645
ruido,inscrito,Undirected,2.00,0.0407
ruido,antiprograma,Undirected,11.00,0.2735
ruido,parametros,Undirected,2.00,0.0171
latour,descreve,Undirected,25.00,0.3531
latour,etnografia,Undirected,3.00,0.0591
latour,artigo,Undirected,10.00,0.0427
latour,secao,Undirected,4.00,0.0314
clinica,hospitais,Undirected,4.00,0.1812
clinica,secao,Undirected,2.00,0.0228
clinica,artigo,Undirected,3.00,-0.0247
produziu,centro,Undirected,3.00,0.1031
disponivel,artigo,Undirected,9.00,0.1164
disponivel,parte,Undirected,2.00,0.1296
parametros,artigo,Undirected,3.00,-0.0227
produz,etnografia,Undirected,4.00,0.1410
produz,artigo,Undirected,4.00,-0.0161
covid,artigo,Undirected,5.00,-0.0471
covid,hospitais,Undirected,16.00,0.3060
distintos,centro,Undirected,5.00,0.1723
distintos,descreve,Undirected,3.00,0.1270
distintos,secao,Undirected,5.00,0.1406
secao,artigo,Undirected,12.00,0.0627
secao,descreve,Undirected,2.00,0.0013
secao,hospitais,Undirected,2.00,0.0275
lugar,artigo,Undirected,2.00,-0.0306
lugar,etnografia,Undirected,3.00,0.1641
etnografia,parte,Undirected,4.00,0.1958
artigo,inscrito,Undirected,9.00,0.1371
artigo,descreve,Undirected,10.00,0.0954
descreve,hospitais,Undirected,6.00,0.1580
