Source,Target,Type,Weight,npmi
trajetoria,pesquisa,Undirected,3.00,0.1507
trajetoria,distintas,Undirected,3.00,0.1562
trajetoria,pratica,Undirected,4.00,0.1001
trajetoria,instituicao,Undirected,6.00,0.2143
trajetoria,deixa,Undirected,2.00,0.1496
trajetoria,rede,Undirected,2.00,-0.0645
trajetoria,marcelo,Undirected,4.00,0.0581
trajetoria,termos,Undirected,3.00,0.1348
trajetoria,translacao,Undirected,3.00,0.1501
trajetoria,gesto,Undirected,2.00,0.1176
trajetoria,inscricao,Undirected,7.00,0.0779
trajetoria,centro,Undirected,2.00,0.0760
trajetoria,projeto,Undirected,3.00,0.0309
trajetoria,dado,Undirected,2.00,-0.0409
trajetoria,cientifico,Undirected,7.00,0.2033
trajetoria,tecnica,Undirected,2.00,0.1216
trajetoria,spira,Undirected,7.00,0.0144
trajetoria,aparece,Undirected,2.00,0.0861
trajetoria,ciencia,Undirected,3.00,0.2058
trajetoria,relatorios,Undirected,2.00,0.1301
trajetoria,parte,Undirected,2.00,0.1461
trajetoria,movimento,Undirected,5.00,0.2487
trajetoria,artificial,Undirected,2.00,0.1394
trajetoria,leitura,Undirected,3.00,0.1574
trajetoria,conceito,Undirected,2.00,0.1370
trajetoria,disponivel,Undirected,4.00,0.1737
dataset,pessoas,Undirected,4.00,0.0881
dataset,voz,Undirected,5.00,0.1725
dataset,spira,Undirected,58.00,0.2347
dataset,registra,Undirected,8.00,0.2530
dataset,percurso,Undirected,7.00,0.2073
dataset,espectrogramas,Undirected,6.00,0.2181
dataset,translacao,Undirected,2.00,0.0251
dataset,secao,Undirected,11.00,0.1807
dataset,dado,Undirected,5.00,-0.0250
dataset,pacientes,Undirected,3.00,-0.0019
dataset,covid,Undirected,8.00,0.1302
dataset,pandemia,Undirected,2.00,0.0627
dataset,modelo,Undirected,6.00,0.0133
dataset,sistema,Undirected,3.00,0.0344
dataset,analise,Undirected,6.00,0.0925
dataset,audio,Undirected,11.00,0.1690
dataset,projeto,Undirected,7.00,0.0468
dataset,disponivel,Undirected,6.00,0.1823
dataset,covideiro,Undirected,7.00,-0.0265
dataset,mundo,Undirected,2.00,0.0371
dataset,condicoes,Undirected,3.00,-0.0200
dataset,possivel,Undirected,7.00,0.1781
dataset,acesso,Undirected,3.00,0.0832
dataset,pessoa,Undirected,3.00,0.1308
dataset,insuficiencia,Undirected,5.00,0.0426
dataset,gravacao,Undirected,7.00,0.2251
dataset,parte,Undirected,3.00,0.1164
dataset,processamento,Undirected,2.00,0.0422
dataset,repositorio,Undirected,3.00,0.1052
dataset,precisamente,Undirected,3.00,0.1238
dataset,presenca,Undirected,2.00,0.0843
dataset,inscrito,Undirected,4.00,0.1477
dataset,enfermaria,Undirected,3.00,0.0231
dataset,torna,Undirected,2.00,-0.0289
dataset,termos,Undirected,2.00,0.0104
dataset,ausencia,Undirected,2.00,0.0694
dataset,partir,Undirected,9.00,0.1254
dataset,artigos,Undirected,4.00,-0.0005
dataset,arquivo,Undirected,2.00,-0.0058
dataset,ruido,Undirected,6.00,0.0868
dataset,condicao,Undirected,7.00,0.1207
dataset,nenhum,Undirected,2.00,0.0429
dataset,treinamento,Undirected,2.00,0.0477
dataset,acustica,Undirected,5.00,0.1817
dataset,pandemico,Undirected,3.00,0.0762
dataset,codigo,Undirected,7.00,0.1226
dataset,acuracia,Undirected,6.00,0.1993
dataset,artigo,Undirected,5.00,-0.0253
dataset,onda,Undirected,2.00,0.0627
dataset,grupo,Undirected,6.00,0.1696
dataset,controle,Undirected,9.00,0.2799
dataset,publico,Undirected,23.00,0.3788
dataset,espectrograma,Undirected,2.00,-0.0662
dataset,respiratoria,Undirected,3.00,-0.0222
dataset,argumento,Undirected,3.00,0.0826
dataset,tornou,Undirected,2.00,0.0484
entrevista,pesquisa,Undirected,6.00,0.1562
entrevista,campo,Undirected,2.00,0.0334
entrevista,processo,Undirected,5.00,0.1290
entrevista,marcelo,Undirected,92.00,0.4992
entrevista,associacao,Undirected,11.00,0.2351
entrevista,spira,Undirected,17.00,0.0342
entrevista,etnografia,Undirected,9.00,0.2165
entrevista,pandemia,Undirected,2.00,0.0616
entrevista,covid,Undirected,3.00,0.0090
entrevista,percurso,Undirected,3.00,0.0954
entrevista,cadeia,Undirected,8.00,0.0262
entrevista,fapesp,Undirected,4.00,0.1108
entrevista,artigos,Undirected,16.00,0.1811
entrevista,condicao,Undirected,4.00,0.0494
entrevista,relatorios,Undirected,6.00,0.1875
entrevista,momento,Undirected,9.00,0.2221
entrevista,pratica,Undirected,3.00,-0.0154
entrevista,diferentes,Undirected,3.00,0.0932
entrevista,existir,Undirected,3.00,0.0962
entrevista,artigo,Undirected,16.00,0.1230
entrevista,resultado,Undirected,3.00,0.0666
entrevista,descricao,Undirected,2.00,0.0649
entrevista,projeto,Undirected,10.00,0.0919
entrevista,inscricao,Undirected,5.00,-0.0496
entrevista,parte,Undirected,2.00,0.0683
entrevista,acesso,Undirected,3.00,0.0820
entrevista,sistema,Undirected,2.00,-0.0103
entrevista,insuficiencia,Undirected,2.00,-0.0576
entrevista,respiratoria,Undirected,3.00,-0.0235
entrevista,covideiro,Undirected,2.00,-0.1385
entrevista,termos,Undirected,2.00,0.0093
entrevista,analise,Undirected,2.00,-0.0331
entrevista,contexto,Undirected,6.00,0.1810
entrevista,coleta,Undirected,2.00,-0.0776
entrevista,enfermaria,Undirected,3.00,0.0219
entrevista,registra,Undirected,3.00,0.1188
entrevista,instituicao,Undirected,2.00,-0.0018
entrevista,precisamente,Undirected,2.00,0.0754
entrevista,imutavel,Undirected,2.00,0.0773
entrevista,tornou,Undirected,2.00,0.0472
entrevista,textual,Undirected,2.00,0.0841
entrevista,ponto,Undirected,2.00,-0.0415
acuracia,artigo,Undirected,7.00,0.1000
acuracia,existir,Undirected,2.00,0.1263
acuracia,spira,Undirected,6.00,-0.0058
acuracia,protocolo,Undirected,8.00,0.2723
acuracia,distintas,Undirected,5.00,0.2220
acuracia,resultado,Undirected,5.00,0.2132
acuracia,torna,Undirected,3.00,0.0920
acuracia,possivel,Undirected,2.00,0.1002
acuracia,inscricao,Undirected,4.00,0.0088
acuracia,ruido,Undirected,3.00,0.0836
acuracia,enfermaria,Undirected,2.00,0.0552
acuracia,modelo,Undirected,14.00,0.2188
acuracia,produziu,Undirected,3.00,0.1691
acuracia,covid,Undirected,3.00,0.0886
acuracia,ponto,Undirected,4.00,0.1148
acuracia,campo,Undirected,2.00,0.1096
acuracia,clinica,Undirected,3.00,0.1636
acuracia,coeficientes,Undirected,2.00,0.0958
acuracia,covideiro,Undirected,3.00,-0.0211
acuracia,saude,Undirected,3.00,0.1920
acuracia,rede,Undirected,6.00,0.0539
acuracia,neural,Undirected,2.00,0.1121
hospitais,dado,Undirected,6.00,0.0596
hospitais,laboratorio,Undirected,6.00,0.1593
hospitais,controles,Undirected,3.00,0.1436
hospitais,condicao,Undirected,4.00,0.1116
hospitais,clinica,Undirected,4.00,0.1810
hospitais,fapesp,Undirected,2.00,0.0887
hospitais,pacientes,Undirected,6.00,0.1428
hospitais,covid,Undirected,16.00,0.3058
hospitais,voz,Undirected,2.00,0.1177
hospitais,rede,Undirected,5.00,0.0115
hospitais,spira,Undirected,5.00,-0.0470
hospitais,celular,Undirected,3.00,0.0755
hospitais,secao,Undirected,2.00,0.0286
hospitais,condicoes,Undirected,2.00,-0.0046
hospitais,marcelo,Undirected,2.00,-0.0380
hospitais,coeficientes,Undirected,3.00,0.1245
hospitais,acesso,Undirected,6.00,0.2349
hospitais,actante,Undirected,2.00,0.0076
hospitais,audio,Undirected,2.00,0.0189
hospitais,coleta,Undirected,22.00,0.3044
hospitais,ruido,Undirected,3.00,0.0643
hospitais,grupo,Undirected,2.00,0.0930
hospitais,covideiro,Undirected,4.00,-0.0096
hospitais,pandemico,Undirected,3.00,0.1352
hospitais,pesquisa,Undirected,3.00,0.1297
hospitais,respiratoria,Undirected,6.00,0.1208
hospitais,onda,Undirected,2.00,0.1193
hospitais,descreve,Undirected,6.00,0.1578
hospitais,publico,Undirected,2.00,0.0863
hospitais,virus,Undirected,3.00,0.0822
hospitais,movel,Undirected,2.00,0.1193
hospitais,pesquisador,Undirected,3.00,0.1022
hospitais,corpos,Undirected,3.00,0.1701
hospitais,insuficiencia,Undirected,2.00,0.0002
hospitais,acustico,Undirected,2.00,0.1071
hospitais,etapa,Undirected,2.00,0.1226
cientifico,inscricao,Undirected,15.00,0.0668
cientifico,artigos,Undirected,39.00,0.3103
cientifico,instituicao,Undirected,3.00,0.0251
cientifico,enfermaria,Undirected,2.00,-0.0372
cientifico,spira,Undirected,10.00,-0.0657
cientifico,analise,Undirected,2.00,-0.0492
cientifico,argumento,Undirected,3.00,0.0645
cientifico,laboratorio,Undirected,4.00,0.0272
cientifico,projeto,Undirected,8.00,0.0435
cientifico,condicoes,Undirected,6.00,0.0400
cientifico,artigo,Undirected,77.00,0.3913
cientifico,ponto,Undirected,6.00,0.0635
cientifico,circular,Undirected,5.00,0.1746
cientifico,descreve,Undirected,6.00,0.1293
cientifico,dispositivo,Undirected,3.00,0.0163
cientifico,tecnica,Undirected,3.00,0.0727
cientifico,marcelo,Undirected,2.00,-0.1119
cientifico,centro,Undirected,5.00,0.0851
cientifico,voz,Undirected,2.00,0.0438
cientifico,rede,Undirected,11.00,0.0222
cientifico,neural,Undirected,7.00,0.1719
cientifico,dado,Undirected,12.00,0.0624
cientifico,objeto,Undirected,8.00,-0.0056
cientifico,aparece,Undirected,9.00,0.1754
cientifico,secao,Undirected,3.00,-0.0034
cientifico,protocolo,Undirected,4.00,0.0743
cientifico,actante,Undirected,2.00,-0.0663
cientifico,circula,Undirected,4.00,0.1364
cientifico,covideiro,Undirected,3.00,-0.1176
cientifico,espectrograma,Undirected,3.00,-0.0433
cientifico,producao,Undirected,6.00,0.1566
cientifico,termos,Undirected,3.00,0.0367
cientifico,metodo,Undirected,2.00,0.0210
cientifico,produz,Undirected,3.00,0.0452
cientifico,leitor,Undirected,4.00,0.1014
cientifico,covid,Undirected,2.00,-0.0496
cientifico,tecnociencia,Undirected,2.00,0.0556
cientifico,sequencia,Undirected,2.00,0.0148
cientifico,espectrogramas,Undirected,5.00,0.1736
cientifico,precisamente,Undirected,4.00,0.1413
cientifico,imagem,Undirected,9.00,0.1211
cientifico,etnografia,Undirected,5.00,0.1167
cientifico,partir,Undirected,2.00,-0.0674
cientifico,conceito,Undirected,2.00,0.0430
cientifico,condicao,Undirected,4.00,0.0320
cientifico,fapesp,Undirected,2.00,0.0148
controles,pacientes,Undirected,40.00,0.4442
controles,covid,Undirected,7.00,0.1711
controles,pandemia,Undirected,4.00,0.2003
controles,distintas,Undirected,3.00,0.1297
controles,sinal,Undirected,2.00,0.0094
controles,equipe,Undirected,3.00,0.1735
controles,ruido,Undirected,17.00,0.3034
controles,covideiro,Undirected,7.00,0.0503
controles,voz,Undirected,4.00,0.1985
controles,pessoas,Undirected,2.00,0.0612
controles,enfermaria,Undirected,15.00,0.3037
controles,artificial,Undirected,3.00,0.1629
controles,produz,Undirected,2.00,0.0698
controles,coleta,Undirected,7.00,0.1204
controles,treinamento,Undirected,3.00,0.1472
controles,termos,Undirected,5.00,0.1731
controles,grupo,Undirected,3.00,0.1354
controles,ambiente,Undirected,3.00,0.1690
controles,actante,Undirected,3.00,0.0463
controles,deixa,Undirected,2.00,0.1242
controles,dado,Undirected,4.00,0.0060
controles,aparece,Undirected,3.00,0.1073
controles,spira,Undirected,3.00,-0.1051
controles,escolha,Undirected,2.00,0.1033
controles,audio,Undirected,3.00,0.0581
nenhuma,rede,Undirected,14.00,0.0954
nenhuma,condicao,Undirected,3.00,0.0866
nenhuma,artigo,Undirected,2.00,-0.0521
nenhuma,informacao,Undirected,6.00,0.2934
nenhuma,diferenca,Undirected,4.00,0.1660
nenhuma,descricao,Undirected,5.00,0.2506
nenhuma,grupo,Undirected,3.00,0.1505
nenhuma,secao,Undirected,3.00,0.0833
nenhuma,inscricao,Undirected,12.00,0.1385
nenhuma,produz,Undirected,5.00,0.1981
nenhuma,maio,Undirected,2.00,0.1500
nenhuma,insuficiencia,Undirected,2.00,0.0094
nenhuma,respiratoria,Undirected,3.00,0.0464
nenhuma,dado,Undirected,2.00,-0.0518
nenhuma,entrada,Undirected,2.00,0.1442
nenhuma,modelo,Undirected,3.00,0.0059
nenhuma,clinica,Undirected,4.00,0.1909
nenhuma,nenhum,Undirected,3.00,0.1573
nenhuma,celular,Undirected,3.00,0.0851
nenhuma,ruido,Undirected,2.00,0.0288
nenhuma,torna,Undirected,2.00,0.0368
nenhuma,visivel,Undirected,3.00,0.1594
nenhuma,topologia,Undirected,6.00,0.2717
nenhuma,descreve,Undirected,3.00,0.1314
nenhuma,carrega,Undirected,3.00,0.1747
nenhuma,objeto,Undirected,5.00,0.0478
nenhuma,virus,Undirected,2.00,0.0459
nenhuma,corpo,Undirected,3.00,0.1118
nenhuma,voz,Undirected,2.00,0.1269
nenhuma,coeficientes,Undirected,3.00,0.1341
nenhuma,cadeia,Undirected,3.00,-0.0129
nenhuma,latour,Undirected,2.00,0.0399
nenhuma,gravacao,Undirected,3.00,0.1814
painel,covideiro,Undirected,3.00,-0.0105
painel,descricao,Undirected,2.00,0.1513
painel,vocabulario,Undirected,3.00,0.2128
painel,imagem,Undirected,3.00,0.0949
painel,corpo,Undirected,3.00,0.1322
painel,torna,Undirected,3.00,0.1026
painel,visivel,Undirected,2.00,0.1302
painel,passo,Undirected,3.00,0.1902
painel,escala,Undirected,2.00,0.0824
painel,padrao,Undirected,2.00,0.1556
painel,spira,Undirected,3.00,-0.0697
equipe,metodo,Undirected,3.00,0.1729
equipe,marcelo,Undirected,12.00,0.2166
equipe,pesquisa,Undirected,4.00,0.1969
equipe,sistema,Undirected,3.00,0.1234
equipe,insuficiencia,Undirected,2.00,0.0288
equipe,parametros,Undirected,2.00,0.1268
equipe,diante,Undirected,2.00,0.1564
equipe,celular,Undirected,4.00,0.1410
equipe,pacientes,Undirected,2.00,0.0414
equipe,spira,Undirected,15.00,0.1265
equipe,cadeia,Undirected,7.00,0.1092
equipe,ruido,Undirected,4.00,0.1294
equipe,instituicao,Undirected,2.00,0.0846
equipe,covideiro,Undirected,3.00,-0.0105
equipe,escolha,Undirected,2.00,0.1372
equipe,coleta,Undirected,2.00,0.0088
equipe,artigo,Undirected,5.00,0.0689
equipe,resultado,Undirected,3.00,0.1568
equipe,pesquisador,Undirected,2.00,0.0846
equipe,nenhum,Undirected,2.00,0.1282
grupo,pesquisa,Undirected,6.00,0.2125
grupo,processamento,Undirected,2.00,0.0910
grupo,publico,Undirected,6.00,0.2171
grupo,insuficiencia,Undirected,3.00,0.0359
grupo,respiratoria,Undirected,5.00,0.0888
grupo,controle,Undirected,46.00,0.6671
grupo,marcelo,Undirected,10.00,0.1452
grupo,producao,Undirected,4.00,0.1754
grupo,carrega,Undirected,3.00,0.1569
grupo,projeto,Undirected,6.00,0.0829
grupo,artigo,Undirected,3.00,-0.0283
grupo,modelo,Undirected,6.00,0.0683
grupo,escala,Undirected,3.00,0.0918
grupo,covid,Undirected,2.00,0.0165
grupo,spira,Undirected,9.00,0.0126
grupo,computacional,Undirected,2.00,0.0761
grupo,artigos,Undirected,4.00,0.0520
grupo,cadeia,Undirected,2.00,-0.0714
grupo,centro,Undirected,4.00,0.1292
grupo,pesquisador,Undirected,5.00,0.1580
grupo,aparece,Undirected,2.00,0.0582
grupo,relatorios,Undirected,3.00,0.1505
grupo,fapesp,Undirected,3.00,0.1283
grupo,descricao,Undirected,6.00,0.2580
grupo,secao,Undirected,2.00,0.0208
grupo,referencia,Undirected,2.00,0.1148
grupo,vocabulario,Undirected,3.00,0.1747
grupo,distintas,Undirected,6.00,0.2184
grupo,ruido,Undirected,2.00,0.0117
grupo,dispositivo,Undirected,3.00,0.0852
grupo,coleta,Undirected,4.00,0.0476
grupo,momento,Undirected,3.00,0.1289
grupo,pessoas,Undirected,2.00,0.0587
grupo,celular,Undirected,3.00,0.0225
grupo,dado,Undirected,2.00,-0.0689
grupo,treinamento,Undirected,5.00,0.2115
grupo,partir,Undirected,6.00,0.1270
grupo,gravacao,Undirected,15.00,0.4091
grupo,enfermaria,Undirected,2.00,0.0289
grupo,fala,Undirected,4.00,0.0852
grupo,paciente,Undirected,9.00,0.1916
grupo,arquivo,Undirected,2.00,0.0429
cadeia,latour,Undirected,10.00,0.0263
cadeia,circula,Undirected,17.00,0.2391
cadeia,ator,Undirected,5.00,0.0664
cadeia,translacao,Undirected,65.00,0.4280
cadeia,tecnica,Undirected,2.00,-0.0629
cadeia,percurso,Undirected,19.00,0.2297
cadeia,dado,Undirected,11.00,-0.0591
cadeia,rede,Undirected,16.00,-0.0426
cadeia,artigos,Undirected,13.00,0.0173
cadeia,projeto,Undirected,12.00,-0.0138
cadeia,inscricao,Undirected,79.00,0.2174
cadeia,spira,Undirected,35.00,-0.0073
cadeia,mapa,Undirected,14.00,0.2219
cadeia,covideiro,Undirected,24.00,0.0167
cadeia,objeto,Undirected,17.00,-0.0044
cadeia,movel,Undirected,4.00,0.0289
cadeia,descreve,Undirected,8.00,0.0630
cadeia,artigo,Undirected,19.00,0.0100
cadeia,laboratorio,Undirected,6.00,-0.0262
cadeia,espectrograma,Undirected,8.00,-0.0354
cadeia,disponivel,Undirected,2.00,-0.0601
cadeia,etapa,Undirected,29.00,0.3191
cadeia,produz,Undirected,5.00,0.0063
cadeia,relatorios,Undirected,2.00,-0.0544
cadeia,vocabulario,Undirected,2.00,-0.0312
cadeia,ponto,Undirected,33.00,0.1899
cadeia,marcelo,Undirected,7.00,-0.0834
cadeia,producao,Undirected,11.00,0.1350
cadeia,topologia,Undirected,4.00,0.0271
cadeia,analise,Undirected,6.00,-0.0292
cadeia,textual,Undirected,13.00,0.2128
cadeia,momento,Undirected,8.00,0.0801
cadeia,resultado,Undirected,8.00,0.0686
cadeia,diferentes,Undirected,10.00,0.1289
cadeia,secao,Undirected,10.00,0.0373
cadeia,condicoes,Undirected,2.00,-0.1690
cadeia,pessoas,Undirected,2.00,-0.0979
cadeia,presenca,Undirected,12.00,0.1992
cadeia,corpos,Undirected,3.00,-0.0015
cadeia,distintos,Undirected,3.00,-0.0174
cadeia,referencia,Undirected,29.00,0.3257
cadeia,corpo,Undirected,11.00,0.0829
cadeia,humano,Undirected,5.00,-0.0238
cadeia,actante,Undirected,13.00,0.0462
cadeia,coeficientes,Undirected,6.00,0.0302
cadeia,pandemico,Undirected,2.00,-0.0769
cadeia,algoritmo,Undirected,4.00,0.0012
cadeia,associacao,Undirected,3.00,-0.0073
cadeia,conjunto,Undirected,7.00,0.0739
cadeia,escolha,Undirected,3.00,-0.0144
cadeia,celular,Undirected,2.00,-0.1341
cadeia,conceito,Undirected,5.00,0.0525
cadeia,respiratoria,Undirected,3.00,-0.1348
cadeia,covid,Undirected,3.00,-0.1023
cadeia,produziu,Undirected,2.00,-0.0629
cadeia,gravacao,Undirected,5.00,0.0588
cadeia,arquivo,Undirected,9.00,0.0501
cadeia,imutavel,Undirected,4.00,0.0458
cadeia,artificial,Undirected,2.00,-0.0451
cadeia,mundo,Undirected,6.00,0.0487
cadeia,tornou,Undirected,6.00,0.0615
cadeia,visivel,Undirected,8.00,0.0944
cadeia,hospital,Undirected,2.00,-0.0409
cadeia,sequencia,Undirected,2.00,-0.0757
cadeia,passo,Undirected,3.00,-0.0113
cadeia,sars,Undirected,3.00,0.0142
cadeia,torna,Undirected,8.00,0.0081
cadeia,sinal,Undirected,4.00,-0.0838
cadeia,virus,Undirected,6.00,-0.0156
cadeia,possivel,Undirected,6.00,0.0352
cadeia,paciente,Undirected,8.00,0.0280
cadeia,tecnociencia,Undirected,2.00,-0.0349
cadeia,existir,Undirected,3.00,-0.0152
cadeia,pratica,Undirected,2.00,-0.1634
cadeia,nenhum,Undirected,5.00,0.0332
cadeia,neural,Undirected,5.00,0.0268
cadeia,processo,Undirected,3.00,-0.0448
cadeia,chega,Undirected,5.00,0.0725
cadeia,leitor,Undirected,3.00,-0.0273
cadeia,termos,Undirected,3.00,-0.0578
cadeia,clinica,Undirected,4.00,0.0039
cadeia,condicao,Undirected,4.00,-0.0655
cadeia,grade,Undirected,5.00,0.0482
cadeia,descricao,Undirected,7.00,0.1012
cadeia,etnografia,Undirected,5.00,0.0167
cadeia,parametros,Undirected,2.00,-0.0662
cadeia,pacientes,Undirected,2.00,-0.1517
cadeia,onda,Undirected,3.00,-0.0032
cadeia,frequencias,Undirected,2.00,-0.0551
cadeia,codigo,Undirected,3.00,-0.0520
cadeia,partir,Undirected,5.00,-0.0695
cadeia,computacional,Undirected,2.00,-0.0804
cadeia,gesto,Undirected,2.00,-0.0669
cadeia,escala,Undirected,3.00,-0.0716
cadeia,carrega,Undirected,2.00,-0.0483
cadeia,ausencia,Undirected,3.00,0.0038
cadeia,movimento,Undirected,2.00,-0.0544
cadeia,aparece,Undirected,3.00,-0.0588
cadeia,campo,Undirected,3.00,-0.0326
padroes,modelo,Undirected,5.00,0.0639
padroes,linguagem,Undirected,2.00,0.1278
padroes,vocabulario,Undirected,2.00,0.1416
padroes,reconhecer,Undirected,13.00,0.3993
padroes,dado,Undirected,7.00,0.0888
padroes,respiratoria,Undirected,7.00,0.1512
padroes,partir,Undirected,3.00,0.0595
padroes,processo,Undirected,2.00,0.0879
padroes,produz,Undirected,8.00,0.2654
padroes,distintos,Undirected,2.00,0.1141
padroes,humano,Undirected,2.00,0.0563
padroes,insuficiencia,Undirected,2.00,0.0086
padroes,metodo,Undirected,2.00,0.1033
padroes,grade,Undirected,5.00,0.2392
padroes,espectrograma,Undirected,4.00,0.0762
padroes,rede,Undirected,3.00,-0.0356
padroes,spira,Undirected,3.00,-0.0908
padroes,objeto,Undirected,2.00,-0.0524
padroes,etapa,Undirected,3.00,0.1807
padroes,escolha,Undirected,2.00,0.1170
padroes,coeficientes,Undirected,3.00,0.1334
padroes,imagem,Undirected,3.00,0.0738
padroes,algoritmo,Undirected,5.00,0.2177
padroes,covid,Undirected,2.00,0.0328
padroes,fala,Undirected,2.00,0.0559
mundo,inscricao,Undirected,3.00,-0.0494
mundo,laboratorio,Undirected,12.00,0.2527
mundo,circular,Undirected,2.00,0.1297
mundo,condicao,Undirected,11.00,0.2296
mundo,metodo,Undirected,2.00,0.0877
mundo,protocolo,Undirected,9.00,0.2225
mundo,produziu,Undirected,4.00,0.1790
mundo,inscrito,Undirected,14.00,0.3829
mundo,objeto,Undirected,5.00,0.0041
mundo,spira,Undirected,10.00,0.0133
mundo,artigo,Undirected,3.00,-0.0276
mundo,celular,Undirected,3.00,0.0680
mundo,latour,Undirected,3.00,0.0684
mundo,informacao,Undirected,2.00,0.1297
mundo,coleta,Undirected,3.00,0.0156
mundo,acao,Undirected,2.00,0.1154
mundo,antiprograma,Undirected,3.00,0.1715
mundo,dispositivo,Undirected,4.00,0.1208
mundo,modelo,Undirected,2.00,-0.0528
mundo,pandemico,Undirected,7.00,0.2415
mundo,artigos,Undirected,2.00,-0.0230
mundo,espectrograma,Undirected,3.00,0.0263
mundo,percurso,Undirected,2.00,0.0999
mundo,referencia,Undirected,2.00,0.1154
mundo,onda,Undirected,3.00,0.1609
mundo,descreve,Undirected,2.00,0.0674
mundo,pessoa,Undirected,2.00,0.1326
mundo,sinal,Undirected,3.00,0.0517
mundo,analise,Undirected,2.00,0.0174
mundo,centro,Undirected,2.00,0.0487
mundo,distancia,Undirected,3.00,0.1865
modelo,dado,Undirected,44.00,0.1663
modelo,linguagem,Undirected,9.00,0.1526
modelo,sinal,Undirected,16.00,0.1070
modelo,rede,Undirected,9.00,-0.0889
modelo,algoritmo,Undirected,6.00,0.0690
modelo,computacional,Undirected,14.00,0.1745
modelo,translacao,Undirected,3.00,-0.0237
modelo,artigo,Undirected,33.00,0.0544
modelo,covid,Undirected,8.00,0.0253
modelo,coeficientes,Undirected,10.00,0.0871
modelo,tecnica,Undirected,21.00,0.2629
modelo,marcelo,Undirected,2.00,-0.1844
modelo,escala,Undirected,4.00,-0.0224
modelo,fala,Undirected,3.00,-0.0594
modelo,pacientes,Undirected,4.00,-0.0666
modelo,arquitetura,Undirected,8.00,0.1325
modelo,conjunto,Undirected,7.00,0.0945
modelo,controle,Undirected,6.00,0.1178
modelo,chega,Undirected,6.00,0.1157
modelo,reconhecer,Undirected,6.00,0.0980
modelo,enfermaria,Undirected,2.00,-0.1097
modelo,paciente,Undirected,4.00,-0.0322
modelo,clinica,Undirected,3.00,-0.0085
modelo,termos,Undirected,5.00,0.0172
modelo,spira,Undirected,23.00,-0.0411
modelo,analise,Undirected,7.00,0.0093
modelo,inscricao,Undirected,2.00,-0.2286
modelo,audio,Undirected,6.00,-0.0153
modelo,coleta,Undirected,2.00,-0.1662
modelo,associacao,Undirected,3.00,0.0115
modelo,existir,Undirected,2.00,-0.0386
modelo,voz,Undirected,2.00,-0.0287
modelo,objeto,Undirected,6.00,-0.1054
modelo,covideiro,Undirected,13.00,-0.0411
modelo,carrega,Undirected,3.00,0.0123
modelo,ausencia,Undirected,4.00,0.0554
modelo,antiprograma,Undirected,5.00,0.0863
modelo,forca,Undirected,3.00,0.0381
modelo,diferenca,Undirected,4.00,-0.0016
modelo,processamento,Undirected,4.00,0.0261
modelo,espectrogramas,Undirected,3.00,0.0330
modelo,artigos,Undirected,7.00,-0.0371
modelo,insuficiencia,Undirected,4.00,-0.0801
modelo,respiratoria,Undirected,4.00,-0.0876
modelo,latour,Undirected,2.00,-0.1157
modelo,condicoes,Undirected,5.00,-0.0619
modelo,producao,Undirected,3.00,-0.0058
modelo,partir,Undirected,8.00,0.0045
modelo,treinamento,Undirected,19.00,0.2494
modelo,celular,Undirected,2.00,-0.1161
modelo,repositorio,Undirected,37.00,0.2248
modelo,produz,Undirected,2.00,-0.0712
modelo,produziu,Undirected,2.00,-0.0449
modelo,dispositivo,Undirected,5.00,-0.0044
modelo,acustico,Undirected,4.00,0.0351
modelo,ruido,Undirected,4.00,-0.0592
modelo,acustica,Undirected,7.00,0.1055
modelo,corpo,Undirected,4.00,-0.0201
modelo,pesquisador,Undirected,2.00,-0.0905
modelo,registra,Undirected,3.00,0.0263
modelo,secao,Undirected,2.00,-0.1178
modelo,versao,Undirected,4.00,0.0179
modelo,parametros,Undirected,5.00,0.0516
modelo,entrada,Undirected,4.00,0.0652
modelo,hospital,Undirected,2.00,-0.0230
modelo,aliados,Undirected,2.00,-0.0114
modelo,programa,Undirected,3.00,0.0014
modelo,condicao,Undirected,4.00,-0.0461
modelo,escuta,Undirected,2.00,-0.0204
modelo,lugar,Undirected,2.00,-0.0151
modelo,espectrograma,Undirected,6.00,-0.0475
modelo,observador,Undirected,13.00,0.2003
modelo,neural,Undirected,3.00,-0.0112
modelo,instituicao,Undirected,2.00,-0.0905
modelo,publico,Undirected,3.00,-0.0189
modelo,visivel,Undirected,3.00,-0.0030
modelo,etapa,Undirected,3.00,0.0190
modelo,parte,Undirected,2.00,-0.0204
modelo,virus,Undirected,4.00,-0.0408
modelo,frequencias,Undirected,3.00,0.0051
modelo,percurso,Undirected,2.00,-0.0393
modelo,descricao,Undirected,3.00,0.0190
modelo,pratica,Undirected,3.00,-0.1080
modelo,leitura,Undirected,2.00,-0.0577
modelo,metodo,Undirected,4.00,0.0219
modelo,pesquisa,Undirected,3.00,-0.0231
modelo,acesso,Undirected,3.00,-0.0106
tornou,visivel,Undirected,18.00,0.4317
tornou,latour,Undirected,2.00,0.0348
tornou,maio,Undirected,2.00,0.1450
tornou,pessoas,Undirected,4.00,0.1535
tornou,presenca,Undirected,3.00,0.1952
tornou,coleta,Undirected,4.00,0.0605
tornou,inscricao,Undirected,9.00,0.0923
tornou,rede,Undirected,3.00,-0.0401
tornou,possivel,Undirected,32.00,0.5238
tornou,etapa,Undirected,2.00,0.1267
tornou,dado,Undirected,8.00,0.1014
tornou,condicao,Undirected,4.00,0.1160
tornou,covideiro,Undirected,3.00,-0.0361
tornou,pandemico,Undirected,6.00,0.2319
tornou,diferenca,Undirected,2.00,0.0772
tornou,termos,Undirected,2.00,0.0711
tornou,imutavel,Undirected,3.00,0.1891
tornou,configuracao,Undirected,8.00,0.2566
tornou,ponto,Undirected,5.00,0.1274
tornou,ciencia,Undirected,2.00,0.1392
tornou,escolha,Undirected,2.00,0.1127
tornou,objeto,Undirected,5.00,0.0422
tornou,movel,Undirected,2.00,0.1234
tornou,spira,Undirected,3.00,-0.0953
tornou,pacientes,Undirected,3.00,0.0614
tornou,instituicao,Undirected,2.00,0.0600
tornou,inscrito,Undirected,2.00,0.1259
tornou,forca,Undirected,3.00,0.1952
tornou,espectrograma,Undirected,5.00,0.0715
tornou,arquitetura,Undirected,2.00,0.1203
tornou,audio,Undirected,2.00,0.0231
tornou,laboratorio,Undirected,4.00,0.1113
tornou,marcelo,Undirected,5.00,0.0675
tornou,leitura,Undirected,2.00,0.0928
tornou,artigo,Undirected,2.00,-0.0572
tornou,publico,Undirected,3.00,0.1383
imutavel,produz,Undirected,2.00,0.1093
imutavel,movel,Undirected,75.00,0.8435
imutavel,analise,Undirected,2.00,0.0588
imutavel,objeto,Undirected,4.00,0.0487
imutavel,inscricao,Undirected,2.00,-0.0480
imutavel,referencia,Undirected,3.00,0.2075
imutavel,pratica,Undirected,3.00,0.0805
imutavel,relatorios,Undirected,2.00,0.1442
imutavel,producao,Undirected,3.00,0.1827
imutavel,textual,Undirected,2.00,0.1760
imutavel,arquivo,Undirected,8.00,0.2670
imutavel,covideiro,Undirected,7.00,0.0957
imutavel,configuracao,Undirected,3.00,0.1728
imutavel,possivel,Undirected,2.00,0.1159
imutavel,carrega,Undirected,2.00,0.1503
imutavel,conceito,Undirected,2.00,0.1511
imutavel,latour,Undirected,15.00,0.3212
imutavel,descreve,Undirected,5.00,0.2252
imutavel,artigo,Undirected,2.00,-0.0271
imutavel,centro,Undirected,2.00,0.0901
imutavel,laboratorio,Undirected,2.00,0.0615
imutavel,rede,Undirected,5.00,0.0493
imutavel,ponto,Undirected,4.00,0.0965
imutavel,observador,Undirected,3.00,0.1983
marcelo,rede,Undirected,39.00,0.1133
marcelo,covid,Undirected,4.00,-0.0460
marcelo,espectrograma,Undirected,5.00,-0.0591
marcelo,arquivo,Undirected,4.00,-0.0175
marcelo,paciente,Undirected,3.00,-0.0545
marcelo,pesquisa,Undirected,3.00,-0.0152
marcelo,campo,Undirected,7.00,0.0944
marcelo,presenca,Undirected,3.00,0.0459
marcelo,distintas,Undirected,3.00,-0.0098
marcelo,projeto,Undirected,29.00,0.1463
marcelo,computacional,Undirected,2.00,-0.0549
marcelo,linguagem,Undirected,7.00,0.1268
marcelo,condicao,Undirected,4.00,-0.0380
marcelo,partir,Undirected,9.00,0.0279
marcelo,pratica,Undirected,15.00,0.0897
marcelo,tecnociencia,Undirected,3.00,0.0341
marcelo,processo,Undirected,4.00,0.0134
marcelo,respiratoria,Undirected,5.00,-0.0560
marcelo,spira,Undirected,20.00,-0.0494
marcelo,dado,Undirected,10.00,-0.0397
marcelo,processamento,Undirected,2.00,-0.0401
marcelo,covideiro,Undirected,23.00,0.0449
marcelo,saude,Undirected,4.00,0.0608
marcelo,disponivel,Undirected,5.00,0.0667
marcelo,condicoes,Undirected,5.00,-0.0536
marcelo,pandemia,Undirected,2.00,-0.0196
marcelo,associacao,Undirected,3.00,0.0193
marcelo,carrega,Undirected,2.00,-0.0227
marcelo,ponto,Undirected,10.00,0.0531
marcelo,ausencia,Undirected,2.00,-0.0129
marcelo,escolha,Undirected,3.00,0.0122
marcelo,termos,Undirected,2.00,-0.0719
marcelo,diante,Undirected,2.00,-0.0111
marcelo,mapa,Undirected,8.00,0.1690
marcelo,secao,Undirected,8.00,0.0391
marcelo,registra,Undirected,2.00,-0.0093
marcelo,centro,Undirected,12.00,0.1262
marcelo,producao,Undirected,7.00,0.1032
marcelo,fala,Undirected,5.00,0.0040
marcelo,pesquisador,Undirected,14.00,0.1487
marcelo,descreve,Undirected,18.00,0.2117
marcelo,momento,Undirected,4.00,0.0240
marcelo,visivel,Undirected,3.00,0.0049
marcelo,coleta,Undirected,8.00,-0.0175
marcelo,artigo,Undirected,9.00,-0.0524
marcelo,escala,Undirected,3.00,-0.0450
marcelo,parte,Undirected,4.00,0.0636
marcelo,enfermaria,Undirected,5.00,-0.0079
marcelo,aparece,Undirected,4.00,-0.0011
marcelo,instituicao,Undirected,3.00,-0.0427
marcelo,laboratorio,Undirected,18.00,0.1505
marcelo,audio,Undirected,2.00,-0.1199
marcelo,relatorios,Undirected,5.00,0.0731
marcelo,fapesp,Undirected,4.00,0.0233
marcelo,fonoaudiologos,Undirected,11.00,0.1693
marcelo,sistema,Undirected,4.00,-0.0211
marcelo,gesto,Undirected,2.00,-0.0414
marcelo,coeficientes,Undirected,2.00,-0.0616
marcelo,ciencia,Undirected,2.00,-0.0038
marcelo,aliados,Undirected,3.00,0.0399
marcelo,protocolo,Undirected,3.00,-0.0270
marcelo,medicos,Undirected,2.00,-0.0288
marcelo,ambiente,Undirected,2.00,-0.0137
marcelo,lugar,Undirected,2.00,-0.0075
marcelo,celular,Undirected,5.00,-0.0395
marcelo,pessoas,Undirected,3.00,-0.0316
marcelo,inscricao,Undirected,3.00,-0.1869
marcelo,codigo,Undirected,2.00,-0.0663
marcelo,produz,Undirected,3.00,-0.0226
marcelo,artigos,Undirected,7.00,-0.0284
marcelo,circular,Undirected,2.00,-0.0019
marcelo,arquitetura,Undirected,2.00,-0.0227
marcelo,dispositivo,Undirected,3.00,-0.0515
marcelo,acesso,Undirected,6.00,0.0782
marcelo,etapa,Undirected,3.00,0.0269
marcelo,chega,Undirected,3.00,0.0399
marcelo,nenhum,Undirected,5.00,0.0614
marcelo,possivel,Undirected,2.00,-0.0572
marcelo,contexto,Undirected,2.00,-0.0346
marcelo,virus,Undirected,2.00,-0.1022
publico,dado,Undirected,4.00,-0.0040
publico,treinamento,Undirected,3.00,0.1375
publico,spira,Undirected,20.00,0.1139
publico,maio,Undirected,2.00,0.1263
publico,repositorio,Undirected,24.00,0.4827
publico,saude,Undirected,18.00,0.4360
publico,pandemia,Undirected,7.00,0.2697
publico,covid,Undirected,2.00,0.0098
publico,instituicao,Undirected,3.00,0.0870
publico,sistema,Undirected,3.00,0.0782
publico,projeto,Undirected,6.00,0.0754
publico,descreve,Undirected,2.00,0.0601
publico,artigo,Undirected,6.00,0.0429
publico,hospital,Undirected,2.00,0.1089
publico,partir,Undirected,4.00,0.0688
publico,secao,Undirected,4.00,0.0926
publico,pacientes,Undirected,5.00,0.1029
publico,possivel,Undirected,3.00,0.1140
publico,relatorios,Undirected,3.00,0.1436
publico,leitor,Undirected,2.00,0.0816
publico,codigo,Undirected,12.00,0.2993
publico,pandemico,Undirected,2.00,0.0730
publico,disponivel,Undirected,3.00,0.1375
publico,controle,Undirected,6.00,0.2666
publico,espectrograma,Undirected,2.00,-0.0242
publico,gravacao,Undirected,2.00,0.1081
publico,centro,Undirected,2.00,0.0414
publico,pesquisa,Undirected,3.00,0.1146
imagem,covideiro,Undirected,6.00,-0.0536
imagem,espectrograma,Undirected,37.00,0.2880
imagem,sistema,Undirected,4.00,0.0417
imagem,celular,Undirected,3.00,-0.0086
imagem,grade,Undirected,7.00,0.1865
imagem,inscricao,Undirected,8.00,-0.0223
imagem,tecnociencia,Undirected,3.00,0.0949
imagem,pessoas,Undirected,6.00,0.1126
imagem,possivel,Undirected,3.00,0.0450
imagem,passo,Undirected,3.00,0.0761
imagem,linguagem,Undirected,3.00,0.0842
imagem,torna,Undirected,13.00,0.1630
imagem,precisamente,Undirected,2.00,0.0525
imagem,espectrogramas,Undirected,4.00,0.1370
imagem,reconhecer,Undirected,5.00,0.1477
imagem,parametros,Undirected,3.00,0.0622
imagem,frequencias,Undirected,2.00,0.0287
imagem,sinal,Undirected,2.00,-0.0659
imagem,humano,Undirected,12.00,0.1879
imagem,rede,Undirected,5.00,-0.0776
imagem,processamento,Undirected,2.00,0.0182
imagem,ponto,Undirected,5.00,0.0338
imagem,gesto,Undirected,2.00,0.0169
imagem,objeto,Undirected,7.00,-0.0134
imagem,arquivo,Undirected,2.00,-0.0299
imagem,paciente,Undirected,3.00,0.0063
imagem,leitura,Undirected,4.00,0.0861
imagem,algoritmo,Undirected,8.00,0.1830
imagem,spira,Undirected,9.00,-0.0737
imagem,carrega,Undirected,3.00,0.0809
imagem,dispositivo,Undirected,4.00,0.0417
imagem,aparece,Undirected,3.00,0.0286
imagem,artigo,Undirected,2.00,-0.1419
imagem,sequencia,Undirected,3.00,0.0523
imagem,visivel,Undirected,2.00,0.0209
imagem,secao,Undirected,3.00,-0.0104
imagem,etnografia,Undirected,5.00,0.1093
imagem,pandemia,Undirected,2.00,0.0387
imagem,virus,Undirected,8.00,0.1165
imagem,corpos,Undirected,3.00,0.0860
imagem,acustica,Undirected,3.00,0.0912
imagem,distintos,Undirected,3.00,0.0700
imagem,presenca,Undirected,2.00,0.0602
imagem,analise,Undirected,5.00,0.0431
imagem,pesquisador,Undirected,3.00,0.0180
imagem,laboratorio,Undirected,2.00,-0.0533
imagem,pesquisa,Undirected,3.00,0.0456
imagem,codigo,Undirected,2.00,-0.0081
imagem,termos,Undirected,3.00,0.0297
instituicao,pesquisador,Undirected,7.00,0.1618
instituicao,artigos,Undirected,3.00,-0.0195
instituicao,acesso,Undirected,4.00,0.1305
instituicao,inscricao,Undirected,3.00,-0.0888
instituicao,centro,Undirected,17.00,0.2992
instituicao,existir,Undirected,3.00,0.1095
instituicao,humano,Undirected,4.00,0.0469
instituicao,saude,Undirected,3.00,0.1258
instituicao,sistema,Undirected,2.00,0.0025
instituicao,escuta,Undirected,2.00,0.0811
instituicao,deixa,Undirected,3.00,0.1322
instituicao,objeto,Undirected,2.00,-0.1058
instituicao,rede,Undirected,11.00,0.0573
instituicao,passo,Undirected,2.00,0.0666
instituicao,covideiro,Undirected,5.00,-0.0340
instituicao,aliados,Undirected,5.00,0.2045
instituicao,projeto,Undirected,10.00,0.1072
instituicao,contexto,Undirected,3.00,0.1058
instituicao,laboratorio,Undirected,4.00,0.0584
instituicao,distancia,Undirected,2.00,0.0989
instituicao,distintas,Undirected,3.00,0.0883
instituicao,spira,Undirected,23.00,0.0948
instituicao,registra,Undirected,2.00,0.0846
instituicao,coleta,Undirected,4.00,0.0076
instituicao,relatorios,Undirected,9.00,0.2618
instituicao,carrega,Undirected,2.00,0.0712
instituicao,corpos,Undirected,3.00,0.1232
instituicao,configuracao,Undirected,2.00,0.0443
instituicao,condicao,Undirected,2.00,-0.0132
instituicao,fapesp,Undirected,3.00,0.0895
instituicao,forca,Undirected,4.00,0.1807
instituicao,entrada,Undirected,3.00,0.1379
instituicao,aparece,Undirected,2.00,0.0211
instituicao,arquivo,Undirected,3.00,0.0499
instituicao,observador,Undirected,2.00,0.0689
instituicao,arquitetura,Undirected,3.00,0.1182
subsecao,covid,Undirected,2.00,0.0495
subsecao,associacao,Undirected,3.00,0.1905
subsecao,movimento,Undirected,4.00,0.2231
subsecao,parte,Undirected,3.00,0.2017
subsecao,spira,Undirected,4.00,-0.0436
subsecao,tecnica,Undirected,2.00,0.1267
subsecao,percurso,Undirected,2.00,0.1323
subsecao,covideiro,Undirected,3.00,-0.0142
subsecao,analise,Undirected,2.00,0.0498
subsecao,latour,Undirected,3.00,0.1022
subsecao,actante,Undirected,2.00,0.0328
subsecao,ponto,Undirected,2.00,0.0414
subsecao,acao,Undirected,3.00,0.1981
subsecao,pessoas,Undirected,5.00,0.2063
subsecao,inscricao,Undirected,9.00,0.1172
subsecao,voz,Undirected,3.00,0.1930
subsecao,coleta,Undirected,2.00,0.0053
subsecao,partir,Undirected,3.00,0.0769
subsecao,dado,Undirected,4.00,0.0388
subsecao,produziu,Undirected,3.00,0.1761
subsecao,artigos,Undirected,2.00,0.0094
subsecao,observador,Undirected,4.00,0.2271
subsecao,condicoes,Undirected,2.00,0.0206
subsecao,producao,Undirected,3.00,0.1733
subsecao,coeficientes,Undirected,3.00,0.1508
subsecao,versao,Undirected,2.00,0.1163
subsecao,computacional,Undirected,2.00,0.1091
subsecao,artigo,Undirected,2.00,-0.0361
subsecao,argumento,Undirected,2.00,0.1188
passo,descreve,Undirected,10.00,0.2674
passo,argumento,Undirected,3.00,0.1528
passo,spira,Undirected,4.00,-0.0592
passo,objeto,Undirected,6.00,0.0719
passo,rede,Undirected,2.00,-0.0739
passo,artigo,Undirected,2.00,-0.0506
passo,termos,Undirected,3.00,0.1250
passo,projeto,Undirected,4.00,0.0210
passo,corpo,Undirected,5.00,0.1785
passo,actante,Undirected,2.00,0.0183
passo,latour,Undirected,7.00,0.1506
passo,mapa,Undirected,3.00,0.2010
passo,pratica,Undirected,2.00,0.0116
passo,arquivo,Undirected,5.00,0.1080
passo,movel,Undirected,3.00,0.1300
passo,condicoes,Undirected,2.00,0.0061
passo,virus,Undirected,2.00,0.0474
passo,microfone,Undirected,3.00,0.1554
passo,inscricao,Undirected,3.00,-0.0308
passo,processo,Undirected,4.00,0.1745
passo,producao,Undirected,3.00,0.1582
passo,fapesp,Undirected,3.00,0.1476
passo,treinamento,Undirected,3.00,0.1639
passo,sequencia,Undirected,2.00,0.0994
passo,frequencias,Undirected,3.00,0.1691
passo,dado,Undirected,2.00,-0.0503
passo,parametros,Undirected,3.00,0.1575
circular,acesso,Undirected,2.00,0.1303
circular,artigos,Undirected,2.00,0.0204
circular,laboratorio,Undirected,7.00,0.2221
circular,centro,Undirected,6.00,0.2323
circular,dispositivo,Undirected,3.00,0.1311
circular,inscricao,Undirected,4.00,0.0278
circular,descreve,Undirected,3.00,0.1594
circular,artigo,Undirected,13.00,0.2095
circular,covideiro,Undirected,12.00,0.1732
circular,pandemico,Undirected,2.00,0.1236
circular,fapesp,Undirected,2.00,0.1248
circular,hospital,Undirected,3.00,0.2104
circular,repositorio,Undirected,3.00,0.1514
circular,pratica,Undirected,2.00,0.0370
circular,inscrito,Undirected,2.00,0.1579
circular,arquivo,Undirected,4.00,0.1710
circular,rede,Undirected,3.00,-0.0067
circular,partir,Undirected,2.00,0.0426
circular,spira,Undirected,6.00,0.0141
circular,resultado,Undirected,3.00,0.1645
circular,existir,Undirected,3.00,0.1941
circular,topologia,Undirected,2.00,0.1538
circular,objeto,Undirected,5.00,0.0776
circular,grade,Undirected,2.00,0.1491
circular,coeficientes,Undirected,3.00,0.1622
circular,voz,Undirected,2.00,0.1538
circular,espectrogramas,Undirected,3.00,0.2235
circular,diferentes,Undirected,3.00,0.1911
circular,movel,Undirected,3.00,0.2061
circular,campo,Undirected,2.00,0.1272
sars,actante,Undirected,4.00,0.1235
sars,circula,Undirected,2.00,0.1638
sars,inscricao,Undirected,3.00,-0.0052
sars,virus,Undirected,23.00,0.4079
sars,tecnica,Undirected,2.00,0.1366
sars,sistema,Undirected,3.00,0.1301
sars,celular,Undirected,3.00,0.1122
sars,artificial,Undirected,3.00,0.2051
sars,ausencia,Undirected,2.00,0.1611
sars,aparece,Undirected,2.00,0.1012
sars,computacional,Undirected,2.00,0.1191
sars,pacientes,Undirected,2.00,0.0478
sars,contexto,Undirected,3.00,0.1894
respiratoria,projeto,Undirected,3.00,-0.1025
respiratoria,insuficiencia,Undirected,288.00,0.8409
respiratoria,analise,Undirected,8.00,0.0709
respiratoria,audio,Undirected,4.00,-0.0181
respiratoria,fala,Undirected,4.00,0.0126
respiratoria,spira,Undirected,22.00,0.0046
respiratoria,dado,Undirected,9.00,-0.0151
respiratoria,dispositivo,Undirected,3.00,-0.0189
respiratoria,pacientes,Undirected,15.00,0.1440
respiratoria,controle,Undirected,3.00,0.0745
respiratoria,versao,Undirected,12.00,0.2078
respiratoria,acustica,Undirected,12.00,0.2507
respiratoria,computacional,Undirected,3.00,0.0192
respiratoria,covid,Undirected,34.00,0.2979
respiratoria,covideiro,Undirected,9.00,-0.0385
respiratoria,celular,Undirected,4.00,-0.0059
respiratoria,condicoes,Undirected,4.00,-0.0435
respiratoria,actante,Undirected,2.00,-0.1000
respiratoria,artigo,Undirected,6.00,-0.0621
respiratoria,partir,Undirected,4.00,-0.0315
respiratoria,sistema,Undirected,6.00,0.0606
respiratoria,existir,Undirected,3.00,0.0441
respiratoria,inscrito,Undirected,3.00,0.0587
respiratoria,clinica,Undirected,2.00,-0.0114
respiratoria,condicao,Undirected,12.00,0.1349
respiratoria,escuta,Undirected,3.00,0.0631
respiratoria,rede,Undirected,22.00,0.0750
respiratoria,distintas,Undirected,2.00,-0.0201
respiratoria,pandemico,Undirected,2.00,-0.0201
respiratoria,coleta,Undirected,5.00,-0.0359
respiratoria,paciente,Undirected,12.00,0.1508
respiratoria,termos,Undirected,4.00,0.0337
respiratoria,frequencia,Undirected,15.00,0.2058
respiratoria,presenca,Undirected,2.00,0.0332
respiratoria,diferentes,Undirected,3.00,0.0411
respiratoria,resultado,Undirected,2.00,-0.0281
respiratoria,inscricao,Undirected,3.00,-0.1542
respiratoria,virus,Undirected,2.00,-0.0709
respiratoria,produz,Undirected,4.00,0.0424
respiratoria,pesquisador,Undirected,3.00,-0.0101
respiratoria,sinal,Undirected,5.00,0.0023
respiratoria,ambiente,Undirected,5.00,0.1243
respiratoria,artigos,Undirected,4.00,-0.0555
respiratoria,gravacao,Undirected,2.00,0.0150
respiratoria,produziu,Undirected,4.00,0.0708
respiratoria,reconhecer,Undirected,6.00,0.1417
respiratoria,movel,Undirected,2.00,0.0117
respiratoria,objeto,Undirected,3.00,-0.1320
respiratoria,corpo,Undirected,2.00,-0.0517
respiratoria,onda,Undirected,3.00,0.0561
respiratoria,neural,Undirected,6.00,0.1127
respiratoria,espectrograma,Undirected,5.00,-0.0246
respiratoria,parametros,Undirected,2.00,-0.0095
respiratoria,humano,Undirected,2.00,-0.0597
respiratoria,secao,Undirected,2.00,-0.0790
respiratoria,corpos,Undirected,2.00,0.0133
respiratoria,distintos,Undirected,2.00,-0.0019
enfermaria,ruido,Undirected,62.00,0.4835
enfermaria,fala,Undirected,4.00,0.0594
enfermaria,dado,Undirected,8.00,0.0217
enfermaria,covid,Undirected,24.00,0.2933
enfermaria,artigos,Undirected,3.00,-0.0395
enfermaria,celular,Undirected,4.00,0.0410
enfermaria,algoritmo,Undirected,2.00,0.0295
enfermaria,coeficientes,Undirected,2.00,0.0131
enfermaria,protocolo,Undirected,3.00,0.0510
enfermaria,chega,Undirected,3.00,0.1179
enfermaria,parte,Undirected,4.00,0.1441
enfermaria,audio,Undirected,3.00,-0.0033
enfermaria,lugar,Undirected,4.00,0.1498
enfermaria,reconhecer,Undirected,3.00,0.1015
enfermaria,covideiro,Undirected,11.00,0.0386
enfermaria,resultado,Undirected,3.00,0.0599
enfermaria,artigo,Undirected,4.00,-0.0577
enfermaria,treinamento,Undirected,13.00,0.2905
enfermaria,maio,Undirected,11.00,0.3078
enfermaria,ambiente,Undirected,2.00,0.0610
enfermaria,acustico,Undirected,3.00,0.0887
enfermaria,frequencias,Undirected,2.00,0.0452
enfermaria,voz,Undirected,9.00,0.2482
enfermaria,laboratorio,Undirected,2.00,-0.0368
enfermaria,distintas,Undirected,2.00,0.0234
enfermaria,artificial,Undirected,9.00,0.2501
enfermaria,pacientes,Undirected,7.00,0.0901
enfermaria,controle,Undirected,4.00,0.1558
enfermaria,registra,Undirected,2.00,0.0654
enfermaria,coleta,Undirected,8.00,0.0338
enfermaria,condicoes,Undirected,4.00,0.0034
enfermaria,contexto,Undirected,2.00,0.0401
enfermaria,torna,Undirected,3.00,0.0058
enfermaria,spira,Undirected,2.00,-0.2016
enfermaria,paciente,Undirected,2.00,-0.0195
enfermaria,arquivo,Undirected,3.00,0.0299
enfermaria,actante,Undirected,3.00,-0.0151
enfermaria,escuta,Undirected,2.00,0.0619
enfermaria,deixa,Undirected,3.00,0.1121
enfermaria,conjunto,Undirected,2.00,0.0347
enfermaria,fonoaudiologos,Undirected,2.00,0.0374
enfermaria,grade,Undirected,2.00,0.0489
enfermaria,virus,Undirected,2.00,-0.0274
enfermaria,repositorio,Undirected,3.00,0.0973
enfermaria,acesso,Undirected,2.00,0.0301
associacao,rede,Undirected,19.00,0.2130
associacao,pesquisa,Undirected,4.00,0.1817
associacao,spira,Undirected,8.00,0.0242
associacao,pesquisador,Undirected,4.00,0.1533
associacao,pacientes,Undirected,3.00,0.0723
associacao,ponto,Undirected,2.00,0.0307
associacao,translacao,Undirected,6.00,0.2371
associacao,latour,Undirected,3.00,0.0910
associacao,resultado,Undirected,3.00,0.1420
associacao,inscricao,Undirected,3.00,-0.0268
associacao,ator,Undirected,3.00,0.1942
associacao,entrada,Undirected,3.00,0.2000
associacao,partir,Undirected,6.00,0.1522
associacao,covideiro,Undirected,2.00,-0.0663
associacao,campo,Undirected,3.00,0.1541
associacao,diante,Undirected,5.00,0.1924
associacao,precisamente,Undirected,3.00,0.1980
associacao,momento,Undirected,3.00,0.1522
associacao,existir,Undirected,3.00,0.1716
associacao,objeto,Undirected,2.00,-0.0464
associacao,ausencia,Undirected,3.00,0.1905
associacao,aliados,Undirected,3.00,0.2000
associacao,actante,Undirected,5.00,0.1294
associacao,termos,Undirected,2.00,0.0815
associacao,torna,Undirected,2.00,0.0421
pandemia,audio,Undirected,2.00,0.0374
pandemia,covid,Undirected,21.00,0.3789
pandemia,spira,Undirected,5.00,-0.0265
pandemia,onda,Undirected,9.00,0.3479
pandemia,fapesp,Undirected,2.00,0.1072
pandemia,celular,Undirected,2.00,0.0488
pandemia,saude,Undirected,3.00,0.1920
pandemia,covideiro,Undirected,6.00,0.0582
pandemia,dado,Undirected,3.00,-0.0005
pandemia,conjunto,Undirected,2.00,0.1173
pandemia,projeto,Undirected,4.00,0.0622
pandemia,momento,Undirected,3.00,0.1564
pandemia,possivel,Undirected,2.00,0.1002
pandemia,condicao,Undirected,5.00,0.1604
pandemia,pacientes,Undirected,4.00,0.1110
pandemia,lugar,Undirected,2.00,0.1498
pandemia,condicoes,Undirected,2.00,0.0139
pandemia,produziu,Undirected,6.00,0.2639
pandemia,artigos,Undirected,3.00,0.0467
pandemia,ponto,Undirected,3.00,0.0801
pandemia,ausencia,Undirected,3.00,0.1947
pandemia,pessoas,Undirected,3.00,0.1326
pandemia,versao,Undirected,2.00,0.1096
pandemia,escolha,Undirected,3.00,0.1765
pandemia,pesquisa,Undirected,2.00,0.1007
pandemia,campo,Undirected,3.00,0.1583
relatorios,presenca,Undirected,2.00,0.1500
relatorios,partir,Undirected,6.00,0.1462
relatorios,versao,Undirected,4.00,0.1855
relatorios,spira,Undirected,9.00,0.0327
relatorios,artigos,Undirected,12.00,0.2201
relatorios,lugar,Undirected,3.00,0.1905
relatorios,existir,Undirected,3.00,0.1660
relatorios,artigo,Undirected,5.00,0.0474
relatorios,etnografia,Undirected,2.00,0.0937
relatorios,projeto,Undirected,6.00,0.1021
relatorios,distancia,Undirected,4.00,0.2423
relatorios,fapesp,Undirected,2.00,0.0979
relatorios,precisamente,Undirected,3.00,0.1925
relatorios,pratica,Undirected,3.00,0.0544
relatorios,arquitetura,Undirected,3.00,0.1747
relatorios,pesquisa,Undirected,3.00,0.1393
relatorios,dispositivo,Undirected,2.00,0.0566
relatorios,rede,Undirected,2.00,-0.0754
relatorios,aparece,Undirected,9.00,0.2357
relatorios,centro,Undirected,5.00,0.1769
relatorios,producao,Undirected,4.00,0.1938
relatorios,saude,Undirected,3.00,0.1823
relatorios,resultado,Undirected,6.00,0.2286
relatorios,covideiro,Undirected,7.00,0.0670
relatorios,processo,Undirected,3.00,0.1364
relatorios,metodo,Undirected,2.00,0.1041
relatorios,ausencia,Undirected,2.00,0.1352
relatorios,sequencia,Undirected,3.00,0.1460
dispositivo,movimento,Undirected,4.00,0.1384
dispositivo,translacao,Undirected,3.00,0.0734
dispositivo,inscricao,Undirected,44.00,0.2720
dispositivo,processamento,Undirected,3.00,0.0913
dispositivo,movel,Undirected,3.00,0.1127
dispositivo,arquitetura,Undirected,4.00,0.1450
dispositivo,spira,Undirected,12.00,-0.0063
dispositivo,condicao,Undirected,3.00,0.0213
dispositivo,pratica,Undirected,5.00,0.0470
dispositivo,programa,Undirected,4.00,0.1338
dispositivo,inscrito,Undirected,11.00,0.2977
dispositivo,antiprograma,Undirected,2.00,0.0761
dispositivo,resultado,Undirected,5.00,0.1338
dispositivo,produz,Undirected,2.00,0.0218
dispositivo,artigo,Undirected,4.00,-0.0461
dispositivo,referencia,Undirected,2.00,0.0692
dispositivo,actante,Undirected,5.00,0.0544
dispositivo,sinal,Undirected,8.00,0.1227
dispositivo,acao,Undirected,4.00,0.1520
dispositivo,celular,Undirected,2.00,-0.0230
dispositivo,algoritmo,Undirected,2.00,0.0402
dispositivo,termos,Undirected,3.00,0.0581
dispositivo,processo,Undirected,5.00,0.1338
dispositivo,objeto,Undirected,5.00,-0.0213
dispositivo,contexto,Undirected,3.00,0.0970
dispositivo,artigos,Undirected,3.00,-0.0283
dispositivo,covideiro,Undirected,7.00,-0.0229
dispositivo,pandemico,Undirected,3.00,0.0795
dispositivo,distintas,Undirected,2.00,0.0341
dispositivo,coleta,Undirected,15.00,0.1715
dispositivo,paciente,Undirected,7.00,0.1392
dispositivo,distancia,Undirected,6.00,0.2306
dispositivo,sistema,Undirected,5.00,0.0984
dispositivo,virus,Undirected,2.00,-0.0167
dispositivo,fala,Undirected,3.00,0.0377
dispositivo,acustico,Undirected,3.00,0.1000
dispositivo,campo,Undirected,5.00,0.1467
dispositivo,aliados,Undirected,3.00,0.1291
dispositivo,possivel,Undirected,2.00,0.0283
dispositivo,centro,Undirected,3.00,0.0465
dispositivo,pacientes,Undirected,2.00,-0.0407
dispositivo,corpos,Undirected,2.00,0.0676
dispositivo,textual,Undirected,2.00,0.0885
dispositivo,acustica,Undirected,2.00,0.0726
dispositivo,padrao,Undirected,2.00,0.0735
dispositivo,corpo,Undirected,2.00,0.0025
dispositivo,espectrograma,Undirected,2.00,-0.0630
dispositivo,percurso,Undirected,3.00,0.1000
dispositivo,microfone,Undirected,3.00,0.0886
dispositivo,codigo,Undirected,2.00,0.0192
dispositivo,produziu,Undirected,3.00,0.0941
dispositivo,sequencia,Undirected,2.00,0.0353
dispositivo,etnografia,Undirected,3.00,0.0764
gesto,condicoes,Undirected,3.00,0.0356
gesto,rede,Undirected,2.00,-0.0879
gesto,neural,Undirected,3.00,0.1381
gesto,secao,Undirected,6.00,0.1570
gesto,etnografia,Undirected,4.00,0.1649
gesto,inscricao,Undirected,21.00,0.2012
gesto,torna,Undirected,6.00,0.1559
gesto,covideiro,Undirected,3.00,-0.0439
gesto,arquivo,Undirected,5.00,0.1573
gesto,deixa,Undirected,5.00,0.2444
gesto,termo,Undirected,5.00,0.2484
gesto,spira,Undirected,4.00,-0.0743
gesto,projeto,Undirected,2.00,-0.0359
gesto,descreve,Undirected,3.00,0.1183
gesto,algoritmo,Undirected,3.00,0.1381
gesto,insuficiencia,Undirected,2.00,-0.0032
gesto,ruido,Undirected,5.00,0.1229
gesto,termos,Undirected,5.00,0.1460
gesto,processo,Undirected,2.00,0.0761
gesto,possivel,Undirected,3.00,0.1257
gesto,momento,Undirected,2.00,0.0859
gesto,existir,Undirected,3.00,0.1529
gesto,objeto,Undirected,10.00,0.1086
gesto,treinamento,Undirected,6.00,0.2424
gesto,lugar,Undirected,2.00,0.1280
gesto,observador,Undirected,3.00,0.1592
gesto,escolha,Undirected,2.00,0.1052
gesto,actante,Undirected,2.00,0.0043
gesto,codigo,Undirected,2.00,0.0692
gesto,partir,Undirected,2.00,0.0032
gesto,visivel,Undirected,2.00,0.0981
gesto,conceito,Undirected,2.00,0.1136
frequencias,sinal,Undirected,14.00,0.2817
frequencias,audio,Undirected,5.00,0.1352
frequencias,humano,Undirected,8.00,0.2336
frequencias,acustico,Undirected,3.00,0.1645
frequencias,inscricao,Undirected,3.00,-0.0331
frequencias,configuracao,Undirected,2.00,0.0977
frequencias,insuficiencia,Undirected,2.00,0.0086
frequencias,padrao,Undirected,3.00,0.1851
frequencias,presenca,Undirected,4.00,0.2383
frequencias,espectrograma,Undirected,5.00,0.1037
frequencias,dado,Undirected,3.00,-0.0110
frequencias,grade,Undirected,2.00,0.1215
frequencias,coeficientes,Undirected,3.00,0.1334
frequencias,escala,Undirected,11.00,0.2902
frequencias,diferentes,Undirected,3.00,0.1623
frequencias,diferenca,Undirected,2.00,0.0815
frequencias,percurso,Undirected,2.00,0.1156
frequencias,ruido,Undirected,5.00,0.1076
frequencias,algoritmo,Undirected,6.00,0.2437
frequencias,corpo,Undirected,2.00,0.0643
frequencias,virus,Undirected,4.00,0.1261
frequencias,microfone,Undirected,2.00,0.1046
frequencias,termo,Undirected,2.00,0.1416
saude,disponivel,Undirected,3.00,0.1763
saude,artificial,Undirected,2.00,0.1419
saude,sistema,Undirected,10.00,0.2843
saude,acesso,Undirected,7.00,0.2835
saude,pesquisa,Undirected,20.00,0.4307
saude,resultado,Undirected,3.00,0.1504
saude,centro,Undirected,5.00,0.1917
saude,ruido,Undirected,6.00,0.1761
saude,presenca,Undirected,3.00,0.2145
saude,diferenca,Undirected,3.00,0.1437
saude,acustica,Undirected,2.00,0.1486
saude,distancia,Undirected,3.00,0.2177
saude,artigo,Undirected,2.00,-0.0387
saude,termos,Undirected,2.00,0.0896
saude,parte,Undirected,2.00,0.1486
diante,aparece,Undirected,8.00,0.2764
diante,pessoa,Undirected,7.00,0.3409
diante,celular,Undirected,3.00,0.1036
diante,sistema,Undirected,3.00,0.1215
diante,paciente,Undirected,7.00,0.2315
diante,protocolo,Undirected,5.00,0.2131
diante,coleta,Undirected,6.00,0.1365
diante,arquivo,Undirected,3.00,0.1249
diante,circula,Undirected,2.00,0.1555
diante,spira,Undirected,4.00,-0.0715
diante,parametros,Undirected,6.00,0.2121
diante,codigo,Undirected,4.00,0.1477
diante,espectrograma,Undirected,3.00,0.0619
diante,inscricao,Undirected,3.00,-0.0138
diante,linguagem,Undirected,3.00,0.1965
diante,leitor,Undirected,2.00,0.1231
diante,artigo,Undirected,2.00,-0.0344
diante,covideiro,Undirected,2.00,-0.0539
diante,microfone,Undirected,30.00,0.5614
diante,corpo,Undirected,6.00,0.2220
diante,contexto,Undirected,2.00,0.1312
diante,humano,Undirected,2.00,0.0748
diante,pessoas,Undirected,4.00,0.1781
diante,maio,Undirected,6.00,0.3178
diante,algoritmo,Undirected,2.00,0.1205
diante,grade,Undirected,3.00,0.1900
diante,projeto,Undirected,2.00,-0.0057
arquivo,espectrograma,Undirected,17.00,0.1987
arquivo,paciente,Undirected,31.00,0.3893
arquivo,covideiro,Undirected,15.00,0.0986
arquivo,gravacao,Undirected,9.00,0.2706
arquivo,existir,Undirected,7.00,0.2156
arquivo,spira,Undirected,8.00,-0.0512
arquivo,centro,Undirected,5.00,0.1114
arquivo,deixa,Undirected,2.00,0.0794
arquivo,artigo,Undirected,4.00,-0.0426
arquivo,rede,Undirected,2.00,-0.1347
arquivo,movel,Undirected,7.00,0.2288
arquivo,repositorio,Undirected,7.00,0.2242
arquivo,maio,Undirected,5.00,0.2052
arquivo,objeto,Undirected,2.00,-0.1110
arquivo,partir,Undirected,14.00,0.1981
arquivo,audio,Undirected,27.00,0.3050
arquivo,sequencia,Undirected,5.00,0.1476
arquivo,torna,Undirected,3.00,0.0204
arquivo,inscrito,Undirected,6.00,0.2094
arquivo,ruido,Undirected,4.00,0.0446
arquivo,coleta,Undirected,3.00,-0.0291
arquivo,circula,Undirected,6.00,0.2172
arquivo,hospital,Undirected,4.00,0.1565
arquivo,parte,Undirected,5.00,0.1888
arquivo,resultado,Undirected,2.00,0.0294
arquivo,processamento,Undirected,2.00,0.0487
arquivo,secao,Undirected,2.00,-0.0215
arquivo,precisamente,Undirected,6.00,0.2223
arquivo,inscricao,Undirected,4.00,-0.0651
arquivo,carrega,Undirected,6.00,0.2030
arquivo,condicao,Undirected,5.00,0.0847
arquivo,aparece,Undirected,2.00,0.0160
arquivo,percurso,Undirected,2.00,0.0570
arquivo,artigos,Undirected,2.00,-0.0658
arquivo,onda,Undirected,6.00,0.2066
arquivo,insuficiencia,Undirected,4.00,0.0236
arquivo,pessoas,Undirected,2.00,0.0164
arquivo,voz,Undirected,3.00,0.1145
arquivo,coeficientes,Undirected,4.00,0.1067
arquivo,presenca,Undirected,2.00,0.0908
arquivo,humano,Undirected,2.00,-0.0022
arquivo,produz,Undirected,2.00,0.0251
arquivo,versao,Undirected,2.00,0.0410
arquivo,termo,Undirected,2.00,0.0831
ciencia,argumento,Undirected,2.00,0.1278
ciencia,leitura,Undirected,4.00,0.2098
ciencia,artigo,Undirected,7.00,0.0979
ciencia,laboratorio,Undirected,4.00,0.1080
ciencia,metodo,Undirected,2.00,0.1291
ciencia,acao,Undirected,6.00,0.3055
ciencia,latour,Undirected,2.00,0.0649
ciencia,secao,Undirected,2.00,0.0628
ciencia,visivel,Undirected,3.00,0.1855
ciencia,codigo,Undirected,2.00,0.1067
ciencia,leitor,Undirected,3.00,0.1800
ciencia,spira,Undirected,3.00,-0.0639
ciencia,pesquisador,Undirected,3.00,0.1379
ciencia,humano,Undirected,3.00,0.1295
ciencia,pratica,Undirected,3.00,0.0805
ciencia,dado,Undirected,3.00,0.0159
ciencia,programa,Undirected,2.00,0.1399
ciencia,descreve,Undirected,2.00,0.1088
inscricao,artigos,Undirected,8.00,-0.0643
inscricao,pesquisa,Undirected,4.00,-0.0311
inscricao,escuta,Undirected,2.00,-0.0570
inscricao,dado,Undirected,5.00,-0.1647
inscricao,produz,Undirected,12.00,0.0956
inscricao,deixa,Undirected,3.00,-0.0120
inscricao,projeto,Undirected,10.00,-0.0585
inscricao,spira,Undirected,40.00,-0.0144
inscricao,condicao,Undirected,15.00,0.0728
inscricao,sistema,Undirected,9.00,0.0241
inscricao,metodo,Undirected,5.00,0.0076
inscricao,rede,Undirected,19.00,-0.0446
inscricao,argumento,Undirected,7.00,0.0465
inscricao,objeto,Undirected,15.00,-0.0619
inscricao,percurso,Undirected,8.00,0.0792
inscricao,translacao,Undirected,5.00,-0.0070
inscricao,movel,Undirected,3.00,-0.0226
inscricao,referencia,Undirected,6.00,0.0604
inscricao,antiprograma,Undirected,9.00,0.1213
inscricao,secao,Undirected,19.00,0.1030
inscricao,vocabulario,Undirected,5.00,0.0499
inscricao,tecnociencia,Undirected,39.00,0.3514
inscricao,descreve,Undirected,3.00,-0.0693
inscricao,coleta,Undirected,3.00,-0.1679
inscricao,fonoaudiologos,Undirected,23.00,0.2299
inscricao,partir,Undirected,10.00,-0.0116
inscricao,torna,Undirected,5.00,-0.0667
inscricao,covideiro,Undirected,21.00,-0.0265
inscricao,pratica,Undirected,5.00,-0.0962
inscricao,informacao,Undirected,2.00,-0.0461
inscricao,artigo,Undirected,14.00,-0.0534
inscricao,aliados,Undirected,7.00,0.0941
inscricao,termos,Undirected,11.00,0.0738
inscricao,registra,Undirected,3.00,-0.0120
inscricao,resultado,Undirected,7.00,0.0302
inscricao,clinica,Undirected,4.00,-0.0161
inscricao,laboratorio,Undirected,9.00,0.0002
inscricao,coeficientes,Undirected,3.00,-0.0665
inscricao,distancia,Undirected,5.00,0.0617
inscricao,diferentes,Undirected,3.00,-0.0376
inscricao,acesso,Undirected,4.00,-0.0182
inscricao,centro,Undirected,2.00,-0.1271
inscricao,fapesp,Undirected,3.00,-0.0546
inscricao,presenca,Undirected,10.00,0.1496
inscricao,distintas,Undirected,3.00,-0.0558
inscricao,condicoes,Undirected,5.00,-0.1023
inscricao,pandemico,Undirected,5.00,-0.0006
inscricao,corpo,Undirected,7.00,0.0032
inscricao,conjunto,Undirected,10.00,0.0992
inscricao,humano,Undirected,4.00,-0.0682
inscricao,termo,Undirected,3.00,-0.0082
inscricao,programa,Undirected,3.00,-0.0368
inscricao,acao,Undirected,2.00,-0.0604
inscricao,ambiente,Undirected,5.00,0.0410
inscricao,sinal,Undirected,10.00,-0.0017
inscricao,actante,Undirected,24.00,0.1107
inscricao,celular,Undirected,6.00,-0.0438
inscricao,configuracao,Undirected,4.00,-0.0236
inscricao,possivel,Undirected,3.00,-0.0619
inscricao,algoritmo,Undirected,9.00,0.0788
inscricao,processo,Undirected,7.00,0.0302
inscricao,reconhecer,Undirected,4.00,0.0088
inscricao,escolha,Undirected,11.00,0.1242
inscricao,voz,Undirected,2.00,-0.0653
inscricao,audio,Undirected,7.00,-0.0763
inscricao,descricao,Undirected,3.00,-0.0192
inscricao,contexto,Undirected,4.00,-0.0074
inscricao,arquitetura,Undirected,2.00,-0.0669
inscricao,insuficiencia,Undirected,5.00,-0.0971
inscricao,acustica,Undirected,7.00,0.0837
inscricao,analise,Undirected,11.00,0.0223
inscricao,ruido,Undirected,5.00,-0.0756
inscricao,etapa,Undirected,2.00,-0.0604
inscricao,gravacao,Undirected,3.00,-0.0192
inscricao,momento,Undirected,13.00,0.1245
inscricao,paciente,Undirected,3.00,-0.1005
inscricao,latour,Undirected,5.00,-0.0634
inscricao,precisamente,Undirected,8.00,0.1096
inscricao,parte,Undirected,4.00,0.0160
inscricao,circula,Undirected,3.00,-0.0129
inscricao,sequencia,Undirected,3.00,-0.0546
inscricao,fala,Undirected,4.00,-0.0686
inscricao,ausencia,Undirected,2.00,-0.0570
inscricao,movimento,Undirected,7.00,0.0654
inscricao,diferenca,Undirected,2.00,-0.1100
inscricao,inscrito,Undirected,3.00,-0.0200
inscricao,acustico,Undirected,7.00,0.0620
inscricao,neural,Undirected,2.00,-0.0894
inscricao,ponto,Undirected,2.00,-0.1668
inscricao,producao,Undirected,6.00,0.0335
inscricao,linguagem,Undirected,2.00,-0.0637
inscricao,tecnica,Undirected,3.00,-0.0412
inscricao,observador,Undirected,2.00,-0.0692
inscricao,computacional,Undirected,5.00,-0.0045
inscricao,distintos,Undirected,3.00,-0.0368
inscricao,leitura,Undirected,3.00,-0.0546
inscricao,espectrograma,Undirected,18.00,0.0455
inscricao,codigo,Undirected,9.00,0.0223
inscricao,padrao,Undirected,2.00,-0.0561
inscricao,grade,Undirected,3.00,-0.0292
inscricao,carrega,Undirected,3.00,-0.0259
inscricao,frequencia,Undirected,3.00,-0.0642
inscricao,microfone,Undirected,2.00,-0.0868
inscricao,etnografia,Undirected,6.00,0.0174
inscricao,leitor,Undirected,2.00,-0.0868
inscricao,topologia,Undirected,3.00,-0.0243
inscricao,textual,Undirected,4.00,0.0331
inscricao,conceito,Undirected,3.00,-0.0251
inscricao,aparece,Undirected,5.00,-0.0243
contexto,escuta,Undirected,2.00,0.1294
contexto,clinica,Undirected,3.00,0.1479
contexto,actante,Undirected,6.00,0.1410
contexto,pandemico,Undirected,11.00,0.3251
contexto,coleta,Undirected,11.00,0.1947
contexto,projeto,Undirected,6.00,0.0956
contexto,covideiro,Undirected,6.00,0.0412
contexto,observador,Undirected,4.00,0.2037
contexto,audio,Undirected,3.00,0.0672
contexto,acesso,Undirected,3.00,0.1458
contexto,spira,Undirected,8.00,0.0113
contexto,pesquisa,Undirected,2.00,0.0857
contexto,parametros,Undirected,4.00,0.1868
contexto,ator,Undirected,3.00,0.1827
contexto,descricao,Undirected,2.00,0.1260
contexto,momento,Undirected,2.00,0.0927
contexto,metodo,Undirected,2.00,0.0983
contexto,escolha,Undirected,2.00,0.1120
contexto,humano,Undirected,3.00,0.0974
contexto,artigo,Undirected,2.00,-0.0579
contexto,partir,Undirected,3.00,0.0543
contexto,visivel,Undirected,2.00,0.1049
contexto,diferenca,Undirected,2.00,0.0765
contexto,objeto,Undirected,2.00,-0.0574
contexto,microfone,Undirected,3.00,0.1479
contexto,grade,Undirected,3.00,0.1654
contexto,voz,Undirected,2.00,0.1211
contexto,argumento,Undirected,3.00,0.1452
contexto,virus,Undirected,2.00,0.0401
processo,fapesp,Undirected,18.00,0.3821
processo,laboratorio,Undirected,2.00,0.0059
processo,termo,Undirected,2.00,0.1118
processo,actante,Undirected,5.00,0.0897
processo,parte,Undirected,10.00,0.3258
processo,resultado,Undirected,3.00,0.1045
processo,produz,Undirected,2.00,0.0538
processo,aliados,Undirected,2.00,0.1137
processo,produziu,Undirected,3.00,0.1275
processo,coleta,Undirected,3.00,0.0009
processo,processamento,Undirected,2.00,0.0774
processo,virus,Undirected,2.00,0.0153
processo,celular,Undirected,2.00,0.0090
processo,translacao,Undirected,4.00,0.1424
processo,artigo,Undirected,2.00,-0.0827
processo,spira,Undirected,6.00,-0.0507
processo,producao,Undirected,3.00,0.1247
processo,visivel,Undirected,7.00,0.2413
processo,forca,Undirected,3.00,0.1686
processo,rede,Undirected,2.00,-0.1059
processo,coeficientes,Undirected,3.00,0.1022
processo,objeto,Undirected,3.00,-0.0420
processo,secao,Undirected,2.00,0.0073
processo,nenhum,Undirected,6.00,0.2167
processo,pratica,Undirected,2.00,-0.0204
processo,pesquisa,Undirected,2.00,0.0609
processo,analise,Undirected,3.00,0.0473
treinamento,dado,Undirected,26.00,0.2837
treinamento,spira,Undirected,5.00,-0.0431
treinamento,analise,Undirected,2.00,0.0281
treinamento,computacional,Undirected,2.00,0.0874
treinamento,informacao,Undirected,2.00,0.1404
treinamento,disponivel,Undirected,3.00,0.1563
treinamento,algoritmo,Undirected,4.00,0.1820
treinamento,covideiro,Undirected,6.00,0.0412
treinamento,artigo,Undirected,3.00,-0.0165
treinamento,ruido,Undirected,12.00,0.2564
treinamento,coeficientes,Undirected,3.00,0.1281
treinamento,programa,Undirected,14.00,0.3761
treinamento,artificial,Undirected,4.00,0.2097
treinamento,escala,Undirected,7.00,0.2149
treinamento,torna,Undirected,2.00,0.0310
treinamento,voz,Undirected,8.00,0.3093
treinamento,sistema,Undirected,3.00,0.0970
treinamento,pessoas,Undirected,3.00,0.1169
treinamento,antiprograma,Undirected,3.00,0.1827
treinamento,parametros,Undirected,4.00,0.1868
treinamento,tecnica,Undirected,3.00,0.1534
treinamento,ponto,Undirected,3.00,0.0644
treinamento,espectrograma,Undirected,2.00,-0.0062
treinamento,controle,Undirected,5.00,0.2600
movel,spira,Undirected,3.00,-0.0803
movel,produz,Undirected,3.00,0.1416
movel,processamento,Undirected,2.00,0.1173
movel,arquitetura,Undirected,2.00,0.1346
movel,latour,Undirected,9.00,0.2429
movel,analise,Undirected,3.00,0.0889
movel,objeto,Undirected,5.00,0.0581
movel,translacao,Undirected,2.00,0.1002
movel,referencia,Undirected,2.00,0.1411
movel,pratica,Undirected,2.00,0.0194
movel,protocolo,Undirected,2.00,0.0895
movel,producao,Undirected,2.00,0.1173
movel,covideiro,Undirected,9.00,0.1109
movel,laboratorio,Undirected,6.00,0.1802
movel,configuracao,Undirected,2.00,0.1078
movel,possivel,Undirected,3.00,0.1484
movel,conceito,Undirected,3.00,0.1852
movel,descreve,Undirected,2.00,0.0931
movel,circula,Undirected,2.00,0.1471
movel,artigo,Undirected,3.00,-0.0008
movel,observador,Undirected,3.00,0.1819
movel,acustico,Undirected,2.00,0.1256
movel,rede,Undirected,4.00,0.0062
condicoes,partir,Undirected,4.00,-0.0292
condicoes,laboratorio,Undirected,7.00,0.0594
condicoes,spira,Undirected,10.00,-0.0913
condicoes,dado,Undirected,8.00,-0.0266
condicoes,objeto,Undirected,10.00,0.0006
condicoes,celular,Undirected,12.00,0.1359
condicoes,acesso,Undirected,2.00,-0.0112
condicoes,covideiro,Undirected,26.00,0.1024
condicoes,insuficiencia,Undirected,5.00,-0.0114
condicoes,producao,Undirected,36.00,0.4183
condicoes,topologia,Undirected,2.00,0.0123
condicoes,artigo,Undirected,6.00,-0.0596
condicoes,distintas,Undirected,6.00,0.1083
condicoes,possivel,Undirected,14.00,0.2229
condicoes,termo,Undirected,3.00,0.0728
condicoes,rede,Undirected,7.00,-0.0691
condicoes,aparece,Undirected,2.00,-0.0394
condicoes,ponto,Undirected,3.00,-0.0492
condicoes,coleta,Undirected,27.00,0.1979
condicoes,pandemico,Undirected,8.00,0.1469
condicoes,fonoaudiologos,Undirected,10.00,0.1955
condicoes,latour,Undirected,2.00,-0.0748
condicoes,precisamente,Undirected,3.00,0.0728
condicoes,distancia,Undirected,3.00,0.0840
condicoes,resultado,Undirected,2.00,-0.0260
condicoes,voz,Undirected,4.00,0.0906
condicoes,pacientes,Undirected,3.00,-0.0529
condicoes,sistema,Undirected,2.00,-0.0580
condicoes,percurso,Undirected,2.00,0.0017
condicoes,lugar,Undirected,2.00,0.0259
condicoes,corpo,Undirected,3.00,-0.0078
condicoes,campo,Undirected,2.00,-0.0143
condicoes,covid,Undirected,6.00,0.0370
condicoes,corpos,Undirected,4.00,0.0941
condicoes,circula,Undirected,9.00,0.2122
condicoes,diferenca,Undirected,6.00,0.0920
condicoes,momento,Undirected,3.00,0.0270
condicoes,sequencia,Undirected,3.00,0.0264
condicoes,torna,Undirected,2.00,-0.0778
condicoes,actante,Undirected,7.00,0.0368
condicoes,antiprograma,Undirected,2.00,0.0241
condicoes,ruido,Undirected,2.00,-0.0858
condicoes,projeto,Undirected,3.00,-0.1002
condicoes,termos,Undirected,4.00,0.0360
condicoes,ambiente,Undirected,5.00,0.1267
condicoes,distintos,Undirected,4.00,0.0777
condicoes,etnografia,Undirected,2.00,-0.0209
condicoes,computacional,Undirected,4.00,0.0543
condicoes,produz,Undirected,4.00,0.0448
condicoes,translacao,Undirected,2.00,-0.0237
condicoes,leitura,Undirected,2.00,-0.0167
condicoes,diferentes,Undirected,3.00,0.0434
virus,covid,Undirected,4.00,0.0345
virus,actante,Undirected,15.00,0.1926
virus,objeto,Undirected,9.00,0.0366
virus,configuracao,Undirected,3.00,0.0701
virus,insuficiencia,Undirected,2.00,-0.0640
virus,partir,Undirected,3.00,-0.0163
virus,ponto,Undirected,4.00,0.0258
virus,tecnociencia,Undirected,6.00,0.2023
virus,informacao,Undirected,3.00,0.1199
virus,existir,Undirected,4.00,0.1245
virus,ator,Undirected,3.00,0.1121
virus,rede,Undirected,6.00,-0.0393
virus,descreve,Undirected,6.00,0.1403
virus,humano,Undirected,2.00,-0.0163
virus,sequencia,Undirected,7.00,0.1775
virus,carrega,Undirected,6.00,0.1872
virus,torna,Undirected,3.00,0.0058
virus,vocabulario,Undirected,2.00,0.0690
virus,acao,Undirected,5.00,0.1696
virus,visivel,Undirected,3.00,0.0829
virus,corpo,Undirected,8.00,0.1582
virus,pratica,Undirected,2.00,-0.0632
virus,padrao,Undirected,2.00,0.0627
virus,aparece,Undirected,18.00,0.2974
virus,ausencia,Undirected,6.00,0.1983
virus,presenca,Undirected,7.00,0.2151
virus,sistema,Undirected,8.00,0.1483
virus,sinal,Undirected,11.00,0.1262
virus,spira,Undirected,4.00,-0.1398
virus,fala,Undirected,3.00,0.0265
virus,pandemico,Undirected,3.00,0.0683
virus,inscrito,Undirected,2.00,0.0576
virus,microfone,Undirected,7.00,0.1861
virus,deixa,Undirected,3.00,0.1121
virus,onda,Undirected,2.00,0.0552
virus,pessoas,Undirected,3.00,0.0464
virus,corpos,Undirected,5.00,0.1677
virus,neural,Undirected,2.00,0.0295
virus,arquitetura,Undirected,3.00,0.0981
virus,acustica,Undirected,3.00,0.1085
virus,espectrograma,Undirected,3.00,-0.0331
virus,pessoa,Undirected,3.00,0.1229
virus,produziu,Undirected,3.00,0.0829
virus,computacional,Undirected,3.00,0.0646
leitor,leitura,Undirected,7.00,0.2458
leitor,frequencia,Undirected,2.00,0.0748
leitor,pessoa,Undirected,3.00,0.1850
leitor,versao,Undirected,2.00,0.0865
leitor,descricao,Undirected,2.00,0.1179
leitor,chega,Undirected,6.00,0.2756
leitor,latour,Undirected,3.00,0.0710
leitor,resultado,Undirected,5.00,0.1876
leitor,covideiro,Undirected,10.00,0.0977
leitor,rede,Undirected,4.00,-0.0187
leitor,forca,Undirected,6.00,0.2822
leitor,laboratorio,Undirected,3.00,0.0675
leitor,artigo,Undirected,14.00,0.1701
leitor,spira,Undirected,4.00,-0.0757
leitor,configuracao,Undirected,2.00,0.0846
leitor,codigo,Undirected,3.00,0.1147
leitor,torna,Undirected,6.00,0.1544
leitor,produz,Undirected,3.00,0.1175
leitor,objeto,Undirected,2.00,-0.0655
leitor,sinal,Undirected,2.00,0.0101
leitor,acustico,Undirected,4.00,0.1878
leitor,lugar,Undirected,9.00,0.3348
leitor,pessoas,Undirected,3.00,0.1085
leitor,artigos,Undirected,7.00,0.1258
leitor,descreve,Undirected,2.00,0.0700
leitor,producao,Undirected,2.00,0.0942
leitor,precisamente,Undirected,6.00,0.2735
leitor,termos,Undirected,3.00,0.1090
pessoas,gravacao,Undirected,6.00,0.2282
pessoas,voz,Undirected,26.00,0.4593
pessoas,audio,Undirected,6.00,0.1112
pessoas,fala,Undirected,3.00,0.0576
pessoas,covid,Undirected,9.00,0.1729
pessoas,hospital,Undirected,3.00,0.1369
pessoas,laboratorio,Undirected,6.00,0.1206
pessoas,produz,Undirected,4.00,0.1214
pessoas,distancia,Undirected,3.00,0.1582
pessoas,fapesp,Undirected,2.00,0.0544
pessoas,presenca,Undirected,5.00,0.2227
pessoas,lugar,Undirected,4.00,0.1819
pessoas,corpos,Undirected,6.00,0.2263
pessoas,dado,Undirected,11.00,0.0858
pessoas,analise,Undirected,2.00,-0.0097
pessoas,acustica,Undirected,3.00,0.1396
pessoas,artigos,Undirected,3.00,-0.0084
pessoas,existir,Undirected,2.00,0.0735
pessoas,algoritmo,Undirected,2.00,0.0593
pessoas,pesquisa,Undirected,2.00,0.0479
pessoas,ausencia,Undirected,3.00,0.1396
pessoas,possivel,Undirected,4.00,0.1285
pessoas,covideiro,Undirected,13.00,0.0980
pessoas,sistema,Undirected,4.00,0.0916
pessoas,momento,Undirected,3.00,0.1013
pessoas,ambiente,Undirected,3.00,0.1387
pessoas,programa,Undirected,2.00,0.0714
pessoas,acao,Undirected,2.00,0.0883
pessoas,entrada,Undirected,3.00,0.1490
pessoas,pratica,Undirected,3.00,0.0090
pessoas,condicao,Undirected,2.00,-0.0026
pessoas,medicos,Undirected,3.00,0.1229
pessoas,controle,Undirected,2.00,0.1026
pessoas,objeto,Undirected,2.00,-0.0952
pessoas,microfone,Undirected,2.00,0.0619
pessoas,spira,Undirected,2.00,-0.1718
pessoas,espectrograma,Undirected,3.00,-0.0020
nenhum,deixa,Undirected,3.00,0.1776
nenhum,lugar,Undirected,6.00,0.2752
nenhum,corpos,Undirected,2.00,0.1196
nenhum,objeto,Undirected,6.00,0.0583
nenhum,covideiro,Undirected,4.00,-0.0111
nenhum,computacional,Undirected,3.00,0.1301
nenhum,artigo,Undirected,10.00,0.1250
nenhum,protocolo,Undirected,9.00,0.2672
nenhum,coleta,Undirected,4.00,0.0546
nenhum,microfone,Undirected,2.00,0.0948
nenhum,fonoaudiologos,Undirected,2.00,0.1001
nenhum,sistema,Undirected,2.00,0.0461
nenhum,registra,Undirected,3.00,0.1776
nenhum,dado,Undirected,4.00,0.0102
nenhum,clinica,Undirected,6.00,0.2355
nenhum,celular,Undirected,2.00,0.0290
nenhum,tecnociencia,Undirected,3.00,0.1776
nenhum,inscrito,Undirected,2.00,0.1204
nenhum,ausencia,Undirected,2.00,0.1246
nenhum,processamento,Undirected,2.00,0.0974
nenhum,pratica,Undirected,3.00,0.0434
nenhum,artigos,Undirected,2.00,-0.0171
nenhum,humano,Undirected,4.00,0.1275
nenhum,producao,Undirected,3.00,0.1456
nenhum,spira,Undirected,3.00,-0.1010
nenhum,espectrogramas,Undirected,3.00,0.1844
nenhum,pesquisador,Undirected,3.00,0.1008
nenhum,produz,Undirected,3.00,0.1209
nenhum,reconhecer,Undirected,3.00,0.1670
nenhum,aparece,Undirected,2.00,0.0647
nenhum,espectrograma,Undirected,3.00,0.0324
nenhum,ponto,Undirected,3.00,0.0594
ator,latour,Undirected,4.00,0.1414
ator,circula,Undirected,2.00,0.1573
ator,termo,Undirected,8.00,0.3568
ator,lugar,Undirected,3.00,0.2109
ator,artigo,Undirected,2.00,-0.0326
ator,rede,Undirected,32.00,0.3249
ator,partir,Undirected,9.00,0.2264
ator,spira,Undirected,3.00,-0.0697
ator,produz,Undirected,3.00,0.1523
ator,versao,Undirected,2.00,0.1198
ator,entrada,Undirected,4.00,0.2148
ator,objeto,Undirected,2.00,-0.0322
ator,torna,Undirected,2.00,0.0563
ator,tecnica,Undirected,3.00,0.1798
ator,actante,Undirected,2.00,0.0363
ator,acesso,Undirected,2.00,0.1229
ator,protocolo,Undirected,2.00,0.0997
ator,pacientes,Undirected,2.00,0.0414
ator,descricao,Undirected,2.00,0.1513
ator,etnografia,Undirected,3.00,0.1621
ator,etapa,Undirected,2.00,0.1513
ator,termos,Undirected,2.00,0.0957
carrega,rede,Undirected,3.00,-0.0285
carrega,producao,Undirected,4.00,0.2003
carrega,projeto,Undirected,4.00,0.0588
carrega,covideiro,Undirected,8.00,0.0546
carrega,chega,Undirected,4.00,0.2394
carrega,corpo,Undirected,4.00,0.1541
carrega,pandemico,Undirected,4.00,0.1881
carrega,precisamente,Undirected,3.00,0.1988
carrega,covid,Undirected,3.00,0.0852
carrega,clinica,Undirected,2.00,0.1115
carrega,pacientes,Undirected,3.00,0.0731
carrega,dado,Undirected,3.00,-0.0039
carrega,sequencia,Undirected,4.00,0.1894
carrega,grade,Undirected,4.00,0.2157
carrega,informacao,Undirected,3.00,0.2028
carrega,frequencia,Undirected,2.00,0.0948
carrega,microfone,Undirected,5.00,0.2281
carrega,spira,Undirected,3.00,-0.0837
carrega,termo,Undirected,4.00,0.2373
carrega,pessoa,Undirected,3.00,0.2058
carrega,objeto,Undirected,3.00,-0.0037
carrega,espectrograma,Undirected,2.00,0.0057
carrega,ruido,Undirected,3.00,0.0803
carrega,produziu,Undirected,2.00,0.1168
carrega,distintos,Undirected,2.00,0.1210
carrega,condicao,Undirected,5.00,0.1569
carrega,ausencia,Undirected,3.00,0.1914
carrega,metodo,Undirected,2.00,0.1102
carrega,audio,Undirected,4.00,0.1143
frequencia,escala,Undirected,12.00,0.2539
frequencia,coeficientes,Undirected,7.00,0.2135
frequencia,medicos,Undirected,3.00,0.1364
frequencia,momento,Undirected,5.00,0.1800
frequencia,gravacao,Undirected,5.00,0.2168
frequencia,spira,Undirected,3.00,-0.1219
frequencia,acesso,Undirected,2.00,0.0729
frequencia,parametros,Undirected,5.00,0.1898
frequencia,espectrograma,Undirected,5.00,0.0707
frequencia,ponto,Undirected,2.00,-0.0051
frequencia,sinal,Undirected,5.00,0.0976
frequencia,informacao,Undirected,3.00,0.1645
frequencia,humano,Undirected,2.00,0.0265
frequencia,audio,Undirected,2.00,-0.0024
frequencia,linguagem,Undirected,3.00,0.1461
frequencia,sistema,Undirected,2.00,0.0261
frequencia,padrao,Undirected,2.00,0.1055
frequencia,diferentes,Undirected,3.00,0.1311
frequencia,objeto,Undirected,2.00,-0.0822
frequencia,torna,Undirected,2.00,0.0062
frequencia,insuficiencia,Undirected,2.00,-0.0212
frequencia,acustica,Undirected,2.00,0.1046
frequencia,termos,Undirected,4.00,0.1266
frequencia,termo,Undirected,3.00,0.1606
frequencia,conceito,Undirected,2.00,0.0955
frequencia,aparece,Undirected,3.00,0.0905
sinal,parte,Undirected,4.00,0.1204
sinal,informacao,Undirected,2.00,0.0508
sinal,dado,Undirected,4.00,-0.0811
sinal,diferenca,Undirected,3.00,0.0303
sinal,audio,Undirected,26.00,0.2565
sinal,fala,Undirected,12.00,0.1807
sinal,microfone,Undirected,12.00,0.2405
sinal,corpo,Undirected,5.00,0.0716
sinal,pacientes,Undirected,6.00,0.0457
sinal,ruido,Undirected,22.00,0.2423
sinal,objeto,Undirected,9.00,-0.0197
sinal,acustico,Undirected,49.00,0.5275
sinal,espectrograma,Undirected,16.00,0.0854
sinal,celular,Undirected,8.00,0.1027
sinal,escolha,Undirected,2.00,0.0225
sinal,partir,Undirected,8.00,0.0749
sinal,ambiente,Undirected,5.00,0.1481
sinal,torna,Undirected,19.00,0.2099
sinal,sequencia,Undirected,3.00,0.0466
sinal,protocolo,Undirected,5.00,0.0883
sinal,insuficiencia,Undirected,5.00,0.0100
sinal,gravacao,Undirected,3.00,0.0820
sinal,lugar,Undirected,7.00,0.2012
sinal,distancia,Undirected,2.00,0.0578
sinal,corpos,Undirected,2.00,0.0349
sinal,termos,Undirected,4.00,0.0569
sinal,paciente,Undirected,4.00,0.0328
sinal,ponto,Undirected,4.00,0.0021
sinal,presenca,Undirected,2.00,0.0547
sinal,onda,Undirected,7.00,0.1874
sinal,movimento,Undirected,2.00,0.0239
sinal,referencia,Undirected,2.00,0.0365
sinal,produz,Undirected,2.00,-0.0109
sinal,chega,Undirected,5.00,0.1590
sinal,repositorio,Undirected,5.00,0.1373
sinal,percurso,Undirected,2.00,0.0210
sinal,analise,Undirected,2.00,-0.0614
registra,spira,Undirected,5.00,-0.0152
registra,percurso,Undirected,6.00,0.2818
registra,partir,Undirected,4.00,0.1153
registra,secao,Undirected,6.00,0.1932
registra,artigo,Undirected,20.00,0.2707
registra,tecnica,Undirected,6.00,0.2754
registra,etapa,Undirected,3.00,0.2018
registra,chega,Undirected,2.00,0.1637
registra,protocolo,Undirected,3.00,0.1479
registra,coleta,Undirected,5.00,0.1147
registra,acesso,Undirected,3.00,0.1722
registra,rede,Undirected,5.00,0.0432
registra,pessoa,Undirected,2.00,0.1685
registra,insuficiencia,Undirected,2.00,0.0288
registra,corpo,Undirected,3.00,0.1322
registra,sistema,Undirected,2.00,0.0761
registra,dado,Undirected,2.00,-0.0323
registra,actante,Undirected,4.00,0.1165
registra,projeto,Undirected,3.00,0.0398
registra,pacientes,Undirected,3.00,0.0871
registra,momento,Undirected,3.00,0.1670
registra,onda,Undirected,3.00,0.1984
registra,escuta,Undirected,3.00,0.2053
registra,paciente,Undirected,2.00,0.0733
maio,paciente,Undirected,6.00,0.2241
maio,covideiro,Undirected,4.00,0.0335
maio,pacientes,Undirected,5.00,0.1632
maio,repositorio,Undirected,3.00,0.2060
maio,coleta,Undirected,4.00,0.0991
maio,dado,Undirected,2.00,-0.0210
maio,partir,Undirected,3.00,0.0924
maio,protocolo,Undirected,3.00,0.1597
maio,covid,Undirected,11.00,0.2928
maio,produz,Undirected,3.00,0.1641
maio,ponto,Undirected,2.00,0.0562
maio,ausencia,Undirected,2.00,0.1660
maio,corpo,Undirected,3.00,0.1440
maio,produziu,Undirected,2.00,0.1415
maio,escala,Undirected,3.00,0.1417
maio,microfone,Undirected,9.00,0.3460
maio,momento,Undirected,3.00,0.1788
maio,espectrograma,Undirected,4.00,0.1101
maio,onda,Undirected,5.00,0.2810
maio,celular,Undirected,2.00,0.0703
maio,disponivel,Undirected,3.00,0.1945
maio,centro,Undirected,3.00,0.1440
espectrograma,paciente,Undirected,10.00,0.1213
espectrograma,covideiro,Undirected,15.00,0.0223
espectrograma,gravacao,Undirected,4.00,0.0905
espectrograma,artigo,Undirected,7.00,-0.0653
espectrograma,laboratorio,Undirected,4.00,-0.0122
espectrograma,rede,Undirected,17.00,0.0345
espectrograma,neural,Undirected,10.00,0.1800
espectrograma,artigos,Undirected,3.00,-0.0879
espectrograma,objeto,Undirected,17.00,0.0649
espectrograma,acustico,Undirected,6.00,0.1247
espectrograma,torna,Undirected,24.00,0.1489
espectrograma,conjunto,Undirected,3.00,-0.0116
espectrograma,coeficientes,Undirected,9.00,0.1454
espectrograma,codigo,Undirected,9.00,0.1398
espectrograma,spira,Undirected,32.00,0.0554
espectrograma,distintos,Undirected,2.00,-0.0048
espectrograma,pratica,Undirected,3.00,-0.0704
espectrograma,translacao,Undirected,4.00,0.0464
espectrograma,projeto,Undirected,3.00,-0.1054
espectrograma,grade,Undirected,11.00,0.2178
espectrograma,partir,Undirected,12.00,0.1005
espectrograma,entrada,Undirected,4.00,0.1039
espectrograma,parametros,Undirected,6.00,0.1146
espectrograma,acao,Undirected,2.00,0.0121
espectrograma,distancia,Undirected,4.00,0.1134
espectrograma,ponto,Undirected,3.00,-0.0545
espectrograma,audio,Undirected,2.00,-0.0915
espectrograma,percurso,Undirected,3.00,0.0404
espectrograma,produz,Undirected,12.00,0.1847
espectrograma,parte,Undirected,2.00,0.0155
espectrograma,existir,Undirected,3.00,0.0411
espectrograma,algoritmo,Undirected,8.00,0.1482
espectrograma,produziu,Undirected,2.00,-0.0090
espectrograma,onda,Undirected,5.00,0.1147
espectrograma,microfone,Undirected,6.00,0.1124
espectrograma,celular,Undirected,4.00,-0.0089
espectrograma,actante,Undirected,3.00,-0.0635
espectrograma,insuficiencia,Undirected,4.00,-0.0414
espectrograma,escala,Undirected,6.00,0.0645
espectrograma,analise,Undirected,6.00,0.0317
espectrograma,etnografia,Undirected,8.00,0.1376
espectrograma,humano,Undirected,4.00,0.0100
espectrograma,acustica,Undirected,2.00,0.0155
espectrograma,inscrito,Undirected,4.00,0.0896
espectrograma,ausencia,Undirected,3.00,0.0601
espectrograma,condicao,Undirected,2.00,-0.0787
espectrograma,etapa,Undirected,3.00,0.0566
espectrograma,aparece,Undirected,3.00,-0.0025
espectrograma,presenca,Undirected,3.00,0.0756
espectrograma,corpo,Undirected,6.00,0.0669
espectrograma,informacao,Undirected,2.00,0.0265
espectrograma,chega,Undirected,3.00,0.0695
espectrograma,distintas,Undirected,2.00,-0.0230
espectrograma,precisamente,Undirected,2.00,0.0227
espectrograma,padrao,Undirected,4.00,0.0951
aparece,condicao,Undirected,9.00,0.1811
aparece,ponto,Undirected,2.00,-0.0186
aparece,artigo,Undirected,20.00,0.1873
aparece,secao,Undirected,3.00,0.0374
aparece,paciente,Undirected,4.00,0.0880
aparece,informacao,Undirected,3.00,0.1505
aparece,projeto,Undirected,8.00,0.0892
aparece,centro,Undirected,3.00,0.0659
aparece,actante,Undirected,5.00,0.0749
aparece,artigos,Undirected,10.00,0.1396
aparece,sistema,Undirected,3.00,0.0571
aparece,analise,Undirected,2.00,-0.0101
aparece,objeto,Undirected,5.00,-0.0257
aparece,momento,Undirected,2.00,0.0545
aparece,ausencia,Undirected,5.00,0.2057
aparece,presenca,Undirected,5.00,0.2221
aparece,configuracao,Undirected,3.00,0.1008
aparece,corpo,Undirected,2.00,0.0211
aparece,covideiro,Undirected,6.00,-0.0019
aparece,spira,Undirected,6.00,-0.0659
aparece,algoritmo,Undirected,5.00,0.1699
aparece,precisamente,Undirected,3.00,0.1465
aparece,grade,Undirected,2.00,0.0782
aparece,dado,Undirected,3.00,-0.0561
aparece,textual,Undirected,2.00,0.1070
diferentes,existir,Undirected,5.00,0.2287
diferentes,spira,Undirected,9.00,0.0268
diferentes,laboratorio,Undirected,2.00,0.0314
diferentes,pratica,Undirected,29.00,0.3836
diferentes,objeto,Undirected,13.00,0.1703
diferentes,aliados,Undirected,7.00,0.2273
diferentes,leitura,Undirected,2.00,0.0928
diferentes,translacao,Undirected,3.00,0.1335
diferentes,mapa,Undirected,5.00,0.1942
diferentes,distintos,Undirected,2.00,0.1098
diferentes,fala,Undirected,2.00,0.0516
diferentes,acesso,Undirected,3.00,0.1466
diferentes,coleta,Undirected,4.00,0.0605
diferentes,insuficiencia,Undirected,3.00,0.0484
diferentes,covid,Undirected,2.00,0.0285
diferentes,secao,Undirected,2.00,0.0328
diferentes,microfone,Undirected,2.00,0.1003
diferentes,diferenca,Undirected,3.00,0.1244
diferentes,movimento,Undirected,2.00,0.1142
diferentes,observador,Undirected,2.00,0.1179
diferentes,computacional,Undirected,2.00,0.0881
diferentes,processamento,Undirected,2.00,0.1029
diferentes,arquitetura,Undirected,3.00,0.1694
diferentes,rede,Undirected,2.00,-0.0804
diferentes,partir,Undirected,2.00,0.0106
diferentes,actante,Undirected,3.00,0.0561
arquitetura,inscrito,Undirected,5.00,0.2251
arquitetura,artigo,Undirected,6.00,0.0541
arquitetura,mapa,Undirected,3.00,0.2058
arquitetura,neural,Undirected,4.00,0.1948
arquitetura,covid,Undirected,3.00,0.0852
arquitetura,rede,Undirected,17.00,0.1764
arquitetura,coeficientes,Undirected,2.00,0.0926
arquitetura,pesquisa,Undirected,2.00,0.0975
arquitetura,audio,Undirected,3.00,0.0796
arquitetura,artigos,Undirected,6.00,0.1280
arquitetura,spira,Undirected,5.00,-0.0300
arquitetura,projeto,Undirected,2.00,-0.0173
arquitetura,centro,Undirected,2.00,0.0712
arquitetura,antiprograma,Undirected,3.00,0.1950
arquitetura,covideiro,Undirected,2.00,-0.0655
arquitetura,condicao,Undirected,2.00,0.0470
arquitetura,etapa,Undirected,3.00,0.1379
arquitetura,translacao,Undirected,2.00,0.0970
arquitetura,reconhecer,Undirected,2.00,0.1346
arquitetura,dado,Undirected,2.00,-0.0457
arquitetura,sequencia,Undirected,2.00,0.1040
arquitetura,disponivel,Undirected,2.00,0.1195
fonoaudiologos,pesquisador,Undirected,2.00,0.0566
fonoaudiologos,pacientes,Undirected,6.00,0.1436
fonoaudiologos,medicos,Undirected,22.00,0.4781
fonoaudiologos,percurso,Undirected,2.00,0.1078
fonoaudiologos,projeto,Undirected,5.00,0.0697
fonoaudiologos,actante,Undirected,8.00,0.1775
fonoaudiologos,covideiro,Undirected,8.00,0.0743
fonoaudiologos,antiprograma,Undirected,8.00,0.3198
fonoaudiologos,ruido,Undirected,10.00,0.2245
fonoaudiologos,computacional,Undirected,3.00,0.1322
fonoaudiologos,condicao,Undirected,2.00,0.0324
fonoaudiologos,spira,Undirected,7.00,-0.0080
fonoaudiologos,acesso,Undirected,5.00,0.2098
fonoaudiologos,humano,Undirected,2.00,0.0485
fonoaudiologos,versao,Undirected,2.00,0.0918
fonoaudiologos,movimento,Undirected,2.00,0.1107
fonoaudiologos,grade,Undirected,2.00,0.1137
observador,termo,Undirected,3.00,0.1964
observador,covideiro,Undirected,13.00,0.1566
observador,pandemico,Undirected,3.00,0.1487
observador,tecnica,Undirected,2.00,0.1145
observador,objeto,Undirected,4.00,0.0258
observador,momento,Undirected,3.00,0.1506
observador,chega,Undirected,6.00,0.2955
observador,spira,Undirected,7.00,0.0062
observador,computacional,Undirected,17.00,0.4096
observador,rede,Undirected,2.00,-0.0716
observador,artigo,Undirected,11.00,0.1559
observador,latour,Undirected,2.00,0.0436
observador,artigos,Undirected,2.00,-0.0028
observador,centro,Undirected,2.00,0.0689
observador,insuficiencia,Undirected,2.00,0.0131
observador,produziu,Undirected,5.00,0.2007
observador,diferenca,Undirected,5.00,0.1701
observador,versao,Undirected,2.00,0.1041
observador,acustico,Undirected,6.00,0.2640
observador,existir,Undirected,2.00,0.1208
observador,argumento,Undirected,3.00,0.1551
observador,etnografia,Undirected,3.00,0.1457
forca,conjunto,Undirected,2.00,0.1388
forca,tecnica,Undirected,2.00,0.1415
forca,antiprograma,Undirected,3.00,0.2208
forca,laboratorio,Undirected,3.00,0.1141
forca,termos,Undirected,2.00,0.1070
forca,torna,Undirected,2.00,0.0676
forca,visivel,Undirected,3.00,0.1916
forca,rede,Undirected,4.00,0.0294
forca,spira,Undirected,7.00,0.0372
forca,artigo,Undirected,2.00,-0.0213
forca,centro,Undirected,2.00,0.0959
forca,fapesp,Undirected,2.00,0.1287
forca,analise,Undirected,2.00,0.0647
forca,projeto,Undirected,2.00,0.0074
translacao,latour,Undirected,4.00,0.0898
translacao,movimento,Undirected,8.00,0.2739
translacao,computacional,Undirected,2.00,0.0648
translacao,rede,Undirected,6.00,0.0115
translacao,spira,Undirected,17.00,0.0838
translacao,mapa,Undirected,6.00,0.2647
translacao,circula,Undirected,7.00,0.2751
translacao,covideiro,Undirected,4.00,-0.0302
translacao,objeto,Undirected,5.00,0.0165
translacao,percurso,Undirected,4.00,0.1722
translacao,projeto,Undirected,9.00,0.1235
translacao,actante,Undirected,4.00,0.0650
translacao,vocabulario,Undirected,6.00,0.2572
translacao,produz,Undirected,5.00,0.1668
translacao,versao,Undirected,3.00,0.1190
translacao,laboratorio,Undirected,3.00,0.0524
translacao,argumento,Undirected,2.00,0.0745
translacao,artigos,Undirected,2.00,-0.0349
translacao,etapa,Undirected,5.00,0.2193
translacao,acustico,Undirected,5.00,0.2021
translacao,termo,Undirected,3.00,0.1629
translacao,celular,Undirected,2.00,0.0112
translacao,parametros,Undirected,2.00,0.0790
translacao,corpo,Undirected,3.00,0.0822
translacao,presenca,Undirected,2.00,0.1217
translacao,campo,Undirected,2.00,0.0720
insuficiencia,projeto,Undirected,7.00,-0.0039
insuficiencia,analise,Undirected,6.00,0.0427
insuficiencia,audio,Undirected,2.00,-0.0817
insuficiencia,sistema,Undirected,9.00,0.1217
insuficiencia,pacientes,Undirected,20.00,0.1980
insuficiencia,spira,Undirected,17.00,-0.0209
insuficiencia,versao,Undirected,23.00,0.3262
insuficiencia,acustica,Undirected,12.00,0.2592
insuficiencia,computacional,Undirected,4.00,0.0594
insuficiencia,dado,Undirected,14.00,0.0501
insuficiencia,covid,Undirected,27.00,0.2649
insuficiencia,covideiro,Undirected,7.00,-0.0593
insuficiencia,celular,Undirected,3.00,-0.0295
insuficiencia,actante,Undirected,3.00,-0.0533
insuficiencia,descreve,Undirected,2.00,-0.0261
insuficiencia,partir,Undirected,4.00,-0.0240
insuficiencia,objeto,Undirected,8.00,-0.0208
insuficiencia,existir,Undirected,4.00,0.0851
insuficiencia,clinica,Undirected,4.00,0.0726
insuficiencia,inscrito,Undirected,2.00,0.0211
insuficiencia,artigo,Undirected,5.00,-0.0740
insuficiencia,condicao,Undirected,6.00,0.0507
insuficiencia,escuta,Undirected,2.00,0.0253
insuficiencia,rede,Undirected,17.00,0.0470
insuficiencia,distintas,Undirected,3.00,0.0301
insuficiencia,pandemico,Undirected,2.00,-0.0132
insuficiencia,coleta,Undirected,6.00,-0.0075
insuficiencia,paciente,Undirected,13.00,0.1713
insuficiencia,termos,Undirected,4.00,0.0412
insuficiencia,resultado,Undirected,2.00,-0.0212
insuficiencia,presenca,Undirected,3.00,0.0858
insuficiencia,artigos,Undirected,5.00,-0.0237
insuficiencia,produz,Undirected,4.00,0.0499
insuficiencia,produziu,Undirected,2.00,0.0008
insuficiencia,reconhecer,Undirected,12.00,0.2510
insuficiencia,deixa,Undirected,2.00,0.0288
insuficiencia,corpo,Undirected,3.00,-0.0029
insuficiencia,onda,Undirected,2.00,0.0186
insuficiencia,algoritmo,Undirected,3.00,0.0365
insuficiencia,codigo,Undirected,2.00,-0.0281
insuficiencia,neural,Undirected,4.00,0.0698
insuficiencia,distintos,Undirected,4.00,0.0828
laboratorio,artigo,Undirected,17.00,0.0625
laboratorio,spira,Undirected,13.00,-0.0211
laboratorio,ponto,Undirected,8.00,0.1009
laboratorio,pesquisa,Undirected,4.00,0.0868
laboratorio,rede,Undirected,16.00,0.0546
laboratorio,neural,Undirected,4.00,0.0990
laboratorio,covideiro,Undirected,15.00,0.0689
laboratorio,topologia,Undirected,3.00,0.0900
laboratorio,etnografia,Undirected,7.00,0.1619
laboratorio,produz,Undirected,5.00,0.1067
laboratorio,centro,Undirected,11.00,0.1790
laboratorio,analise,Undirected,5.00,-0.0072
laboratorio,possivel,Undirected,3.00,0.0081
laboratorio,precisamente,Undirected,3.00,0.1061
laboratorio,aliados,Undirected,3.00,0.1080
laboratorio,ausencia,Undirected,3.00,0.0986
laboratorio,presenca,Undirected,5.00,0.1793
laboratorio,conceito,Undirected,2.00,0.0434
laboratorio,repositorio,Undirected,2.00,0.0418
laboratorio,dado,Undirected,4.00,-0.0676
laboratorio,projeto,Undirected,2.00,-0.1061
laboratorio,pratica,Undirected,2.00,-0.0726
laboratorio,chega,Undirected,4.00,0.1436
laboratorio,actante,Undirected,2.00,-0.0659
laboratorio,lugar,Undirected,7.00,0.1688
laboratorio,controle,Undirected,4.00,0.1457
laboratorio,secao,Undirected,5.00,0.0553
laboratorio,artigos,Undirected,11.00,0.1062
laboratorio,pesquisador,Undirected,2.00,-0.0177
laboratorio,artificial,Undirected,10.00,0.2552
laboratorio,pandemico,Undirected,6.00,0.1442
laboratorio,objeto,Undirected,3.00,-0.0964
laboratorio,distancia,Undirected,2.00,0.0703
laboratorio,campo,Undirected,3.00,0.0622
laboratorio,visivel,Undirected,3.00,0.0731
laboratorio,celular,Undirected,5.00,-0.0012
coleta,rede,Undirected,9.00,-0.0584
coleta,neural,Undirected,2.00,-0.0271
coleta,sistema,Undirected,7.00,0.0651
coleta,spira,Undirected,32.00,0.0363
coleta,dado,Undirected,24.00,0.1022
coleta,pacientes,Undirected,11.00,0.0835
coleta,fapesp,Undirected,3.00,0.0105
coleta,projeto,Undirected,6.00,-0.0444
coleta,pandemico,Undirected,7.00,0.1111
coleta,mapa,Undirected,3.00,0.0639
coleta,metodo,Undirected,6.00,0.0994
coleta,covideiro,Undirected,18.00,0.0341
coleta,antiprograma,Undirected,9.00,0.1952
coleta,descreve,Undirected,3.00,-0.0042
coleta,paciente,Undirected,11.00,0.1223
coleta,artigo,Undirected,8.00,-0.0447
coleta,protocolo,Undirected,32.00,0.3336
coleta,sequencia,Undirected,6.00,0.0924
coleta,celular,Undirected,10.00,0.0918
coleta,actante,Undirected,8.00,0.0358
coleta,acao,Undirected,2.00,0.0019
coleta,medicos,Undirected,6.00,0.1165
coleta,covid,Undirected,4.00,-0.0264
coleta,descricao,Undirected,3.00,0.0459
coleta,hospital,Undirected,5.00,0.1080
coleta,acesso,Undirected,3.00,0.0163
coleta,processamento,Undirected,5.00,0.0808
coleta,condicao,Undirected,16.00,0.1412
coleta,informacao,Undirected,2.00,0.0163
coleta,aliados,Undirected,2.00,0.0143
coleta,momento,Undirected,10.00,0.1626
coleta,artigos,Undirected,5.00,-0.0696
coleta,produziu,Undirected,2.00,-0.0192
coleta,escala,Undirected,3.00,-0.0260
coleta,campo,Undirected,3.00,0.0130
coleta,configuracao,Undirected,6.00,0.0931
coleta,acustica,Undirected,3.00,0.0494
coleta,existir,Undirected,2.00,-0.0128
coleta,possivel,Undirected,11.00,0.1673
coleta,deixa,Undirected,3.00,0.0531
coleta,parte,Undirected,2.00,0.0053
coleta,corpo,Undirected,2.00,-0.0648
coleta,ruido,Undirected,2.00,-0.1011
coleta,partir,Undirected,2.00,-0.1142
coleta,inscrito,Undirected,4.00,0.0786
coleta,presenca,Undirected,2.00,0.0202
coleta,diferenca,Undirected,2.00,-0.0476
coleta,distintos,Undirected,2.00,-0.0150
coleta,etapa,Undirected,3.00,0.0459
coleta,topologia,Undirected,2.00,-0.0030
coleta,ambiente,Undirected,3.00,0.0485
coleta,percurso,Undirected,3.00,0.0297
torna,argumento,Undirected,4.00,0.0994
torna,rede,Undirected,4.00,-0.0926
torna,possivel,Undirected,17.00,0.2960
torna,actante,Undirected,4.00,0.0067
torna,artigo,Undirected,4.00,-0.0675
torna,etapa,Undirected,3.00,0.0954
torna,objeto,Undirected,7.00,-0.0049
torna,ponto,Undirected,4.00,0.0160
torna,producao,Undirected,3.00,0.0706
torna,parte,Undirected,6.00,0.1881
torna,spira,Undirected,11.00,-0.0412
torna,ruido,Undirected,2.00,-0.0536
torna,dado,Undirected,4.00,-0.0672
torna,sistema,Undirected,2.00,-0.0258
torna,codigo,Undirected,9.00,0.1277
torna,covideiro,Undirected,2.00,-0.1540
torna,microfone,Undirected,2.00,0.0230
torna,celular,Undirected,2.00,-0.0429
torna,sequencia,Undirected,7.00,0.1670
torna,conjunto,Undirected,3.00,0.0706
torna,coeficientes,Undirected,4.00,0.0481
torna,configuracao,Undirected,5.00,0.1227
torna,momento,Undirected,4.00,0.0947
torna,distancia,Undirected,3.00,0.1176
torna,precisamente,Undirected,7.00,0.2181
torna,visivel,Undirected,37.00,0.4741
torna,padrao,Undirected,2.00,0.0537
torna,campo,Undirected,4.00,0.0967
torna,paciente,Undirected,2.00,-0.0285
torna,diferenca,Undirected,3.00,0.0437
torna,pratica,Undirected,3.00,-0.0316
torna,etnografia,Undirected,2.00,0.0113
torna,tecnica,Undirected,3.00,0.0734
torna,condicao,Undirected,3.00,0.0006
torna,fala,Undirected,3.00,0.0170
torna,latour,Undirected,2.00,-0.0425
torna,corpos,Undirected,4.00,0.1288
torna,grade,Undirected,5.00,0.1489
torna,centro,Undirected,2.00,-0.0173
torna,audio,Undirected,5.00,0.0450
torna,resultado,Undirected,3.00,0.0504
torna,acustico,Undirected,5.00,0.1424
torna,onda,Undirected,3.00,0.0920
torna,analise,Undirected,7.00,0.0934
torna,algoritmo,Undirected,3.00,0.0652
torna,descricao,Undirected,2.00,0.0494
torna,escala,Undirected,2.00,-0.0195
torna,ausencia,Undirected,2.00,0.0528
torna,escuta,Undirected,3.00,0.0990
torna,leitura,Undirected,2.00,0.0155
conceito,momento,Undirected,5.00,0.1909
conceito,etnografia,Undirected,5.00,0.1858
conceito,rede,Undirected,6.00,0.0512
conceito,ponto,Undirected,2.00,0.0323
conceito,latour,Undirected,7.00,0.2030
conceito,distintas,Undirected,2.00,0.1036
conceito,spira,Undirected,10.00,0.0546
conceito,antiprograma,Undirected,3.00,0.1959
conceito,centro,Undirected,4.00,0.1550
conceito,presenca,Undirected,3.00,0.2077
conceito,argumento,Undirected,2.00,0.1097
conceito,secao,Undirected,3.00,0.0905
conceito,referencia,Undirected,13.00,0.4128
conceito,acao,Undirected,2.00,0.1387
conceito,dado,Undirected,3.00,-0.0030
conceito,linguagem,Undirected,3.00,0.1852
conceito,resultado,Undirected,3.00,0.1436
conceito,pratica,Undirected,2.00,0.0170
pratica,pesquisa,Undirected,5.00,0.0855
pratica,tecnociencia,Undirected,7.00,0.1833
pratica,pesquisador,Undirected,9.00,0.1326
pratica,processamento,Undirected,4.00,0.0762
pratica,descricao,Undirected,3.00,0.0676
pratica,rede,Undirected,7.00,-0.0628
pratica,analise,Undirected,6.00,0.0436
pratica,covideiro,Undirected,6.00,-0.0754
pratica,objeto,Undirected,52.00,0.2634
pratica,existir,Undirected,23.00,0.3413
pratica,descreve,Undirected,4.00,0.0502
pratica,partir,Undirected,4.00,-0.0232
pratica,distintas,Undirected,29.00,0.3595
pratica,argumento,Undirected,6.00,0.1214
pratica,clinica,Undirected,13.00,0.2361
pratica,escuta,Undirected,6.00,0.1580
pratica,fala,Undirected,2.00,-0.0524
pratica,spira,Undirected,3.00,-0.2039
pratica,etnografia,Undirected,7.00,0.1316
pratica,lugar,Undirected,5.00,0.1397
pratica,leitura,Undirected,3.00,0.0322
pratica,precisamente,Undirected,4.00,0.1132
pratica,versao,Undirected,5.00,0.0953
pratica,diferenca,Undirected,7.00,0.1184
pratica,padrao,Undirected,4.00,0.1065
pratica,campo,Undirected,4.00,0.0680
pratica,computacional,Undirected,4.00,0.0603
pratica,secao,Undirected,3.00,-0.0305
pratica,dado,Undirected,4.00,-0.0960
pratica,condicao,Undirected,2.00,-0.0682
pratica,distintos,Undirected,9.00,0.1916
pratica,corpo,Undirected,4.00,0.0300
pratica,artigos,Undirected,10.00,0.0615
pratica,chega,Undirected,3.00,0.0805
pratica,produz,Undirected,2.00,-0.0248
pratica,linguagem,Undirected,4.00,0.0983
pratica,visivel,Undirected,2.00,0.0016
pratica,ponto,Undirected,3.00,-0.0435
pratica,codigo,Undirected,3.00,0.0153
pratica,momento,Undirected,2.00,-0.0106
pratica,deixa,Undirected,2.00,0.0296
pratica,hospital,Undirected,3.00,0.0685
pratica,topologia,Undirected,6.00,0.1486
pratica,projeto,Undirected,2.00,-0.1325
leitura,spira,Undirected,4.00,-0.0838
leitura,etnografia,Undirected,5.00,0.1849
leitura,argumento,Undirected,3.00,0.1289
leitura,fala,Undirected,2.00,0.0353
leitura,partir,Undirected,3.00,0.0380
leitura,artigo,Undirected,5.00,0.0238
leitura,ponto,Undirected,3.00,0.0481
leitura,configuracao,Undirected,2.00,0.0771
leitura,momento,Undirected,3.00,0.1244
leitura,diferenca,Undirected,2.00,0.0609
leitura,secao,Undirected,3.00,0.0611
leitura,artigos,Undirected,2.00,-0.0279
leitura,protocolo,Undirected,3.00,0.1053
leitura,entrada,Undirected,2.00,0.1229
leitura,topologia,Undirected,3.00,0.1541
leitura,codigo,Undirected,3.00,0.1069
leitura,visivel,Undirected,3.00,0.1371
leitura,producao,Undirected,2.00,0.0867
leitura,humano,Undirected,2.00,0.0357
leitura,escala,Undirected,2.00,0.0416
leitura,tecnica,Undirected,3.00,0.1371
leitura,projeto,Undirected,2.00,-0.0447
leitura,rede,Undirected,2.00,-0.0967
sequencia,projeto,Undirected,3.00,-0.0028
sequencia,termos,Undirected,3.00,0.1011
sequencia,protocolo,Undirected,2.00,0.0588
sequencia,distintas,Undirected,2.00,0.0753
sequencia,descreve,Undirected,3.00,0.1091
sequencia,mapa,Undirected,2.00,0.1277
sequencia,objeto,Undirected,8.00,0.0825
sequencia,actante,Undirected,3.00,0.0391
sequencia,humano,Undirected,3.00,0.0812
sequencia,existir,Undirected,3.00,0.1437
sequencia,reconhecer,Undirected,2.00,0.1072
sequencia,escuta,Undirected,3.00,0.1627
sequencia,audio,Undirected,6.00,0.1362
sequencia,microfone,Undirected,3.00,0.1316
sequencia,resultado,Undirected,3.00,0.1141
sequencia,escala,Undirected,4.00,0.1222
sequencia,sistema,Undirected,2.00,0.0353
sequencia,entrada,Undirected,2.00,0.1229
fapesp,projeto,Undirected,9.00,0.1317
fapesp,spira,Undirected,16.00,0.0749
fapesp,possivel,Undirected,2.00,0.0695
fapesp,termo,Undirected,9.00,0.3281
fapesp,centro,Undirected,13.00,0.2950
fapesp,distancia,Undirected,3.00,0.1814
fapesp,precisamente,Undirected,3.00,0.1702
fapesp,artigos,Undirected,2.00,-0.0279
fapesp,artificial,Undirected,3.00,0.1557
fapesp,momento,Undirected,3.00,0.1244
fapesp,actante,Undirected,2.00,-0.0045
fapesp,artigo,Undirected,3.00,-0.0328
fapesp,distintos,Undirected,3.00,0.1415
fapesp,condicao,Undirected,3.00,0.0643
producao,momento,Undirected,2.00,0.0873
producao,topologia,Undirected,3.00,0.1646
producao,textual,Undirected,3.00,0.1898
producao,projeto,Undirected,2.00,-0.0346
producao,spira,Undirected,5.00,-0.0492
producao,metodo,Undirected,2.00,0.0929
producao,artigo,Undirected,10.00,0.1242
producao,distintos,Undirected,2.00,0.1036
producao,dado,Undirected,14.00,0.1737
producao,chega,Undirected,2.00,0.1330
producao,resultado,Undirected,3.00,0.1247
producao,distintas,Undirected,3.00,0.1331
producao,percurso,Undirected,3.00,0.1536
producao,circula,Undirected,2.00,0.1266
producao,computacional,Undirected,2.00,0.0819
producao,objeto,Undirected,2.00,-0.0629
producao,condicao,Undirected,3.00,0.0749
producao,possivel,Undirected,3.00,0.1270
producao,versao,Undirected,2.00,0.0891
producao,produziu,Undirected,3.00,0.1477
producao,descreve,Undirected,6.00,0.2104
producao,artificial,Undirected,4.00,0.2038
partir,projeto,Undirected,10.00,0.0480
partir,rede,Undirected,27.00,0.1245
partir,ausencia,Undirected,4.00,0.1115
partir,spira,Undirected,15.00,-0.0290
partir,ponto,Undirected,11.00,0.1065
partir,escolha,Undirected,2.00,0.0142
partir,produz,Undirected,3.00,0.0239
partir,versao,Undirected,3.00,0.0405
partir,escala,Undirected,5.00,0.0601
partir,secao,Undirected,12.00,0.1474
partir,analise,Undirected,3.00,-0.0288
partir,pesquisa,Undirected,3.00,0.0313
partir,campo,Undirected,3.00,0.0405
partir,visivel,Undirected,3.00,0.0514
partir,artigos,Undirected,2.00,-0.1101
partir,coeficientes,Undirected,2.00,-0.0170
partir,computacional,Undirected,3.00,0.0331
partir,centro,Undirected,3.00,0.0038
partir,objeto,Undirected,9.00,0.0008
partir,repositorio,Undirected,7.00,0.1734
partir,protocolo,Undirected,2.00,-0.0233
partir,diferenca,Undirected,2.00,-0.0213
partir,fala,Undirected,2.00,-0.0469
partir,espectrogramas,Undirected,2.00,0.0416
partir,conjunto,Undirected,2.00,0.0045
partir,dado,Undirected,6.00,-0.0468
partir,acustico,Undirected,2.00,0.0128
partir,audio,Undirected,3.00,-0.0348
partir,corpo,Undirected,6.00,0.0852
partir,lugar,Undirected,3.00,0.0825
partir,movimento,Undirected,4.00,0.0943
partir,artigo,Undirected,2.00,-0.1556
partir,produziu,Undirected,2.00,0.0072
partir,etnografia,Undirected,4.00,0.0669
partir,onda,Undirected,4.00,0.1043
partir,gravacao,Undirected,9.00,0.2182
partir,controle,Undirected,3.00,0.0883
partir,algoritmo,Undirected,2.00,-0.0007
partir,paciente,Undirected,7.00,0.0922
partir,descricao,Undirected,3.00,0.0734
partir,covideiro,Undirected,2.00,-0.1751
partir,presenca,Undirected,2.00,0.0465
partir,vocabulario,Undirected,3.00,0.0844
partir,actante,Undirected,3.00,-0.0466
grade,dado,Undirected,5.00,0.0510
grade,processamento,Undirected,3.00,0.1597
grade,coeficientes,Undirected,9.00,0.2907
grade,escala,Undirected,6.00,0.2029
grade,centro,Undirected,4.00,0.1508
grade,acustica,Undirected,3.00,0.1881
grade,humano,Undirected,4.00,0.1421
grade,visivel,Undirected,3.00,0.1626
grade,descricao,Undirected,3.00,0.1846
grade,algoritmo,Undirected,10.00,0.3272
grade,parametros,Undirected,3.00,0.1591
grade,rede,Undirected,2.00,-0.0724
grade,audio,Undirected,2.00,0.0312
grade,paciente,Undirected,2.00,0.0569
grade,precisamente,Undirected,2.00,0.1453
grade,corpo,Undirected,2.00,0.0681
grade,codigo,Undirected,3.00,0.1323
percurso,spira,Undirected,10.00,0.0428
percurso,secao,Undirected,5.00,0.1435
percurso,ponto,Undirected,5.00,0.1298
percurso,analise,Undirected,9.00,0.2213
percurso,textual,Undirected,8.00,0.3408
percurso,artigos,Undirected,2.00,-0.0095
percurso,paciente,Undirected,4.00,0.1323
percurso,diferenca,Undirected,3.00,0.1267
percurso,dado,Undirected,4.00,0.0184
percurso,covid,Undirected,2.00,0.0306
percurso,acesso,Undirected,3.00,0.1488
percurso,repositorio,Undirected,3.00,0.1708
percurso,ausencia,Undirected,3.00,0.1819
percurso,movimento,Undirected,6.00,0.2598
percurso,inscrito,Undirected,2.00,0.1280
percurso,resultado,Undirected,2.00,0.0857
percurso,latour,Undirected,2.00,0.0369
percurso,chega,Undirected,2.00,0.1413
percurso,espectrogramas,Undirected,2.00,0.1422
repositorio,pesquisa,Undirected,5.00,0.2119
repositorio,covideiro,Undirected,8.00,0.0537
repositorio,artigo,Undirected,7.00,0.0955
repositorio,espectrogramas,Undirected,5.00,0.2712
repositorio,secao,Undirected,4.00,0.1239
repositorio,pacientes,Undirected,3.00,0.0723
repositorio,acesso,Undirected,9.00,0.3136
repositorio,celular,Undirected,13.00,0.1791
repositorio,dado,Undirected,5.00,0.0273
repositorio,hospital,Undirected,13.00,0.3481
repositorio,circula,Undirected,8.00,0.2900
repositorio,inscrito,Undirected,2.00,0.1363
repositorio,chega,Undirected,6.00,0.2973
repositorio,projeto,Undirected,6.00,0.1081
repositorio,disponivel,Undirected,7.00,0.2857
repositorio,rede,Undirected,4.00,0.0019
repositorio,textual,Undirected,2.00,0.1563
topologia,escala,Undirected,3.00,0.1176
topologia,objeto,Undirected,9.00,0.1326
topologia,rede,Undirected,31.00,0.2961
topologia,spira,Undirected,12.00,0.0800
topologia,actante,Undirected,2.00,0.0245
topologia,entrada,Undirected,3.00,0.2024
topologia,covideiro,Undirected,7.00,0.0758
topologia,artigo,Undirected,4.00,0.0295
topologia,artificial,Undirected,2.00,0.1362
topologia,escuta,Undirected,4.00,0.2313
topologia,clinica,Undirected,4.00,0.1992
topologia,sistema,Undirected,3.00,0.1110
topologia,reconhecer,Undirected,2.00,0.1362
topologia,ponto,Undirected,2.00,0.0331
topologia,espectrogramas,Undirected,2.00,0.1528
topologia,projeto,Undirected,5.00,0.0876
topologia,artigos,Undirected,2.00,0.0011
linguagem,pesquisa,Undirected,2.00,0.1007
linguagem,processamento,Undirected,33.00,0.5750
linguagem,campo,Undirected,5.00,0.2261
linguagem,sistema,Undirected,2.00,0.0659
linguagem,etnografia,Undirected,2.00,0.1030
linguagem,pesquisador,Undirected,5.00,0.1871
linguagem,projeto,Undirected,7.00,0.1331
linguagem,algoritmo,Undirected,2.00,0.1121
linguagem,circula,Undirected,2.00,0.1471
linguagem,diferenca,Undirected,3.00,0.1394
linguagem,produz,Undirected,3.00,0.1416
linguagem,tecnica,Undirected,3.00,0.1691
linguagem,clinica,Undirected,2.00,0.1147
linguagem,escolha,Undirected,3.00,0.1765
linguagem,parametros,Undirected,2.00,0.1166
mapa,spira,Undirected,3.00,-0.0589
mapa,covideiro,Undirected,2.00,-0.0418
mapa,pandemico,Undirected,2.00,0.1265
mapa,ponto,Undirected,3.00,0.1015
mapa,argumento,Undirected,10.00,0.3594
mapa,disponivel,Undirected,10.00,0.3544
mapa,rede,Undirected,8.00,0.1146
mapa,versao,Undirected,6.00,0.2754
mapa,projeto,Undirected,3.00,0.0506
mapa,objeto,Undirected,2.00,-0.0219
mapa,vocabulario,Undirected,2.00,0.1722
mapa,produz,Undirected,3.00,0.1630
mapa,latour,Undirected,3.00,0.1166
mapa,resultado,Undirected,2.00,0.1185
hospital,spira,Undirected,3.00,-0.0760
hospital,celular,Undirected,3.00,0.0991
hospital,algoritmo,Undirected,2.00,0.1162
hospital,covid,Undirected,3.00,0.0929
hospital,paciente,Undirected,3.00,0.1141
hospital,pessoa,Undirected,3.00,0.2135
hospital,informacao,Undirected,2.00,0.1595
hospital,pesquisa,Undirected,3.00,0.1533
hospital,circula,Undirected,11.00,0.3818
hospital,clinica,Undirected,2.00,0.1188
hospital,dado,Undirected,4.00,0.0360
hospital,lugar,Undirected,3.00,0.2046
padrao,coeficientes,Undirected,9.00,0.3071
padrao,artigo,Undirected,3.00,0.0071
padrao,clinica,Undirected,3.00,0.1715
padrao,medicos,Undirected,2.00,0.1361
padrao,campo,Undirected,6.00,0.2607
padrao,processamento,Undirected,2.00,0.1248
padrao,audio,Undirected,7.00,0.2010
padrao,acustico,Undirected,6.00,0.2788
padrao,existir,Undirected,8.00,0.2796
padrao,celular,Undirected,2.00,0.0564
padrao,visivel,Undirected,3.00,0.1770
padrao,escala,Undirected,2.00,0.0798
padrao,spira,Undirected,18.00,0.1507
padrao,humano,Undirected,2.00,0.0739
padrao,escolha,Undirected,3.00,0.1844
padrao,algoritmo,Undirected,6.00,0.2635
padrao,distintas,Undirected,2.00,0.1135
padrao,espectrogramas,Undirected,3.00,0.2130
chega,artigo,Undirected,14.00,0.2071
chega,paciente,Undirected,3.00,0.1262
chega,descricao,Undirected,3.00,0.2075
chega,covideiro,Undirected,9.00,0.1295
chega,objeto,Undirected,4.00,0.0487
chega,momento,Undirected,2.00,0.1235
chega,resultado,Undirected,3.00,0.1625
chega,microfone,Undirected,5.00,0.2490
chega,ambiente,Undirected,3.00,0.2102
chega,actante,Undirected,2.00,0.0418
chega,spira,Undirected,3.00,-0.0639
chega,ponto,Undirected,3.00,0.0965
chega,sistema,Undirected,3.00,0.1291
chega,onda,Undirected,2.00,0.1535
chega,codigo,Undirected,3.00,0.1553
chega,dado,Undirected,3.00,0.0159
chega,algoritmo,Undirected,3.00,0.1773
paciente,covideiro,Undirected,8.00,0.0079
paciente,audio,Undirected,5.00,0.0373
paciente,clinica,Undirected,6.00,0.1737
paciente,escuta,Undirected,2.00,0.0698
paciente,fala,Undirected,16.00,0.2637
paciente,celular,Undirected,9.00,0.1541
paciente,campo,Undirected,6.00,0.1680
paciente,inscrito,Undirected,2.00,0.0656
paciente,corpo,Undirected,21.00,0.3219
paciente,ruido,Undirected,2.00,-0.0366
paciente,spira,Undirected,10.00,-0.0322
paciente,produz,Undirected,3.00,0.0637
paciente,pesquisador,Undirected,2.00,-0.0003
paciente,protocolo,Undirected,9.00,0.2023
paciente,antiprograma,Undirected,3.00,0.1204
paciente,termos,Undirected,2.00,0.0108
paciente,actante,Undirected,2.00,-0.0486
paciente,distintos,Undirected,5.00,0.1596
paciente,gravacao,Undirected,3.00,0.1132
paciente,processamento,Undirected,2.00,0.0426
paciente,dado,Undirected,2.00,-0.1172
paciente,escolha,Undirected,3.00,0.0986
paciente,momento,Undirected,2.00,0.0331
paciente,conjunto,Undirected,3.00,0.0884
paciente,condicao,Undirected,2.00,-0.0245
paciente,controle,Undirected,4.00,0.1644
paciente,acustico,Undirected,4.00,0.1323
paciente,coeficientes,Undirected,2.00,0.0211
paciente,onda,Undirected,8.00,0.2218
paciente,resultado,Undirected,3.00,0.0682
paciente,objeto,Undirected,6.00,-0.0036
paciente,microfone,Undirected,3.00,0.0856
paciente,covid,Undirected,2.00,-0.0318
paciente,descreve,Undirected,3.00,0.0631
computacional,diferenca,Undirected,3.00,0.1025
computacional,projeto,Undirected,6.00,0.0727
computacional,configuracao,Undirected,2.00,0.0724
computacional,dado,Undirected,13.00,0.1441
computacional,algoritmo,Undirected,2.00,0.0768
computacional,acustica,Undirected,3.00,0.1578
computacional,sistema,Undirected,3.00,0.0758
computacional,spira,Undirected,4.00,-0.0889
computacional,clinica,Undirected,4.00,0.1629
computacional,audio,Undirected,3.00,0.0461
computacional,covideiro,Undirected,4.00,-0.0278
computacional,acustico,Undirected,4.00,0.1746
computacional,medicos,Undirected,2.00,0.0932
computacional,artigo,Undirected,5.00,0.0186
computacional,ponto,Undirected,2.00,-0.0006
computacional,distintas,Undirected,2.00,0.0706
computacional,processamento,Undirected,3.00,0.1294
computacional,existir,Undirected,2.00,0.0910
computacional,objeto,Undirected,12.00,0.1326
computacional,produziu,Undirected,2.00,0.0846
computacional,rede,Undirected,5.00,-0.0071
computacional,escala,Undirected,6.00,0.1701
computacional,artificial,Undirected,2.00,0.1024
computacional,metodo,Undirected,6.00,0.2166
computacional,textual,Undirected,2.00,0.1250
dado,spira,Undirected,45.00,0.0238
dado,coeficientes,Undirected,4.00,-0.0137
dado,projeto,Undirected,8.00,-0.0592
dado,pacientes,Undirected,13.00,0.0557
dado,covideiro,Undirected,35.00,0.0769
dado,ambiente,Undirected,7.00,0.1071
dado,algoritmo,Undirected,10.00,0.1183
dado,ruido,Undirected,14.00,0.0534
dado,conjunto,Undirected,28.00,0.2898
dado,diferenca,Undirected,6.00,0.0283
dado,pesquisador,Undirected,4.00,-0.0367
dado,rede,Undirected,7.00,-0.1340
dado,covid,Undirected,16.00,0.0995
dado,vocabulario,Undirected,3.00,0.0139
dado,audio,Undirected,23.00,0.1477
dado,actante,Undirected,3.00,-0.1171
dado,pandemico,Undirected,12.00,0.1368
dado,condicao,Undirected,3.00,-0.0920
dado,voz,Undirected,5.00,0.0562
dado,produz,Undirected,2.00,-0.0867
dado,corpo,Undirected,5.00,-0.0121
dado,ponto,Undirected,4.00,-0.0795
dado,artigos,Undirected,5.00,-0.0913
dado,possivel,Undirected,3.00,-0.0398
dado,etapa,Undirected,5.00,0.0616
dado,processamento,Undirected,4.00,0.0095
dado,sistema,Undirected,9.00,0.0492
dado,codigo,Undirected,4.00,-0.0188
dado,fala,Undirected,2.00,-0.1144
dado,distintos,Undirected,3.00,-0.0148
dado,escolha,Undirected,3.00,-0.0118
dado,termos,Undirected,8.00,0.0571
dado,tecnica,Undirected,2.00,-0.0604
dado,distintas,Undirected,5.00,0.0228
dado,tecnociencia,Undirected,2.00,-0.0323
dado,espectrogramas,Undirected,3.00,0.0169
dado,antiprograma,Undirected,3.00,0.0101
dado,objeto,Undirected,3.00,-0.1886
dado,artificial,Undirected,9.00,0.1343
dado,artigo,Undirected,4.00,-0.1630
dado,entrada,Undirected,3.00,0.0159
dado,escala,Undirected,5.00,-0.0145
dado,secao,Undirected,2.00,-0.1332
dado,onda,Undirected,2.00,-0.0425
dado,parametros,Undirected,3.00,-0.0226
dado,produziu,Undirected,3.00,-0.0191
dado,circula,Undirected,3.00,0.0092
dado,metodo,Undirected,6.00,0.0530
termo,vocabulario,Undirected,2.00,0.1655
termo,coeficientes,Undirected,2.00,0.1096
termo,rede,Undirected,3.00,-0.0107
termo,possivel,Undirected,3.00,0.1629
termo,centro,Undirected,6.00,0.2281
termo,spira,Undirected,7.00,0.0284
termo,etnografia,Undirected,2.00,0.1169
termo,etapa,Undirected,3.00,0.2056
termo,objeto,Undirected,4.00,0.0466
termo,condicao,Undirected,3.00,0.1107
termo,covideiro,Undirected,2.00,-0.0484
presenca,rede,Undirected,5.00,0.0294
presenca,ponto,Undirected,2.00,0.0562
presenca,corpo,Undirected,7.00,0.2594
presenca,informacao,Undirected,4.00,0.2680
presenca,covideiro,Undirected,2.00,-0.0408
presenca,ruido,Undirected,4.00,0.1416
presenca,ausencia,Undirected,9.00,0.3814
presenca,precisamente,Undirected,3.00,0.2246
presenca,condicao,Undirected,4.00,0.1547
presenca,projeto,Undirected,2.00,0.0074
presenca,visivel,Undirected,2.00,0.1415
ausencia,ponto,Undirected,4.00,0.1220
ausencia,artigos,Undirected,4.00,0.0876
ausencia,spira,Undirected,2.00,-0.1123
ausencia,ruido,Undirected,3.00,0.0906
ausencia,deixa,Undirected,3.00,0.2053
ausencia,protocolo,Undirected,2.00,0.0962
ausencia,projeto,Undirected,6.00,0.1202
ausencia,rede,Undirected,2.00,-0.0594
ausencia,termos,Undirected,2.00,0.0922
ausencia,produziu,Undirected,2.00,0.1267
ausencia,precisamente,Undirected,3.00,0.2091
ausencia,condicao,Undirected,4.00,0.1387
ausencia,possivel,Undirected,3.00,0.1554
ausencia,parte,Undirected,2.00,0.1512
ausencia,existir,Undirected,2.00,0.1330
ausencia,inscrito,Undirected,3.00,0.1973
campo,pesquisa,Undirected,9.00,0.2707
campo,processamento,Undirected,15.00,0.3766
campo,etnografia,Undirected,4.00,0.1580
campo,ponto,Undirected,3.00,0.0507
campo,momento,Undirected,4.00,0.1632
campo,produz,Undirected,2.00,0.0654
campo,resultado,Undirected,5.00,0.1820
campo,audio,Undirected,4.00,0.0874
campo,celular,Undirected,2.00,0.0206
campo,inscrito,Undirected,2.00,0.1121
campo,spira,Undirected,3.00,-0.1098
campo,rede,Undirected,2.00,-0.0943
campo,visivel,Undirected,5.00,0.2064
campo,possivel,Undirected,2.00,0.0720
campo,termos,Undirected,2.00,0.0573
campo,pesquisador,Undirected,4.00,0.1272
campo,actante,Undirected,2.00,-0.0021
campo,acao,Undirected,2.00,0.1129
campo,programa,Undirected,2.00,0.0960
campo,projeto,Undirected,4.00,0.0319
campo,clinica,Undirected,3.00,0.1341
campo,condicao,Undirected,4.00,0.1011
campo,antiprograma,Undirected,3.00,0.1689
campo,metodo,Undirected,6.00,0.2246
campo,pandemico,Undirected,3.00,0.1251
onda,humano,Undirected,2.00,0.0663
onda,artigos,Undirected,2.00,0.0027
onda,objeto,Undirected,5.00,0.0581
onda,microfone,Undirected,8.00,0.3017
onda,etapa,Undirected,3.00,0.1911
onda,produziu,Undirected,3.00,0.1691
onda,algoritmo,Undirected,2.00,0.1121
onda,spira,Undirected,4.00,-0.0508
onda,visivel,Undirected,2.00,0.1200
onda,codigo,Undirected,2.00,0.0910
onda,descreve,Undirected,2.00,0.0931
onda,actante,Undirected,2.00,0.0261
onda,pessoa,Undirected,2.00,0.1583
termos,ponto,Undirected,3.00,0.0255
termos,entrada,Undirected,2.00,0.1012
termos,artigo,Undirected,8.00,0.0399
termos,acesso,Undirected,2.00,0.0604
termos,aliados,Undirected,2.00,0.1012
termos,referencia,Undirected,3.00,0.1365
termos,latour,Undirected,11.00,0.2108
termos,spira,Undirected,8.00,-0.0322
termos,actante,Undirected,4.00,0.0492
termos,projeto,Undirected,3.00,-0.0254
termos,rede,Undirected,10.00,0.0444
termos,ambiente,Undirected,2.00,0.0913
termos,configuracao,Undirected,3.00,0.1018
termos,conjunto,Undirected,2.00,0.0650
termos,descricao,Undirected,2.00,0.0888
termos,pesquisador,Undirected,3.00,0.0669
termos,secao,Undirected,7.00,0.1433
termos,artigos,Undirected,2.00,-0.0496
termos,argumento,Undirected,2.00,0.0598
termos,reconhecer,Undirected,3.00,0.1331
termos,parte,Undirected,3.00,0.1401
termos,distancia,Undirected,3.00,0.1587
termos,textual,Undirected,3.00,0.1566
acustico,objeto,Undirected,7.00,0.0865
acustico,covideiro,Undirected,2.00,-0.0745
acustico,ambiente,Undirected,9.00,0.3404
acustico,controle,Undirected,9.00,0.3543
acustico,medicos,Undirected,3.00,0.1653
acustico,fala,Undirected,5.00,0.1643
acustico,momento,Undirected,2.00,0.0956
acustico,microfone,Undirected,2.00,0.1024
acustico,lugar,Undirected,6.00,0.2838
acustico,argumento,Undirected,2.00,0.0999
acustico,audio,Undirected,3.00,0.0702
acustico,codigo,Undirected,3.00,0.1261
acustico,pesquisador,Undirected,2.00,0.0622
acustico,pacientes,Undirected,2.00,0.0190
acustico,sistema,Undirected,2.00,0.0537
existir,spira,Undirected,12.00,0.0679
existir,centro,Undirected,5.00,0.1744
existir,descreve,Undirected,2.00,0.0816
existir,distintas,Undirected,5.00,0.2093
existir,objeto,Undirected,21.00,0.2510
existir,artigo,Undirected,6.00,0.0672
existir,projeto,Undirected,3.00,0.0172
existir,momento,Undirected,2.00,0.0963
existir,acustica,Undirected,5.00,0.2519
existir,versao,Undirected,3.00,0.1463
existir,tecnociencia,Undirected,2.00,0.1365
existir,argumento,Undirected,3.00,0.1489
existir,corpos,Undirected,2.00,0.1279
existir,parte,Undirected,3.00,0.1827
existir,algoritmo,Undirected,2.00,0.1006
existir,pessoa,Undirected,2.00,0.1468
existir,produziu,Undirected,3.00,0.1571
existir,inscrito,Undirected,3.00,0.1783
descricao,pacientes,Undirected,3.00,0.0799
descricao,rede,Undirected,3.00,-0.0217
descricao,escolha,Undirected,2.00,0.1303
descricao,entrada,Undirected,3.00,0.2075
descricao,objeto,Undirected,4.00,0.0353
descricao,spira,Undirected,11.00,0.0741
descricao,projeto,Undirected,23.00,0.3245
descricao,artigos,Undirected,9.00,0.1919
descricao,centro,Undirected,2.00,0.0777
descricao,secao,Undirected,3.00,0.0965
descricao,antiprograma,Undirected,2.00,0.1513
descricao,etnografia,Undirected,3.00,0.1549
descricao,visivel,Undirected,4.00,0.2102
descricao,sistema,Undirected,2.00,0.0692
descricao,deixa,Undirected,2.00,0.1513
diferenca,distintas,Undirected,2.00,0.0597
diferenca,descreve,Undirected,3.00,0.0928
diferenca,tecnica,Undirected,4.00,0.1568
diferenca,metodo,Undirected,3.00,0.1139
diferenca,secao,Undirected,5.00,0.1059
diferenca,produz,Undirected,2.00,0.0474
diferenca,distancia,Undirected,2.00,0.1161
diferenca,artigos,Undirected,2.00,-0.0435
diferenca,acustica,Undirected,3.00,0.1464
diferenca,spira,Undirected,5.00,-0.0776
diferenca,covideiro,Undirected,4.00,-0.0395
diferenca,artigo,Undirected,3.00,-0.0491
diferenca,textual,Undirected,2.00,0.1141
diferenca,produziu,Undirected,3.00,0.1208
diferenca,entrada,Undirected,2.00,0.1072
diferenca,parametros,Undirected,2.00,0.0704
diferenca,codigo,Undirected,5.00,0.1256
diferenca,humano,Undirected,3.00,0.0648
diferenca,objeto,Undirected,2.00,-0.0887
diferenca,latour,Undirected,3.00,0.0469
diferenca,corpos,Undirected,3.00,0.1411
diferenca,escala,Undirected,2.00,0.0259
diferenca,vocabulario,Undirected,2.00,0.1054
metodo,etnografia,Undirected,5.00,0.1918
metodo,spira,Undirected,9.00,0.0148
metodo,condicao,Undirected,3.00,0.0708
metodo,projeto,Undirected,5.00,0.0624
metodo,covideiro,Undirected,6.00,0.0307
metodo,artigo,Undirected,8.00,0.0893
metodo,produziu,Undirected,3.00,0.1436
metodo,distintas,Undirected,2.00,0.0815
metodo,latour,Undirected,4.00,0.1041
metodo,secao,Undirected,14.00,0.2422
metodo,parte,Undirected,2.00,0.1201
metodo,processamento,Undirected,3.00,0.1408
metodo,escolha,Undirected,6.00,0.2443
metodo,ruido,Undirected,2.00,0.0136
metodo,artificial,Undirected,5.00,0.2302
metodo,analise,Undirected,3.00,0.0634
metodo,produz,Undirected,3.00,0.1161
metodo,codigo,Undirected,9.00,0.2258
metodo,visivel,Undirected,2.00,0.0956
metodo,pesquisa,Undirected,3.00,0.1235
metodo,rede,Undirected,2.00,-0.0905
corpos,pacientes,Undirected,4.00,0.1128
corpos,covideiro,Undirected,11.00,0.1128
corpos,rede,Undirected,2.00,-0.0645
corpos,ponto,Undirected,2.00,0.0363
corpos,covid,Undirected,4.00,0.1253
corpos,voz,Undirected,3.00,0.1877
corpos,distancia,Undirected,3.00,0.2150
corpos,actante,Undirected,3.00,0.0728
corpos,pesquisador,Undirected,2.00,0.0760
corpos,inscrito,Undirected,2.00,0.1419
corpos,condicao,Undirected,2.00,0.0518
corpos,ruido,Undirected,4.00,0.1202
corpos,parte,Undirected,3.00,0.1964
corpos,parametros,Undirected,5.00,0.2356
corpos,processamento,Undirected,3.00,0.1680
corpos,visivel,Undirected,2.00,0.1216
pesquisa,processamento,Undirected,3.00,0.1276
pesquisa,rede,Undirected,3.00,-0.0638
pesquisa,spira,Undirected,8.00,-0.0144
pesquisa,programa,Undirected,7.00,0.2493
pesquisa,centro,Undirected,9.00,0.2114
pesquisa,secao,Undirected,2.00,0.0101
pesquisa,distintas,Undirected,2.00,0.0689
pesquisa,humano,Undirected,2.00,0.0293
pesquisa,clinica,Undirected,4.00,0.1610
pesquisa,condicao,Undirected,3.00,0.0576
pesquisa,ruido,Undirected,2.00,0.0010
pesquisa,ponto,Undirected,2.00,-0.0023
pesquisa,objeto,Undirected,3.00,-0.0391
pesquisa,precisamente,Undirected,3.00,0.1635
pesquisa,versao,Undirected,3.00,0.1196
pesquisa,textual,Undirected,2.00,0.1233
pesquisa,analise,Undirected,2.00,0.0061
precisamente,distancia,Undirected,2.00,0.1762
precisamente,possivel,Undirected,4.00,0.2003
precisamente,pandemico,Undirected,2.00,0.1198
precisamente,covideiro,Undirected,4.00,0.0252
precisamente,actante,Undirected,2.00,0.0399
precisamente,ruido,Undirected,5.00,0.1333
precisamente,programa,Undirected,2.00,0.1380
precisamente,secao,Undirected,3.00,0.1075
precisamente,latour,Undirected,2.00,0.0630
precisamente,artigo,Undirected,6.00,0.0958
precisamente,objeto,Undirected,7.00,0.1164
precisamente,momento,Undirected,3.00,0.1708
precisamente,algoritmo,Undirected,2.00,0.1259
precisamente,clinica,Undirected,2.00,0.1285
precisamente,artigos,Undirected,2.00,0.0166
circula,latour,Undirected,5.00,0.1049
circula,spira,Undirected,7.00,0.0232
circula,tecnociencia,Undirected,8.00,0.3300
circula,argumento,Undirected,5.00,0.2391
circula,covideiro,Undirected,7.00,0.0884
circula,artigos,Undirected,5.00,0.1183
circula,momento,Undirected,3.00,0.1661
circula,possivel,Undirected,2.00,0.1095
circula,humano,Undirected,2.00,0.0757
circula,artigo,Undirected,9.00,0.1450
circula,rede,Undirected,3.00,-0.0154
circula,etapa,Undirected,3.00,0.2009
circula,lugar,Undirected,2.00,0.1591
circula,corpo,Undirected,5.00,0.1974
circula,produziu,Undirected,6.00,0.2744
circula,pandemico,Undirected,2.00,0.1153
aliados,covideiro,Undirected,5.00,0.0535
aliados,spira,Undirected,3.00,-0.0639
aliados,objeto,Undirected,2.00,-0.0267
aliados,coeficientes,Undirected,2.00,0.1115
aliados,rede,Undirected,8.00,0.1090
aliados,descreve,Undirected,3.00,0.1575
aliados,antiprograma,Undirected,3.00,0.2148
aliados,artigo,Undirected,5.00,0.0750
aliados,medicos,Undirected,2.00,0.1442
aliados,escala,Undirected,2.00,0.0879
aliados,projeto,Undirected,2.00,0.0016
tecnociencia,spira,Undirected,18.00,0.1541
tecnociencia,descreve,Undirected,3.00,0.1517
tecnociencia,secao,Undirected,3.00,0.1037
tecnociencia,argumento,Undirected,5.00,0.2401
tecnociencia,actante,Undirected,3.00,0.0818
tecnociencia,artigos,Undirected,6.00,0.1431
tecnociencia,voz,Undirected,2.00,0.1464
tecnociencia,artigo,Undirected,5.00,0.0689
tecnociencia,vocabulario,Undirected,2.00,0.1618
tecnociencia,objeto,Undirected,3.00,0.0103
tecnociencia,ponto,Undirected,2.00,0.0449
tecnociencia,possivel,Undirected,2.00,0.1104
tecnociencia,projeto,Undirected,3.00,0.0398
tecnociencia,covideiro,Undirected,2.00,-0.0521
tecnociencia,latour,Undirected,2.00,0.0594
espectrogramas,versao,Undirected,3.00,0.1757
espectrogramas,secao,Undirected,6.00,0.2005
espectrogramas,artigos,Undirected,3.00,0.0641
espectrogramas,pandemico,Undirected,2.00,0.1226
espectrogramas,coeficientes,Undirected,3.00,0.1612
espectrogramas,fala,Undirected,6.00,0.1962
espectrogramas,parametros,Undirected,3.00,0.1830
espectrogramas,rede,Undirected,11.00,0.1409
espectrogramas,neural,Undirected,2.00,0.1288
espectrogramas,distintas,Undirected,3.00,0.1719
espectrogramas,argumento,Undirected,3.00,0.1783
espectrogramas,escala,Undirected,6.00,0.2288
espectrogramas,voz,Undirected,3.00,0.2034
espectrogramas,algoritmo,Undirected,2.00,0.1288
espectrogramas,gravacao,Undirected,2.00,0.1577
espectrogramas,audio,Undirected,2.00,0.0541
espectrogramas,spira,Undirected,2.00,-0.1023
projeto,spira,Undirected,71.00,0.1547
projeto,centro,Undirected,9.00,0.0929
projeto,artigos,Undirected,48.00,0.2689
projeto,reconhecer,Undirected,2.00,-0.0141
projeto,objeto,Undirected,5.00,-0.1097
projeto,rede,Undirected,15.00,-0.0115
projeto,secao,Undirected,5.00,-0.0108
projeto,processamento,Undirected,7.00,0.1095
projeto,condicao,Undirected,2.00,-0.1017
projeto,analise,Undirected,4.00,-0.0397
projeto,covideiro,Undirected,10.00,-0.0568
projeto,disponivel,Undirected,9.00,0.1502
projeto,textual,Undirected,3.00,0.0527
projeto,covid,Undirected,5.00,-0.0156
projeto,audio,Undirected,11.00,0.0756
projeto,codigo,Undirected,4.00,0.0118
projeto,artigo,Undirected,2.00,-0.1947
projeto,actante,Undirected,6.00,-0.0134
projeto,descreve,Undirected,17.00,0.2095
projeto,tecnica,Undirected,4.00,0.0430
projeto,pacientes,Undirected,4.00,-0.0526
projeto,neural,Undirected,3.00,0.0024
projeto,fala,Undirected,4.00,-0.0152
projeto,distintas,Undirected,7.00,0.0965
projeto,latour,Undirected,2.00,-0.1027
projeto,versao,Undirected,2.00,-0.0423
projeto,medicos,Undirected,4.00,0.0522
projeto,acesso,Undirected,7.00,0.1043
projeto,pandemico,Undirected,5.00,0.0542
projeto,distintos,Undirected,2.00,-0.0277
projeto,celular,Undirected,2.00,-0.1031
projeto,sistema,Undirected,2.00,-0.0859
projeto,vocabulario,Undirected,3.00,0.0436
projeto,clinica,Undirected,3.00,0.0050
projeto,deixa,Undirected,2.00,-0.0039
projeto,antiprograma,Undirected,3.00,0.0398
projeto,possivel,Undirected,3.00,-0.0101
projeto,etnografia,Undirected,3.00,-0.0071
projeto,pesquisador,Undirected,3.00,-0.0370
projeto,escolha,Undirected,2.00,-0.0248
projeto,ponto,Undirected,3.00,-0.0784
projeto,produziu,Undirected,3.00,0.0106
projeto,produz,Undirected,4.00,0.0147
projeto,corpo,Undirected,2.00,-0.0775
projeto,artificial,Undirected,2.00,-0.0141
projeto,argumento,Undirected,3.00,0.0024
projeto,gravacao,Undirected,3.00,0.0326
sistema,processamento,Undirected,3.00,0.0913
sistema,fala,Undirected,4.00,0.0710
sistema,spira,Undirected,12.00,-0.0063
sistema,artificial,Undirected,6.00,0.2029
sistema,pesquisador,Undirected,4.00,0.0801
sistema,celular,Undirected,2.00,-0.0230
sistema,condicao,Undirected,6.00,0.1041
sistema,artigo,Undirected,6.00,-0.0461
sistema,pacientes,Undirected,3.00,0.0014
sistema,covideiro,Undirected,6.00,-0.0229
sistema,informacao,Undirected,2.00,0.0835
sistema,actante,Undirected,6.00,0.0769
sistema,objeto,Undirected,6.00,-0.0004
sistema,vocabulario,Undirected,3.00,0.1272
sistema,acesso,Undirected,4.00,0.1215
sistema,momento,Undirected,5.00,0.1446
sistema,voz,Undirected,4.00,0.1467
sistema,reconhecer,Undirected,6.00,0.2029
sistema,pandemico,Undirected,3.00,0.0795
sistema,possivel,Undirected,5.00,0.1362
sistema,gravacao,Undirected,4.00,0.1520
sistema,humano,Undirected,2.00,-0.0055
sistema,acustica,Undirected,3.00,0.1197
distintas,spira,Undirected,6.00,-0.0417
distintas,rede,Undirected,3.00,-0.0583
distintas,objeto,Undirected,9.00,0.0968
distintas,distintos,Undirected,7.00,0.2553
distintas,artigo,Undirected,3.00,-0.0341
distintas,covideiro,Undirected,3.00,-0.0544
distintas,ruido,Undirected,4.00,0.0841
distintas,algoritmo,Undirected,3.00,0.1277
distintas,fala,Undirected,2.00,0.0341
distintas,condicao,Undirected,6.00,0.1492
distintas,escolha,Undirected,2.00,0.0952
distintas,processamento,Undirected,3.00,0.1331
distintas,inscrito,Undirected,2.00,0.1084
distintas,pacientes,Undirected,3.00,0.0432
distintas,audio,Undirected,2.00,0.0056
distintas,gravacao,Undirected,2.00,0.1093
conjunto,pesquisador,Undirected,2.00,0.0539
conjunto,pacientes,Undirected,9.00,0.1973
conjunto,audio,Undirected,3.00,0.0616
conjunto,covid,Undirected,3.00,0.0672
conjunto,configuracao,Undirected,5.00,0.2014
conjunto,actante,Undirected,6.00,0.1348
conjunto,humano,Undirected,3.00,0.0458
conjunto,covideiro,Undirected,6.00,0.0351
conjunto,disponivel,Undirected,3.00,0.1506
conjunto,coeficientes,Undirected,5.00,0.1224
conjunto,secao,Undirected,2.00,0.0266
conjunto,referencia,Undirected,2.00,0.1206
conjunto,programa,Undirected,5.00,0.2195
conjunto,acao,Undirected,3.00,0.1697
conjunto,spira,Undirected,3.00,-0.1017
conjunto,ruido,Undirected,3.00,0.0622
resultado,produz,Undirected,2.00,0.0538
resultado,analise,Undirected,3.00,0.0473
resultado,descreve,Undirected,3.00,0.0995
resultado,latour,Undirected,3.00,0.0536
resultado,protocolo,Undirected,4.00,0.1309
resultado,objeto,Undirected,5.00,0.0141
resultado,deixa,Undirected,2.00,0.1081
resultado,ruido,Undirected,5.00,0.1030
resultado,configuracao,Undirected,2.00,0.0679
resultado,centro,Undirected,3.00,0.0799
resultado,artigos,Undirected,3.00,0.0051
resultado,covid,Undirected,3.00,0.0470
resultado,gravacao,Undirected,3.00,0.1495
resultado,parametros,Undirected,2.00,0.0768
resultado,codigo,Undirected,4.00,0.1325
resultado,spira,Undirected,3.00,-0.1219
resultado,referencia,Undirected,3.00,0.1495
resultado,condicao,Undirected,2.00,0.0103
resultado,artigo,Undirected,3.00,-0.0424
resultado,rede,Undirected,3.00,-0.0667
acesso,artigos,Undirected,3.00,0.0206
acesso,distancia,Undirected,2.00,0.1373
acesso,disponivel,Undirected,25.00,0.4870
acesso,codigo,Undirected,2.00,0.0660
acesso,artigo,Undirected,8.00,0.0519
acesso,audio,Undirected,5.00,0.1186
acesso,celular,Undirected,3.00,0.0687
acesso,rede,Undirected,3.00,-0.0513
acesso,actante,Undirected,4.00,0.0785
acesso,spira,Undirected,8.00,-0.0004
acesso,parametros,Undirected,3.00,0.1395
acesso,fala,Undirected,3.00,0.0865
acesso,ponto,Undirected,3.00,0.0540
acesso,covideiro,Undirected,3.00,-0.0473
acesso,secao,Undirected,4.00,0.1012
acesso,controle,Undirected,2.00,0.1303
vocabulario,covideiro,Undirected,6.00,0.0738
vocabulario,secao,Undirected,12.00,0.3029
vocabulario,movimento,Undirected,2.00,0.1423
vocabulario,etnografia,Undirected,3.00,0.1659
vocabulario,spira,Undirected,8.00,0.0450
vocabulario,configuracao,Undirected,2.00,0.1216
vocabulario,fala,Undirected,2.00,0.0798
vocabulario,latour,Undirected,3.00,0.1096
vocabulario,artigo,Undirected,3.00,0.0136
vocabulario,distintos,Undirected,3.00,0.1879
vocabulario,controle,Undirected,2.00,0.1692
vocabulario,textual,Undirected,2.00,0.1742
argumento,etnografia,Undirected,5.00,0.1904
argumento,audio,Undirected,2.00,0.0118
argumento,latour,Undirected,13.00,0.2698
argumento,spira,Undirected,11.00,0.0389
argumento,ponto,Undirected,5.00,0.1149
argumento,rede,Undirected,2.00,-0.0918
argumento,covideiro,Undirected,4.00,-0.0174
argumento,secao,Undirected,8.00,0.1928
argumento,parte,Undirected,3.00,0.1679
argumento,algoritmo,Undirected,3.00,0.1341
argumento,produz,Undirected,3.00,0.1148
textual,objeto,Undirected,3.00,0.0231
textual,produz,Undirected,3.00,0.1651
textual,actante,Undirected,2.00,0.0486
textual,analise,Undirected,27.00,0.4436
textual,rede,Undirected,53.00,0.3975
textual,secao,Undirected,3.00,0.1166
textual,spira,Undirected,2.00,-0.0965
textual,artigos,Undirected,6.00,0.1570
textual,covid,Undirected,2.00,0.0653
textual,versao,Undirected,3.00,0.1818
objeto,actante,Undirected,8.00,-0.0121
objeto,humano,Undirected,2.00,-0.1138
objeto,deixa,Undirected,6.00,0.0922
objeto,configuracao,Undirected,7.00,0.0660
objeto,spira,Undirected,48.00,0.0417
objeto,entrada,Undirected,5.00,0.0755
objeto,descreve,Undirected,13.00,0.1327
objeto,distintos,Undirected,31.00,0.3186
objeto,rede,Undirected,27.00,0.0210
objeto,escuta,Undirected,7.00,0.1082
objeto,clinica,Undirected,4.00,0.0068
objeto,covideiro,Undirected,20.00,-0.0050
objeto,etapa,Undirected,5.00,0.0617
objeto,produz,Undirected,23.00,0.2078
objeto,ponto,Undirected,12.00,0.0494
objeto,latour,Undirected,8.00,0.0148
objeto,covid,Undirected,3.00,-0.0995
objeto,inscrito,Undirected,5.00,0.0608
objeto,momento,Undirected,4.00,-0.0006
objeto,artigo,Undirected,7.00,-0.1071
objeto,acustica,Undirected,5.00,0.0655
objeto,produziu,Undirected,2.00,-0.0602
objeto,microfone,Undirected,3.00,-0.0245
objeto,pandemico,Undirected,3.00,-0.0336
objeto,celular,Undirected,3.00,-0.0933
objeto,antiprograma,Undirected,3.00,0.0103
objeto,pacientes,Undirected,2.00,-0.1490
objeto,corpo,Undirected,3.00,-0.0666
objeto,reconhecer,Undirected,7.00,0.1005
objeto,lugar,Undirected,4.00,0.0447
objeto,audio,Undirected,2.00,-0.1427
objeto,analise,Undirected,14.00,0.0810
objeto,referencia,Undirected,2.00,-0.0391
objeto,neural,Undirected,4.00,0.0041
objeto,acao,Undirected,2.00,-0.0391
objeto,tecnica,Undirected,4.00,0.0125
objeto,movimento,Undirected,3.00,-0.0101
objeto,versao,Undirected,5.00,0.0270
objeto,condicao,Undirected,3.00,-0.0918
escala,rede,Undirected,7.00,-0.0021
escala,latour,Undirected,2.00,-0.0164
escala,coeficientes,Undirected,5.00,0.1383
escala,momento,Undirected,2.00,0.0422
escala,parametros,Undirected,5.00,0.1613
escala,tecnica,Undirected,2.00,0.0544
escala,ponto,Undirected,5.00,0.0708
escala,spira,Undirected,3.00,-0.1488
escala,produziu,Undirected,3.00,0.1006
escala,etapa,Undirected,2.00,0.0755
controle,celular,Undirected,9.00,0.2256
controle,rede,Undirected,2.00,-0.0485
controle,spira,Undirected,11.00,0.0915
controle,ruido,Undirected,4.00,0.1374
controle,tecnica,Undirected,2.00,0.1376
controle,momento,Undirected,2.00,0.1254
controle,lugar,Undirected,2.00,0.1674
controle,microfone,Undirected,3.00,0.1819
controle,voz,Undirected,2.00,0.1538
controle,gravacao,Undirected,8.00,0.3531
acao,latour,Undirected,7.00,0.2095
acao,actante,Undirected,8.00,0.2021
acao,programa,Undirected,30.00,0.5674
acao,spira,Undirected,12.00,0.0860
acao,covideiro,Undirected,4.00,0.0138
acao,secao,Undirected,3.00,0.0965
acao,deixa,Undirected,2.00,0.1513
acao,celular,Undirected,3.00,0.0983
acao,lugar,Undirected,2.00,0.1531
acao,humano,Undirected,4.00,0.1524
acao,distancia,Undirected,3.00,0.2168
acao,pacientes,Undirected,2.00,0.0345
spira,voz,Undirected,7.00,0.0107
spira,etnografia,Undirected,6.00,-0.0450
spira,analise,Undirected,38.00,0.1318
spira,audio,Undirected,11.00,-0.0518
spira,fala,Undirected,6.00,-0.0868
spira,covid,Undirected,9.00,-0.0688
spira,centro,Undirected,10.00,-0.0187
spira,distancia,Undirected,5.00,0.0006
spira,covideiro,Undirected,46.00,0.0088
spira,ambiente,Undirected,2.00,-0.1132
spira,ponto,Undirected,11.00,-0.0551
spira,referencia,Undirected,8.00,0.0327
spira,artigos,Undirected,101.00,0.2482
spira,artificial,Undirected,5.00,-0.0265
spira,rede,Undirected,31.00,-0.0541
spira,entrada,Undirected,3.00,-0.0639
spira,condicao,Undirected,6.00,-0.1046
spira,latour,Undirected,2.00,-0.2076
spira,produz,Undirected,10.00,0.0044
spira,secao,Undirected,14.00,-0.0100
spira,inscrito,Undirected,12.00,0.0850
spira,artigo,Undirected,43.00,0.0270
spira,versao,Undirected,12.00,0.0474
spira,acustica,Undirected,6.00,0.0018
spira,pesquisador,Undirected,12.00,0.0041
spira,escolha,Undirected,5.00,-0.0384
spira,descreve,Undirected,7.00,-0.0389
spira,protocolo,Undirected,5.00,-0.0799
spira,programa,Undirected,26.00,0.1815
spira,pacientes,Undirected,10.00,-0.0705
spira,movimento,Undirected,3.00,-0.0900
spira,parte,Undirected,3.00,-0.0733
spira,deixa,Undirected,5.00,-0.0152
spira,neural,Undirected,4.00,-0.0785
spira,actante,Undirected,18.00,-0.0038
spira,celular,Undirected,13.00,-0.0173
spira,configuracao,Undirected,5.00,-0.0597
spira,humano,Undirected,5.00,-0.1055
spira,etapa,Undirected,6.00,-0.0020
spira,pandemico,Undirected,14.00,0.0638
spira,parametros,Undirected,10.00,0.0320
spira,medicos,Undirected,4.00,-0.0608
spira,escuta,Undirected,7.00,0.0202
spira,clinica,Undirected,3.00,-0.1045
spira,algoritmo,Undirected,5.00,-0.0549
spira,possivel,Undirected,6.00,-0.0482
spira,reconhecer,Undirected,4.00,-0.0508
spira,visivel,Undirected,7.00,-0.0080
spira,corpo,Undirected,2.00,-0.1824
spira,processamento,Undirected,3.00,-0.1017
spira,lugar,Undirected,2.00,-0.1070
spira,produziu,Undirected,5.00,-0.0462
spira,distintos,Undirected,2.00,-0.1326
spira,codigo,Undirected,3.00,-0.1292
spira,coeficientes,Undirected,4.00,-0.0961
spira,gravacao,Undirected,3.00,-0.0769
spira,disponivel,Undirected,3.00,-0.0960
audio,etnografia,Undirected,2.00,0.0027
audio,analise,Undirected,12.00,0.1578
audio,fala,Undirected,7.00,0.1097
audio,covid,Undirected,6.00,0.0636
audio,processamento,Undirected,11.00,0.2352
audio,rede,Undirected,6.00,-0.0593
audio,neural,Undirected,7.00,0.1627
audio,disponivel,Undirected,5.00,0.1297
audio,codigo,Undirected,2.00,-0.0093
audio,pacientes,Undirected,3.00,-0.0283
audio,artificial,Undirected,4.00,0.1178
audio,lugar,Undirected,2.00,0.0494
audio,condicao,Undirected,2.00,-0.0502
audio,covideiro,Undirected,5.00,-0.0748
audio,gravacao,Undirected,3.00,0.0864
audio,artigos,Undirected,2.00,-0.0976
audio,escuta,Undirected,2.00,0.0441
audio,artigo,Undirected,3.00,-0.1056
audio,algoritmo,Undirected,3.00,0.0561
audio,coeficientes,Undirected,5.00,0.0999
versao,disponivel,Undirected,10.00,0.3137
versao,acustica,Undirected,4.00,0.2027
versao,produz,Undirected,6.00,0.2024
versao,rede,Undirected,7.00,0.0409
versao,artigo,Undirected,4.00,0.0009
versao,actante,Undirected,3.00,0.0417
versao,covid,Undirected,6.00,0.1450
versao,latour,Undirected,3.00,0.0658
versao,covideiro,Undirected,6.00,0.0264
versao,artificial,Undirected,2.00,0.1096
versao,produziu,Undirected,6.00,0.2321
versao,condicao,Undirected,2.00,0.0220
versao,escuta,Undirected,2.00,0.1163
versao,ponto,Undirected,3.00,0.0507
escolha,entrada,Undirected,5.00,0.2627
escolha,ponto,Undirected,6.00,0.1032
escolha,rede,Undirected,2.00,-0.0769
escolha,condicao,Undirected,7.00,0.1946
escolha,microfone,Undirected,3.00,0.1523
escolha,celular,Undirected,9.00,0.2298
escolha,latour,Undirected,2.00,0.0384
escolha,analise,Undirected,2.00,0.0324
escolha,covideiro,Undirected,5.00,0.0242
escolha,configuracao,Undirected,4.00,0.1451
escolha,tecnica,Undirected,4.00,0.1951
escolha,codigo,Undirected,4.00,0.1639
escolha,etnografia,Undirected,3.00,0.1402
escolha,visivel,Undirected,3.00,0.1579
escolha,coeficientes,Undirected,3.00,0.1326
etapa,produz,Undirected,8.00,0.2606
etapa,artigo,Undirected,3.00,0.0026
etapa,possivel,Undirected,3.00,0.1519
etapa,covid,Undirected,2.00,0.0461
etapa,visivel,Undirected,3.00,0.1725
etapa,ponto,Undirected,2.00,0.0380
etapa,etnografia,Undirected,3.00,0.1549
etapa,analise,Undirected,3.00,0.0923
etapa,processamento,Undirected,3.00,0.1697
informacao,disponivel,Undirected,5.00,0.2600
informacao,ruido,Undirected,2.00,0.0557
informacao,descreve,Undirected,2.00,0.1107
informacao,gravacao,Undirected,2.00,0.1587
ambiente,covideiro,Undirected,11.00,0.1461
ambiente,ruido,Undirected,10.00,0.2529
ambiente,humano,Undirected,3.00,0.1192
ambiente,algoritmo,Undirected,2.00,0.1179
ambiente,covid,Undirected,3.00,0.0946
ambiente,descreve,Undirected,3.00,0.1471
ambiente,protocolo,Undirected,8.00,0.2791
ambiente,gravacao,Undirected,5.00,0.2673
ambiente,fala,Undirected,8.00,0.2516
ambiente,corpo,Undirected,5.00,0.1276
ambiente,distancia,Undirected,2.00,0.1682
ambiente,microfone,Undirected,3.00,0.1696
ambiente,actante,Undirected,4.00,0.1118
ambiente,momento,Undirected,2.00,0.1136
ambiente,antiprograma,Undirected,6.00,0.3021
ambiente,processamento,Undirected,3.00,0.1724
ambiente,condicao,Undirected,2.00,0.0560
ambiente,etnografia,Undirected,2.00,0.1089
humano,disponivel,Undirected,3.00,0.0974
humano,ruido,Undirected,4.00,0.0090
humano,algoritmo,Undirected,4.00,0.1212
humano,produz,Undirected,5.00,0.1295
humano,voz,Undirected,5.00,0.1765
humano,visivel,Undirected,5.00,0.1586
humano,actante,Undirected,30.00,0.2859
humano,programa,Undirected,3.00,0.0989
humano,pesquisador,Undirected,2.00,0.0029
humano,rede,Undirected,12.00,0.0218
humano,neural,Undirected,2.00,0.0407
humano,corpo,Undirected,3.00,0.0469
humano,codigo,Undirected,2.00,0.0196
humano,coeficientes,Undirected,2.00,0.0243
humano,etnografia,Undirected,2.00,0.0316
pacientes,covid,Undirected,41.00,0.3629
pacientes,celular,Undirected,2.00,-0.0578
pacientes,pesquisador,Undirected,7.00,0.1122
pacientes,medicos,Undirected,6.00,0.1532
pacientes,covideiro,Undirected,17.00,0.0680
pacientes,fala,Undirected,9.00,0.1365
pacientes,inscrito,Undirected,2.00,0.0336
pacientes,voz,Undirected,8.00,0.2023
pacientes,disponivel,Undirected,2.00,0.0161
pacientes,parte,Undirected,4.00,0.1182
pacientes,ruido,Undirected,8.00,0.0878
pacientes,pandemico,Undirected,2.00,-0.0007
pacientes,actante,Undirected,10.00,0.1036
pacientes,artigo,Undirected,2.00,-0.1494
pacientes,configuracao,Undirected,4.00,0.0787
pacientes,programa,Undirected,4.00,0.0963
pacientes,produziu,Undirected,4.00,0.0918
pacientes,possivel,Undirected,3.00,0.0371
pacientes,distancia,Undirected,3.00,0.1021
analise,fala,Undirected,5.00,0.0732
analise,momento,Undirected,4.00,0.0915
analise,artigos,Undirected,12.00,0.1152
analise,artificial,Undirected,3.00,0.0889
analise,rede,Undirected,31.00,0.1553
analise,latour,Undirected,6.00,0.0772
analise,secao,Undirected,3.00,-0.0058
analise,tecnica,Undirected,5.00,0.1329
analise,ponto,Undirected,10.00,0.1283
analise,covideiro,Undirected,6.00,-0.0486
analise,acustica,Undirected,6.00,0.1847
analise,covid,Undirected,6.00,0.0700
analise,etnografia,Undirected,5.00,0.1142
analise,actante,Undirected,3.00,-0.0277
analise,escuta,Undirected,2.00,0.0498
analise,configuracao,Undirected,3.00,0.0576
analise,artigo,Undirected,3.00,-0.0996
analise,parametros,Undirected,4.00,0.0668
analise,descreve,Undirected,2.00,-0.0016
analise,possivel,Undirected,2.00,0.0055
analise,parte,Undirected,3.00,0.0959
analise,movimento,Undirected,4.00,0.1139
analise,distintos,Undirected,4.00,0.1092
analise,condicao,Undirected,2.00,-0.0445
analise,entrada,Undirected,2.00,0.0588
neural,rede,Undirected,126.00,0.5779
neural,artigos,Undirected,4.00,0.0527
neural,secao,Undirected,2.00,0.0214
neural,centro,Undirected,3.00,0.0947
neural,covideiro,Undirected,2.00,-0.0880
neural,parametros,Undirected,3.00,0.1388
neural,artigo,Undirected,7.00,0.0292
neural,codigo,Undirected,2.00,0.0653
neural,escuta,Undirected,3.00,0.1679
corpo,etnografia,Undirected,3.00,0.0852
corpo,tecnica,Undirected,3.00,0.1029
corpo,pesquisador,Undirected,3.00,0.0553
corpo,referencia,Undirected,3.00,0.1249
corpo,pandemico,Undirected,3.00,0.0883
corpo,covideiro,Undirected,5.00,-0.0340
corpo,lugar,Undirected,3.00,0.1340
corpo,produziu,Undirected,12.00,0.2976
corpo,ponto,Undirected,2.00,-0.0287
corpo,rede,Undirected,2.00,-0.1295
corpo,fala,Undirected,6.00,0.1314
corpo,ruido,Undirected,4.00,0.0501
corpo,protocolo,Undirected,5.00,0.1337
corpo,escuta,Undirected,6.00,0.2200
corpo,entrada,Undirected,2.00,0.0901
corpo,pessoa,Undirected,5.00,0.2098
corpo,produz,Undirected,3.00,0.0754
corpo,artigos,Undirected,3.00,-0.0195
corpo,deixa,Undirected,3.00,0.1322
corpo,parametros,Undirected,8.00,0.2299
corpo,covid,Undirected,3.00,0.0224
corpo,inscrito,Undirected,5.00,0.1898
corpo,reconhecer,Undirected,2.00,0.0744
gravacao,covideiro,Undirected,2.00,-0.0590
gravacao,lugar,Undirected,2.00,0.1531
gravacao,momento,Undirected,3.00,0.1598
gravacao,protocolo,Undirected,5.00,0.2075
gravacao,condicao,Undirected,3.00,0.0997
gravacao,referencia,Undirected,2.00,0.1444
gravacao,celular,Undirected,2.00,0.0521
gravacao,artigos,Undirected,2.00,0.0060
entrada,ponto,Undirected,22.00,0.3890
entrada,rede,Undirected,12.00,0.1662
entrada,actante,Undirected,3.00,0.0875
entrada,covideiro,Undirected,5.00,0.0535
entrada,produz,Undirected,3.00,0.1580
microfone,celular,Undirected,12.00,0.2596
microfone,protocolo,Undirected,2.00,0.0663
microfone,acustica,Undirected,8.00,0.3095
microfone,distancia,Undirected,3.00,0.1892
microfone,programa,Undirected,3.00,0.1493
microfone,codigo,Undirected,5.00,0.1800
microfone,parametros,Undirected,2.00,0.0935
microfone,actante,Undirected,2.00,0.0030
microfone,latour,Undirected,2.00,0.0260
microfone,descreve,Undirected,3.00,0.1169
microfone,pessoa,Undirected,3.00,0.1850
microfone,momento,Undirected,2.00,0.0846
referencia,ponto,Undirected,3.00,0.0835
referencia,latour,Undirected,13.00,0.3058
referencia,artigo,Undirected,4.00,0.0348
referencia,secao,Undirected,2.00,0.0504
referencia,descreve,Undirected,3.00,0.1445
referencia,movimento,Undirected,4.00,0.2194
referencia,covid,Undirected,2.00,0.0461
codigo,parametros,Undirected,8.00,0.2494
codigo,disponivel,Undirected,6.00,0.2142
codigo,artigo,Undirected,4.00,-0.0497
codigo,protocolo,Undirected,2.00,0.0427
codigo,secao,Undirected,9.00,0.1851
codigo,produz,Undirected,3.00,0.0928
codigo,actante,Undirected,6.00,0.1052
codigo,etnografia,Undirected,3.00,0.1026
codigo,visivel,Undirected,3.00,0.1203
codigo,rede,Undirected,3.00,-0.0740
voz,covideiro,Undirected,10.00,0.1235
voz,possivel,Undirected,3.00,0.1468
voz,reconhecer,Undirected,2.00,0.1362
voz,condicao,Undirected,2.00,0.0486
voz,covid,Undirected,3.00,0.0869
voz,fala,Undirected,2.00,0.0643
voz,movimento,Undirected,2.00,0.1269
voz,actante,Undirected,3.00,0.0694
voz,coeficientes,Undirected,3.00,0.1422
celular,covid,Undirected,3.00,-0.0043
celular,pesquisador,Undirected,5.00,0.0888
celular,coeficientes,Undirected,3.00,0.0509
celular,covideiro,Undirected,10.00,0.0187
celular,algoritmo,Undirected,3.00,0.0680
celular,rede,Undirected,3.00,-0.1180
celular,protocolo,Undirected,8.00,0.1684
celular,ruido,Undirected,3.00,-0.0093
celular,fala,Undirected,8.00,0.1409
celular,acustica,Undirected,7.00,0.2130
celular,pessoa,Undirected,5.00,0.1816
celular,escuta,Undirected,2.00,0.0555
celular,clinica,Undirected,5.00,0.1333
celular,actante,Undirected,4.00,0.0097
celular,programa,Undirected,2.00,0.0352
celular,condicao,Undirected,2.00,-0.0388
celular,disponivel,Undirected,9.00,0.2247
pesquisador,centro,Undirected,7.00,0.1618
pesquisador,processamento,Undirected,6.00,0.1893
pesquisador,rede,Undirected,8.00,0.0166
pesquisador,medicos,Undirected,4.00,0.1475
pesquisador,ponto,Undirected,3.00,0.0139
pesquisador,covideiro,Undirected,9.00,0.0358
pesquisador,fala,Undirected,3.00,0.0465
pesquisador,descreve,Undirected,5.00,0.1377
pesquisador,artigo,Undirected,3.00,-0.0670
pesquisador,produz,Undirected,2.00,0.0302
pesquisador,produziu,Undirected,2.00,0.0566
pesquisador,condicao,Undirected,3.00,0.0301
pesquisador,deixa,Undirected,2.00,0.0846
visivel,momento,Undirected,3.00,0.1378
visivel,latour,Undirected,3.00,0.0766
visivel,ponto,Undirected,6.00,0.1476
visivel,distancia,Undirected,3.00,0.1947
visivel,artigos,Undirected,2.00,-0.0151
visivel,etnografia,Undirected,2.00,0.0852
visivel,movimento,Undirected,3.00,0.1594
artigos,centro,Undirected,7.00,0.0795
artigos,condicao,Undirected,9.00,0.0842
artigos,covideiro,Undirected,9.00,-0.0491
artigos,rede,Undirected,10.00,-0.0412
artigos,movimento,Undirected,2.00,-0.0066
artigos,protocolo,Undirected,5.00,0.0546
artigos,secao,Undirected,8.00,0.0651
artigos,tecnica,Undirected,3.00,0.0281
artigos,momento,Undirected,5.00,0.0748
artigos,clinica,Undirected,3.00,0.0226
artigos,medicos,Undirected,4.00,0.0704
artigos,covid,Undirected,2.00,-0.0922
artigos,algoritmo,Undirected,4.00,0.0527
artigos,inscrito,Undirected,3.00,0.0493
artigos,processamento,Undirected,2.00,-0.0178
artigos,programa,Undirected,2.00,-0.0109
artigos,lugar,Undirected,2.00,0.0147
artigos,produz,Undirected,2.00,-0.0414
artigos,produziu,Undirected,2.00,-0.0151
escuta,clinica,Undirected,39.00,0.6202
escuta,fala,Undirected,3.00,0.1197
escuta,deixa,Undirected,4.00,0.2441
escuta,rede,Undirected,11.00,0.1425
escuta,condicao,Undirected,4.00,0.1387
escuta,ruido,Undirected,6.00,0.1790
escuta,movimento,Undirected,3.00,0.1850
deixa,lugar,Undirected,2.00,0.1600
deixa,reconhecer,Undirected,3.00,0.1984
deixa,parte,Undirected,3.00,0.2053
deixa,centro,Undirected,2.00,0.0846
deixa,disponivel,Undirected,3.00,0.1827
deixa,actante,Undirected,3.00,0.0818
deixa,ruido,Undirected,2.00,0.0483
deixa,pessoa,Undirected,2.00,0.1685
deixa,rede,Undirected,2.00,-0.0559
ponto,rede,Undirected,15.00,0.0502
ponto,latour,Undirected,4.00,0.0193
ponto,movimento,Undirected,5.00,0.1330
ponto,descreve,Undirected,2.00,-0.0100
ponto,artigo,Undirected,13.00,0.0597
ponto,covid,Undirected,3.00,-0.0190
ponto,centro,Undirected,4.00,0.0465
ponto,distancia,Undirected,2.00,0.0593
ponto,secao,Undirected,2.00,-0.0560
ponto,condicao,Undirected,2.00,-0.0529
ponto,parte,Undirected,2.00,0.0414
ponto,artificial,Undirected,3.00,0.0801
ponto,momento,Undirected,3.00,0.0488
possivel,actante,Undirected,4.00,0.0650
possivel,distancia,Undirected,3.00,0.1741
possivel,configuracao,Undirected,11.00,0.2844
possivel,covideiro,Undirected,6.00,0.0158
possivel,rede,Undirected,5.00,-0.0097
possivel,fala,Undirected,2.00,0.0283
possivel,processamento,Undirected,3.00,0.1270
possivel,pandemico,Undirected,2.00,0.0683
possivel,ruido,Undirected,2.00,0.0004
possivel,antiprograma,Undirected,2.00,0.1104
possivel,artigo,Undirected,3.00,-0.0401
possivel,condicao,Undirected,2.00,0.0126
pessoa,fala,Undirected,3.00,0.1341
pessoa,produz,Undirected,3.00,0.1630
pessoa,produziu,Undirected,3.00,0.1905
pessoa,algoritmo,Undirected,2.00,0.1326
pessoa,coeficientes,Undirected,2.00,0.1163
condicao,descreve,Undirected,5.00,0.1110
condicao,clinica,Undirected,25.00,0.3834
condicao,artigo,Undirected,4.00,-0.0631
condicao,distintos,Undirected,3.00,0.0820
condicao,fala,Undirected,4.00,0.0541
condicao,acustica,Undirected,3.00,0.1032
condicao,ruido,Undirected,5.00,0.0502
condicao,covideiro,Undirected,10.00,0.0203
condicao,pandemico,Undirected,2.00,0.0184
condicao,inscrito,Undirected,2.00,0.0526
condicao,antiprograma,Undirected,2.00,0.0604
condicao,covid,Undirected,2.00,-0.0448
condicao,movimento,Undirected,5.00,0.1501
coeficientes,processamento,Undirected,3.00,0.1224
coeficientes,fala,Undirected,5.00,0.1314
coeficientes,parametros,Undirected,2.00,0.0746
coeficientes,acustica,Undirected,2.00,0.1024
coeficientes,reconhecer,Undirected,2.00,0.0958
coeficientes,centro,Undirected,2.00,0.0323
coeficientes,covideiro,Undirected,3.00,-0.0650
covideiro,ruido,Undirected,26.00,0.1352
covideiro,secao,Undirected,4.00,-0.0874
covideiro,rede,Undirected,17.00,-0.0570
covideiro,etnografia,Undirected,8.00,0.0545
covideiro,artigo,Undirected,43.00,0.1102
covideiro,pandemico,Undirected,85.00,0.4667
covideiro,momento,Undirected,4.00,-0.0220
covideiro,reconhecer,Undirected,7.00,0.0582
covideiro,protocolo,Undirected,9.00,0.0537
covideiro,distintos,Undirected,2.00,-0.0759
covideiro,produz,Undirected,4.00,-0.0373
covideiro,configuracao,Undirected,14.00,0.1370
covideiro,actante,Undirected,10.00,-0.0086
covideiro,programa,Undirected,17.00,0.1680
covideiro,antiprograma,Undirected,23.00,0.2693
covideiro,covid,Undirected,6.00,-0.0490
covideiro,disponivel,Undirected,2.00,-0.0773
covideiro,clinica,Undirected,2.00,-0.0854
covideiro,produziu,Undirected,14.00,0.1523
covideiro,parte,Undirected,7.00,0.0853
covideiro,inscrito,Undirected,10.00,0.1284
covideiro,acustica,Undirected,7.00,0.0853
covideiro,lugar,Undirected,4.00,0.0232
covideiro,algoritmo,Undirected,6.00,0.0292
covideiro,latour,Undirected,2.00,-0.1509
covideiro,descreve,Undirected,2.00,-0.1070
processamento,centro,Undirected,2.00,0.0539
processamento,ruido,Undirected,3.00,0.0622
processamento,fala,Undirected,2.00,0.0454
processamento,parte,Undirected,3.00,0.1733
processamento,antiprograma,Undirected,2.00,0.1275
processamento,lugar,Undirected,2.00,0.1293
processamento,parametros,Undirected,3.00,0.1442
processamento,descreve,Undirected,2.00,0.0726
protocolo,artigo,Undirected,6.00,0.0257
protocolo,ruido,Undirected,2.00,-0.0103
protocolo,clinica,Undirected,2.00,0.0663
protocolo,produziu,Undirected,3.00,0.1187
protocolo,acustica,Undirected,2.00,0.0962
programa,antiprograma,Undirected,8.00,0.3247
programa,actante,Undirected,7.00,0.1635
programa,inscrito,Undirected,6.00,0.2714
programa,configuracao,Undirected,5.00,0.2090
programa,clinica,Undirected,2.00,0.1010
programa,ruido,Undirected,3.00,0.0694
programa,parte,Undirected,2.00,0.1308
programa,pandemico,Undirected,2.00,0.0923
programa,centro,Undirected,6.00,0.1428
artificial,ruido,Undirected,21.00,0.3726
artificial,medicos,Undirected,3.00,0.1780
artificial,centro,Undirected,2.00,0.0744
artificial,disponivel,Undirected,2.00,0.1227
artificial,etnografia,Undirected,2.00,0.1030
artificial,produz,Undirected,3.00,0.1416
artificial,descreve,Undirected,2.00,0.0931
movimento,momento,Undirected,3.00,0.1467
movimento,ruido,Undirected,4.00,0.0739
movimento,rede,Undirected,3.00,-0.0348
movimento,etnografia,Undirected,4.00,0.1784
movimento,parte,Undirected,5.00,0.2543
movimento,artigo,Undirected,2.00,-0.0521
movimento,tecnica,Undirected,2.00,0.1107
movimento,actante,Undirected,6.00,0.1475
algoritmo,rede,Undirected,4.00,-0.0215
algoritmo,reconhecer,Undirected,10.00,0.3348
algoritmo,parametros,Undirected,2.00,0.0909
algoritmo,tecnica,Undirected,2.00,0.0943
algoritmo,fala,Undirected,2.00,0.0402
algoritmo,produz,Undirected,2.00,0.0679
pandemico,descreve,Undirected,3.00,0.1078
pandemico,covid,Undirected,2.00,0.0110
pandemico,parametros,Undirected,2.00,0.0848
pandemico,artigo,Undirected,6.00,0.0443
pandemico,produziu,Undirected,6.00,0.2280
pandemico,inscrito,Undirected,5.00,0.2247
pandemico,lugar,Undirected,2.00,0.1180
pandemico,reconhecer,Undirected,6.00,0.2481
acustica,lugar,Undirected,2.00,0.1565
acustica,medicos,Undirected,3.00,0.1850
acustica,covid,Undirected,5.00,0.1596
acustica,fala,Undirected,3.00,0.1197
acustica,produz,Undirected,2.00,0.1003
acustica,inscrito,Undirected,4.00,0.2357
acustica,artigo,Undirected,3.00,0.0062
acustica,tecnica,Undirected,3.00,0.1761
momento,etnografia,Undirected,20.00,0.3895
momento,configuracao,Undirected,2.00,0.0777
momento,artigo,Undirected,3.00,-0.0322
momento,tecnica,Undirected,2.00,0.0900
momento,distancia,Undirected,3.00,0.1820
momento,parametros,Undirected,3.00,0.1343
fala,clinica,Undirected,3.00,0.0886
fala,disponivel,Undirected,3.00,0.0970
fala,descreve,Undirected,2.00,0.0212
fala,covid,Undirected,11.00,0.1794
fala,produz,Undirected,3.00,0.0666
fala,ruido,Undirected,3.00,0.0086
reconhecer,artigo,Undirected,4.00,0.0313
reconhecer,secao,Undirected,2.00,0.0471
reconhecer,lugar,Undirected,3.00,0.2002
reconhecer,parte,Undirected,4.00,0.2331
reconhecer,tecnica,Undirected,2.00,0.1200
reconhecer,rede,Undirected,3.00,-0.0251
actante,etnografia,Undirected,3.00,0.0348
actante,produz,Undirected,4.00,0.0579
actante,disponivel,Undirected,2.00,0.0110
actante,artigo,Undirected,5.00,-0.0658
actante,rede,Undirected,11.00,-0.0013
actante,latour,Undirected,7.00,0.0774
actante,distintos,Undirected,6.00,0.1426
actante,configuracao,Undirected,13.00,0.2359
actante,produziu,Undirected,2.00,0.0083
actante,inscrito,Undirected,3.00,0.0737
actante,antiprograma,Undirected,2.00,0.0363
actante,centro,Undirected,3.00,0.0049
actante,lugar,Undirected,2.00,0.0381
actante,descreve,Undirected,3.00,0.0245
configuracao,produziu,Undirected,9.00,0.2913
configuracao,inscrito,Undirected,5.00,0.2267
configuracao,artigo,Undirected,4.00,-0.0011
configuracao,descreve,Undirected,4.00,0.1454
configuracao,latour,Undirected,3.00,0.0638
configuracao,covid,Undirected,2.00,0.0128
configuracao,rede,Undirected,3.00,-0.0565
tecnica,artigo,Undirected,3.00,-0.0194
tecnica,antiprograma,Undirected,5.00,0.2488
tecnica,ruido,Undirected,2.00,0.0202
tecnica,descreve,Undirected,2.00,0.0753
tecnica,rede,Undirected,3.00,-0.0437
rede,secao,Undirected,10.00,0.0121
rede,latour,Undirected,9.00,0.0014
rede,clinica,Undirected,3.00,-0.0493
rede,produz,Undirected,6.00,0.0041
rede,disponivel,Undirected,5.00,0.0153
rede,etnografia,Undirected,4.00,-0.0313
rede,covid,Undirected,3.00,-0.1243
rede,centro,Undirected,5.00,-0.0382
rede,produziu,Undirected,9.00,0.0528
rede,artigo,Undirected,17.00,-0.0654
rede,parametros,Undirected,8.00,0.0659
rede,descreve,Undirected,5.00,-0.0175
rede,distintos,Undirected,3.00,-0.0394
ruido,covid,Undirected,2.00,-0.0569
ruido,parte,Undirected,2.00,0.0447
ruido,medicos,Undirected,2.00,0.0288
ruido,inscrito,Undirected,2.00,0.0405
ruido,antiprograma,Undirected,11.00,0.2733
ruido,parametros,Undirected,2.00,0.0169
latour,descreve,Undirected,25.00,0.3530
latour,etnografia,Undirected,3.00,0.0589
latour,artigo,Undirected,10.00,0.0425
latour,secao,Undirected,4.00,0.0327
clinica,secao,Undirected,2.00,0.0240
clinica,artigo,Undirected,3.00,-0.0250
produziu,centro,Undirected,3.00,0.1029
disponivel,artigo,Undirected,9.00,0.1161
disponivel,parte,Undirected,2.00,0.1294
parametros,artigo,Undirected,3.00,-0.0229
produz,etnografia,Undirected,4.00,0.1408
produz,distancia,Undirected,2.00,0.1182
produz,artigo,Undirected,4.00,-0.0163
covid,artigo,Undirected,5.00,-0.0473
distintos,centro,Undirected,5.00,0.1721
distintos,descreve,Undirected,3.00,0.1268
distintos,secao,Undirected,5.00,0.1419
secao,artigo,Undirected,12.00,0.0641
secao,descreve,Undirected,2.00,0.0024
secao,distancia,Undirected,3.00,0.1187
lugar,artigo,Undirected,2.00,-0.0308
lugar,etnografia,Undirected,3.00,0.1640
etnografia,distancia,Undirected,2.00,0.1276
etnografia,parte,Undirected,4.00,0.1956
artigo,inscrito,Undirected,9.00,0.1369
artigo,descreve,Undirected,10.00,0.0952
artigo,distancia,Undirected,2.00,-0.0183
distancia,centro,Undirected,3.00,0.0989
