Source,Target,Type,Weight,npmi
seguir,latour,Undirected,4.00,0.1067
seguir,ciencia,Undirected,5.00,0.0868
seguir,acao,Undirected,3.00,0.0991
seguir,cientista,Undirected,10.00,0.3103
seguir,etnografia,Undirected,11.00,0.1976
seguir,tecnociencia,Undirected,4.00,0.1378
seguir,associacao,Undirected,20.00,0.2429
seguir,fabio,Undirected,40.00,0.3316
seguir,claudio,Undirected,27.00,0.1493
seguir,trajetoria,Undirected,14.00,0.2101
seguir,infraestrutura,Undirected,2.00,-0.0566
seguir,maquina,Undirected,4.00,-0.0027
seguir,hollerith,Undirected,5.00,0.0344
seguir,ator,Undirected,37.00,0.3533
seguir,rede,Undirected,12.00,0.0451
seguir,lugar,Undirected,3.00,0.0912
seguir,descrevo,Undirected,16.00,0.2908
seguir,resposta,Undirected,2.00,0.0505
seguir,investigacao,Undirected,4.00,0.1482
seguir,historica,Undirected,4.00,0.1207
seguir,levou,Undirected,2.00,0.0735
seguir,diferenca,Undirected,3.00,0.1047
seguir,universidade,Undirected,2.00,-0.0442
seguir,decisao,Undirected,3.00,0.1047
seguir,brasil,Undirected,2.00,-0.0859
seguir,unidos,Undirected,2.00,0.0614
seguir,comercial,Undirected,3.00,0.0838
seguir,escolha,Undirected,7.00,0.2512
seguir,entrevistas,Undirected,4.00,0.0560
seguir,objeto,Undirected,5.00,0.1672
seguir,retomo,Undirected,4.00,0.1685
seguir,campo,Undirected,4.00,-0.0023
seguir,questao,Undirected,4.00,0.1207
seguir,conta,Undirected,3.00,0.1018
seguir,khipu,Undirected,2.00,0.0492
seguir,instituicao,Undirected,2.00,-0.0659
seguir,sigo,Undirected,4.00,0.1112
seguir,plano,Undirected,3.00,0.1032
seguir,ponto,Undirected,3.00,0.0314
seguir,segui,Undirected,9.00,0.2146
seguir,porta,Undirected,9.00,0.2715
seguir,periodo,Undirected,3.00,0.1105
seguir,movimento,Undirected,3.00,0.0693
seguir,abertura,Undirected,3.00,0.1301
seguir,momentos,Undirected,3.00,0.1167
seguir,documentos,Undirected,3.00,0.0887
seguir,corporacao,Undirected,4.00,-0.0341
seguir,arranjo,Undirected,8.00,0.0509
seguir,pessoas,Undirected,3.00,0.1167
seguir,tornou,Undirected,2.00,0.0314
seguir,observacao,Undirected,3.00,0.0991
seguir,mapa,Undirected,2.00,0.0818
seguir,metodo,Undirected,3.00,0.1075
seguir,ecossistema,Undirected,3.00,-0.0342
seguir,conhecimento,Undirected,2.00,-0.0084
seguir,leitura,Undirected,3.00,0.0792
seguir,sistema,Undirected,3.00,0.0391
seguir,tabulacao,Undirected,2.00,0.0079
seguir,estrategia,Undirected,3.00,0.1232
trajetoria,inovacao,Undirected,5.00,0.1264
trajetoria,corporacao,Undirected,18.00,0.2223
trajetoria,rede,Undirected,5.00,-0.0255
trajetoria,acordo,Undirected,4.00,0.1956
trajetoria,fapesp,Undirected,2.00,-0.0398
trajetoria,ecossistema,Undirected,2.00,-0.0406
trajetoria,hollerith,Undirected,9.00,0.1573
trajetoria,mostra,Undirected,2.00,0.0722
trajetoria,porta,Undirected,2.00,0.0992
trajetoria,inscricao,Undirected,9.00,0.2775
trajetoria,ator,Undirected,2.00,-0.0331
trajetoria,historica,Undirected,11.00,0.3173
trajetoria,movimento,Undirected,4.00,0.1450
trajetoria,partir,Undirected,4.00,0.0687
trajetoria,empresa,Undirected,13.00,0.1858
trajetoria,conceito,Undirected,4.00,0.2024
trajetoria,sigo,Undirected,5.00,0.1816
trajetoria,instituicao,Undirected,2.00,-0.0296
trajetoria,propriedade,Undirected,2.00,0.0894
trajetoria,watson,Undirected,2.00,0.0817
trajetoria,pesquisa,Undirected,2.00,-0.1384
trajetoria,levou,Undirected,3.00,0.1612
trajetoria,analise,Undirected,2.00,-0.0122
trajetoria,brasil,Undirected,5.00,0.0560
trajetoria,tecnica,Undirected,3.00,0.1032
trajetoria,comercial,Undirected,7.00,0.2420
trajetoria,tabulacao,Undirected,3.00,0.0926
trajetoria,leitura,Undirected,7.00,0.2369
trajetoria,modelo,Undirected,2.00,-0.0539
trajetoria,momentos,Undirected,3.00,0.1547
trajetoria,descrevo,Undirected,4.00,0.1188
trajetoria,segui,Undirected,3.00,0.1003
trajetoria,negocio,Undirected,2.00,0.0769
trajetoria,deixa,Undirected,6.00,0.2132
trajetoria,ponto,Undirected,5.00,0.1356
trajetoria,unidos,Undirected,2.00,0.0977
trajetoria,fato,Undirected,2.00,0.0868
trajetoria,brasileiro,Undirected,4.00,0.1757
trajetoria,translacao,Undirected,3.00,0.1371
trajetoria,secao,Undirected,11.00,0.3034
trajetoria,projeto,Undirected,3.00,0.1172
trajetoria,termos,Undirected,3.00,0.0724
trajetoria,arranjo,Undirected,3.00,-0.0288
trajetoria,pergunta,Undirected,2.00,-0.0057
trajetoria,disponivel,Undirected,4.00,0.1219
trajetoria,futuro,Undirected,3.00,0.1547
entrevista,claudio,Undirected,23.00,0.3191
entrevista,fontes,Undirected,2.00,0.1805
entrevista,sustenta,Undirected,3.00,0.2745
entrevista,relatorios,Undirected,2.00,0.1355
entrevista,fabio,Undirected,10.00,0.2627
entrevista,linguagem,Undirected,2.00,0.1393
entrevista,informacao,Undirected,2.00,0.1535
entrevista,verbal,Undirected,3.00,0.2228
entrevista,cadeia,Undirected,2.00,0.1805
entrevista,estrategia,Undirected,3.00,0.2745
entrevista,fala,Undirected,2.00,0.1951
entrevista,levou,Undirected,4.00,0.3178
entrevista,pergunta,Undirected,2.00,0.1026
sigo,associacao,Undirected,5.00,0.1566
sigo,rede,Undirected,24.00,0.3050
sigo,infraestrutura,Undirected,2.00,0.0538
sigo,pergunta,Undirected,3.00,0.1178
sigo,segui,Undirected,5.00,0.2507
sigo,ator,Undirected,9.00,0.2454
sigo,campo,Undirected,6.00,0.1733
sigo,latour,Undirected,8.00,0.3355
sigo,objeto,Undirected,3.00,0.2146
sigo,conta,Undirected,2.00,0.1635
sigo,descrevo,Undirected,3.00,0.1596
sigo,ponto,Undirected,2.00,0.0961
sigo,conceito,Undirected,3.00,0.2404
sigo,historia,Undirected,3.00,0.1970
sigo,movimento,Undirected,3.00,0.1849
sigo,calculo,Undirected,3.00,0.2387
sigo,relacoes,Undirected,2.00,0.1418
sigo,fabio,Undirected,4.00,0.0891
sigo,claudio,Undirected,4.00,0.0096
sigo,corte,Undirected,6.00,0.3024
sigo,tornou,Undirected,3.00,0.1947
sigo,vocabulario,Undirected,3.00,0.1970
sigo,secao,Undirected,2.00,0.1635
sigo,censo,Undirected,4.00,0.2616
sigo,modelo,Undirected,3.00,0.0674
sigo,negocio,Undirected,2.00,0.1509
sigo,escala,Undirected,3.00,0.1563
sigo,historica,Undirected,2.00,0.1463
sigo,centro,Undirected,3.00,0.0130
sigo,inteligencia,Undirected,2.00,0.0662
sigo,artificial,Undirected,3.00,0.1062
comercial,cientifico,Undirected,4.00,0.1780
comercial,escolha,Undirected,3.00,0.2548
comercial,analise,Undirected,2.00,0.0706
comercial,hollerith,Undirected,5.00,0.1668
comercial,tecnica,Undirected,19.00,0.5077
comercial,cartoes,Undirected,6.00,0.3480
comercial,tecnologia,Undirected,4.00,0.0887
comercial,periodo,Undirected,2.00,0.1805
comercial,modelo,Undirected,3.00,0.0765
comercial,maquina,Undirected,3.00,0.0892
comercial,historia,Undirected,6.00,0.3098
comercial,estrategia,Undirected,3.00,0.2479
comercial,empresas,Undirected,3.00,0.2085
comercial,deixa,Undirected,2.00,0.1506
comercial,plano,Undirected,3.00,0.2279
comercial,vinculo,Undirected,3.00,0.1606
comercial,estatistica,Undirected,3.00,0.2085
comercial,brasileiro,Undirected,2.00,0.1696
comercial,instituicao,Undirected,2.00,0.0532
comercial,recursos,Undirected,3.00,0.1622
comercial,valor,Undirected,3.00,0.2479
comercial,centro,Undirected,3.00,0.0221
comercial,interesse,Undirected,6.00,0.3463
comercial,relatorio,Undirected,3.00,0.1568
comercial,publicacoes,Undirected,2.00,0.0999
cientifico,modelo,Undirected,2.00,-0.0373
cientifico,publicacoes,Undirected,9.00,0.2368
cientifico,social,Undirected,4.00,0.2258
cientifico,escolha,Undirected,2.00,0.1331
cientifico,rede,Undirected,2.00,-0.1063
cientifico,tecnologia,Undirected,4.00,0.0171
cientifico,partir,Undirected,2.00,0.0045
cientifico,relatorios,Undirected,28.00,0.4497
cientifico,centro,Undirected,19.00,0.2074
cientifico,ciencia,Undirected,2.00,0.0311
cientifico,instituicao,Undirected,8.00,0.1630
cientifico,metodo,Undirected,4.00,0.2025
cientifico,pesquisa,Undirected,12.00,0.0918
cientifico,producao,Undirected,22.00,0.4574
cientifico,financiamento,Undirected,2.00,0.0304
cientifico,vocabulario,Undirected,3.00,0.1369
cientifico,tecnica,Undirected,2.00,0.0711
cientifico,conceito,Undirected,3.00,0.1803
cientifico,corporacao,Undirected,2.00,-0.0542
cientifico,informacao,Undirected,3.00,0.1110
cientifico,secao,Undirected,2.00,0.1061
cientifico,analise,Undirected,4.00,0.0867
cientifico,material,Undirected,2.00,0.0477
cientifico,relatorio,Undirected,14.00,0.3063
cientifico,leitura,Undirected,3.00,0.1346
cientifico,grupo,Undirected,7.00,0.2407
cientifico,deixa,Undirected,2.00,0.0844
cientifico,acesso,Undirected,4.00,0.1269
cientifico,dado,Undirected,6.00,0.0789
cientifico,computacional,Undirected,2.00,0.1144
cientifico,universidade,Undirected,2.00,0.0088
cientifico,claudio,Undirected,2.00,-0.1242
corte,rede,Undirected,23.00,0.3087
corte,diferenca,Undirected,7.00,0.3610
corte,propriedade,Undirected,4.00,0.2682
corte,plano,Undirected,3.00,0.2279
corte,codigo,Undirected,7.00,0.3097
corte,fabio,Undirected,2.00,0.0154
corte,descreve,Undirected,3.00,0.1622
corte,parte,Undirected,2.00,0.0817
corte,inteligencia,Undirected,2.00,0.0749
corte,artificial,Undirected,3.00,0.1154
corte,torna,Undirected,3.00,0.2293
corte,aberto,Undirected,4.00,0.2272
corte,dado,Undirected,2.00,0.0157
corte,etnografia,Undirected,4.00,0.1835
corte,sustenta,Undirected,2.00,0.1927
corte,ator,Undirected,2.00,0.0497
corte,campo,Undirected,3.00,0.0896
corte,conhecimento,Undirected,2.00,0.1108
corte,estados,Undirected,3.00,0.2134
corte,unidos,Undirected,2.00,0.1805
corte,software,Undirected,3.00,0.2479
corte,vinculo,Undirected,2.00,0.1093
lado,corporacao,Undirected,3.00,0.1034
lado,tecnologia,Undirected,2.00,0.0489
lado,conta,Undirected,5.00,0.2710
lado,material,Undirected,3.00,0.2099
lado,tecnociencia,Undirected,5.00,0.2696
lado,maior,Undirected,6.00,0.2589
lado,laboratorio,Undirected,2.00,0.0855
lado,associacao,Undirected,3.00,0.1428
lado,hollerith,Undirected,2.00,0.0927
lado,mercado,Undirected,3.00,0.2738
lado,modelo,Undirected,2.00,0.0714
lado,relatorio,Undirected,2.00,0.1481
unidos,cartoes,Undirected,2.00,0.2119
unidos,estados,Undirected,54.00,0.8509
unidos,censo,Undirected,4.00,0.2987
unidos,ponto,Undirected,3.00,0.1827
unidos,hollerith,Undirected,3.00,0.1254
unidos,maquina,Undirected,5.00,0.1849
unidos,decisao,Undirected,3.00,0.2560
unidos,levou,Undirected,3.00,0.2745
unidos,brasil,Undirected,6.00,0.2030
unidos,estudantes,Undirected,3.00,0.2680
unidos,acesso,Undirected,4.00,0.2260
unidos,sustenta,Undirected,3.00,0.2745
unidos,disponivel,Undirected,3.00,0.2352
unidos,claudio,Undirected,3.00,0.0123
unidos,informacao,Undirected,2.00,0.1535
unidos,fechamento,Undirected,2.00,0.1852
unidos,termo,Undirected,2.00,0.2060
recursos,infraestrutura,Undirected,6.00,0.1570
recursos,computacional,Undirected,3.00,0.1889
recursos,centro,Undirected,5.00,0.0363
recursos,financiamento,Undirected,6.00,0.1957
recursos,latour,Undirected,2.00,0.0979
recursos,fapesp,Undirected,11.00,0.2270
recursos,tecnologia,Undirected,3.00,0.0066
recursos,escala,Undirected,2.00,0.0696
recursos,software,Undirected,3.00,0.2016
recursos,empresa,Undirected,4.00,0.0625
recursos,decisao,Undirected,2.00,0.1307
recursos,tecnica,Undirected,3.00,0.1436
recursos,estudantes,Undirected,2.00,0.1422
recursos,modelo,Undirected,3.00,0.0302
recursos,pesquisa,Undirected,2.00,-0.0998
recursos,gente,Undirected,3.00,0.1542
recursos,projetos,Undirected,4.00,0.2293
recursos,interesse,Undirected,4.00,0.2340
recursos,corporacao,Undirected,5.00,0.0753
recursos,analise,Undirected,2.00,0.0264
recursos,metodo,Undirected,3.00,0.1859
recursos,material,Undirected,2.00,0.0696
recursos,materiais,Undirected,3.00,0.2016
recursos,frentes,Undirected,7.00,0.3051
recursos,maior,Undirected,2.00,0.0768
recursos,publico,Undirected,4.00,0.0610
recursos,partir,Undirected,2.00,0.0264
recursos,linguas,Undirected,2.00,0.1334
recursos,indigenas,Undirected,3.00,0.1904
recursos,linguagem,Undirected,6.00,0.2153
recursos,natural,Undirected,4.00,0.2424
recursos,parte,Undirected,3.00,0.0854
grupo,pesquisa,Undirected,22.00,0.2551
grupo,parte,Undirected,4.00,0.1509
grupo,obia,Undirected,11.00,0.4434
grupo,fontes,Undirected,2.00,0.1372
grupo,gente,Undirected,3.00,0.1818
grupo,vinculo,Undirected,3.00,0.1420
grupo,processamento,Undirected,3.00,0.2051
grupo,linguagem,Undirected,2.00,0.0960
grupo,producao,Undirected,11.00,0.3814
grupo,dado,Undirected,4.00,0.0796
grupo,maior,Undirected,5.00,0.1936
grupo,publicacoes,Undirected,3.00,0.1323
grupo,mostra,Undirected,3.00,0.1899
grupo,relatorio,Undirected,8.00,0.2817
grupo,computacional,Undirected,3.00,0.2166
grupo,frentes,Undirected,2.00,0.1531
grupo,posicao,Undirected,3.00,0.1607
grupo,fapesp,Undirected,2.00,0.0252
grupo,laboratorio,Undirected,2.00,0.0252
grupo,claudio,Undirected,2.00,-0.0758
grupo,brasil,Undirected,7.00,0.1538
grupo,industria,Undirected,3.00,0.1998
grupo,saude,Undirected,3.00,0.1663
cadeia,translacao,Undirected,12.00,0.4539
cadeia,conceito,Undirected,6.00,0.3570
cadeia,objeto,Undirected,5.00,0.2995
cadeia,ator,Undirected,3.00,0.0983
cadeia,inscricao,Undirected,12.00,0.4302
cadeia,dado,Undirected,3.00,0.0628
cadeia,posicao,Undirected,3.00,0.1793
cadeia,arranjo,Undirected,2.00,0.0111
cadeia,pesquisa,Undirected,2.00,-0.0556
cadeia,corporacao,Undirected,5.00,0.1244
cadeia,valor,Undirected,3.00,0.2479
cadeia,secao,Undirected,2.00,0.1722
cadeia,historica,Undirected,3.00,0.2085
cadeia,deixa,Undirected,2.00,0.1506
cadeia,mostra,Undirected,3.00,0.2085
cadeia,publico,Undirected,6.00,0.1646
cadeia,relacoes,Undirected,4.00,0.2447
cadeia,cientista,Undirected,3.00,0.2548
cadeia,censo,Undirected,3.00,0.2293
cadeia,rede,Undirected,2.00,-0.0402
cadeia,processamento,Undirected,3.00,0.2237
tornou,etnografia,Undirected,4.00,0.1786
tornou,rede,Undirected,5.00,0.0615
tornou,frentes,Undirected,2.00,0.1664
tornou,dinheiro,Undirected,2.00,0.1638
tornou,centro,Undirected,8.00,0.1049
tornou,corporacao,Undirected,3.00,0.0542
tornou,pesquisa,Undirected,5.00,0.0444
tornou,campo,Undirected,3.00,0.0849
tornou,retomo,Undirected,2.00,0.1948
tornou,vinculo,Undirected,3.00,0.1560
tornou,investigacao,Undirected,4.00,0.2723
tornou,historica,Undirected,6.00,0.3073
tornou,cientista,Undirected,2.00,0.1948
tornou,ator,Undirected,3.00,0.0936
tornou,tecnologia,Undirected,5.00,0.1132
tornou,maior,Undirected,2.00,0.1166
tornou,movimento,Undirected,3.00,0.1367
tornou,watson,Undirected,3.00,0.2138
tornou,levou,Undirected,2.00,0.1882
tornou,arranjo,Undirected,8.00,0.1861
tornou,fapesp,Undirected,3.00,0.0866
tornou,publico,Undirected,6.00,0.1596
tornou,dezembro,Undirected,3.00,0.2432
tornou,claudio,Undirected,2.00,-0.0625
modelo,ecossistema,Undirected,5.00,0.0178
modelo,pesquisa,Undirected,2.00,-0.1817
modelo,torno,Undirected,3.00,0.1159
modelo,negocio,Undirected,21.00,0.3903
modelo,empresa,Undirected,3.00,-0.0581
modelo,claudio,Undirected,2.00,-0.1842
modelo,artificial,Undirected,4.00,0.0168
modelo,codigo,Undirected,12.00,0.2487
modelo,aberto,Undirected,9.00,0.2062
modelo,processamento,Undirected,4.00,0.1288
modelo,tecnologia,Undirected,4.00,-0.0478
modelo,descrevo,Undirected,3.00,0.0367
modelo,publico,Undirected,3.00,-0.0596
modelo,publicacoes,Undirected,9.00,0.1650
modelo,pesquisador,Undirected,6.00,0.0731
modelo,parte,Undirected,3.00,-0.0003
modelo,fapesp,Undirected,6.00,0.0417
modelo,dado,Undirected,23.00,0.2129
modelo,termos,Undirected,2.00,-0.0184
modelo,torna,Undirected,3.00,0.0973
modelo,segui,Undirected,2.00,0.0082
modelo,linguagem,Undirected,26.00,0.3716
modelo,laboratorio,Undirected,6.00,0.0417
modelo,sistemas,Undirected,2.00,0.0244
modelo,inteligencia,Undirected,2.00,-0.0512
modelo,servicos,Undirected,2.00,0.0447
modelo,vinculo,Undirected,3.00,0.0286
modelo,universidade,Undirected,2.00,-0.0512
modelo,investimento,Undirected,3.00,0.0917
modelo,descreve,Undirected,3.00,0.0302
modelo,censo,Undirected,4.00,0.1346
modelo,arranjos,Undirected,2.00,0.0731
modelo,material,Undirected,3.00,0.0334
modelo,logica,Undirected,5.00,0.1537
modelo,desenvolvimento,Undirected,4.00,0.1233
modelo,mercado,Undirected,4.00,0.1346
modelo,computacional,Undirected,3.00,0.1032
modelo,software,Undirected,3.00,0.1159
modelo,escala,Undirected,2.00,-0.0123
modelo,watson,Undirected,7.00,0.2028
modelo,centro,Undirected,3.00,-0.1099
modelo,inscricao,Undirected,2.00,0.0244
modelo,sistema,Undirected,2.00,-0.0139
modelo,propriedade,Undirected,3.00,0.0945
modelo,arranjo,Undirected,3.00,-0.0741
modelo,acesso,Undirected,2.00,-0.0184
modelo,projeto,Undirected,3.00,0.0718
modelo,pergunta,Undirected,2.00,-0.0490
modelo,fontes,Undirected,2.00,0.0289
modelo,futuro,Undirected,3.00,0.1093
modelo,escolha,Undirected,5.00,0.1228
modelo,parceria,Undirected,2.00,0.0201
modelo,resposta,Undirected,2.00,0.0434
mundo,desenvolvimento,Undirected,3.00,0.2595
mundo,codigo,Undirected,2.00,0.1699
mundo,aberto,Undirected,3.00,0.2280
mundo,ciencia,Undirected,3.00,0.1891
mundo,tecnologia,Undirected,5.00,0.1617
mundo,maquina,Undirected,6.00,0.2274
mundo,hollerith,Undirected,3.00,0.1398
mundo,deixa,Undirected,3.00,0.2449
mundo,inteligencia,Undirected,2.00,0.1142
mundo,artificial,Undirected,3.00,0.1564
mundo,arranjos,Undirected,5.00,0.3399
mundo,dinheiro,Undirected,2.00,0.2075
mundo,linguagem,Undirected,4.00,0.2475
mundo,pratica,Undirected,2.00,0.1500
mundo,corporacao,Undirected,3.00,0.0999
mundo,pergunta,Undirected,3.00,0.1681
interesses,porta,Undirected,4.00,0.3127
interesses,ponto,Undirected,3.00,0.1889
interesses,financiamento,Undirected,5.00,0.2533
interesses,rede,Undirected,2.00,-0.0088
interesses,servicos,Undirected,2.00,0.2023
interesses,corporacao,Undirected,12.00,0.2970
interesses,fapesp,Undirected,4.00,0.1623
interesses,dinheiro,Undirected,3.00,0.2552
interesses,latour,Undirected,3.00,0.2279
interesses,pergunta,Undirected,2.00,0.1085
interesses,pessoas,Undirected,2.00,0.2178
interesses,sistema,Undirected,2.00,0.1437
interesses,pesquisa,Undirected,7.00,0.1304
interesses,industria,Undirected,3.00,0.2513
interesses,empresa,Undirected,2.00,0.0578
interesses,publicacoes,Undirected,2.00,0.1313
interesses,fontes,Undirected,2.00,0.1864
interesses,periodo,Undirected,2.00,0.2119
empresas,tecnociencia,Undirected,2.00,0.1709
empresas,tecnologia,Undirected,18.00,0.3237
empresas,centro,Undirected,4.00,0.0568
empresas,mercado,Undirected,2.00,0.1749
empresas,ponto,Undirected,3.00,0.1560
empresas,ator,Undirected,2.00,0.0497
empresas,pesquisa,Undirected,2.00,-0.0556
empresas,universidade,Undirected,5.00,0.1943
empresas,ecossistema,Undirected,2.00,0.0422
empresas,parte,Undirected,2.00,0.0817
empresas,resposta,Undirected,2.00,0.1696
empresas,pratica,Undirected,2.00,0.1108
empresas,vinculo,Undirected,2.00,0.1093
empresas,descrevo,Undirected,3.00,0.1687
empresas,producao,Undirected,2.00,0.1422
empresas,infraestrutura,Undirected,3.00,0.1117
empresas,entrevistas,Undirected,2.00,0.0952
empresas,ecossistemas,Undirected,2.00,0.1864
empresas,relatorio,Undirected,3.00,0.1568
empresas,projeto,Undirected,2.00,0.1506
empresas,brasil,Undirected,2.00,0.0332
empresas,informacao,Undirected,2.00,0.1280
publico,saude,Undirected,6.00,0.1390
publico,evento,Undirected,4.00,0.1428
publico,convenio,Undirected,3.00,0.1187
publico,dado,Undirected,5.00,-0.0159
publico,vinculo,Undirected,11.00,0.2031
publico,dezembro,Undirected,9.00,0.2713
publico,fala,Undirected,3.00,0.0877
publico,rede,Undirected,5.00,-0.0780
publico,universidade,Undirected,29.00,0.3343
publico,pesquisador,Undirected,5.00,0.0451
publico,infraestrutura,Undirected,5.00,0.0361
publico,codigo,Undirected,9.00,0.1972
publico,aberto,Undirected,5.00,0.1159
publico,social,Undirected,3.00,0.1187
publico,sistema,Undirected,2.00,-0.0177
publico,pesquisa,Undirected,18.00,0.0713
publico,analise,Undirected,3.00,-0.0158
publico,fabio,Undirected,5.00,-0.0162
publico,claudio,Undirected,5.00,-0.0978
publico,pergunta,Undirected,3.00,-0.0091
publico,corporacao,Undirected,16.00,0.1409
publico,centro,Undirected,11.00,0.0404
publico,arranjo,Undirected,11.00,0.0824
publico,entrevistas,Undirected,6.00,0.0967
publico,observacao,Undirected,2.00,0.0396
publico,decisao,Undirected,4.00,0.1304
publico,relatorio,Undirected,3.00,0.0207
publico,questao,Undirected,4.00,0.1089
publico,ponto,Undirected,4.00,0.0546
publico,documentos,Undirected,6.00,0.1699
publico,instituicao,Undirected,14.00,0.1721
publico,etnografia,Undirected,4.00,0.0428
publico,laboratorio,Undirected,4.00,-0.0123
publico,porta,Undirected,2.00,0.0519
publico,obia,Undirected,2.00,0.0626
publico,relatorios,Undirected,4.00,0.0602
publico,historia,Undirected,3.00,0.0701
publico,partir,Undirected,3.00,-0.0158
publico,fapesp,Undirected,4.00,-0.0123
publico,investimento,Undirected,6.00,0.1812
publico,relacao,Undirected,5.00,0.1191
publico,desenvolvimento,Undirected,2.00,0.0345
publico,tecnologia,Undirected,4.00,-0.0520
publico,financiamento,Undirected,12.00,0.2015
publico,arranjos,Undirected,5.00,0.1880
publico,relacoes,Undirected,6.00,0.1596
publico,inovacao,Undirected,3.00,0.0113
publico,interesse,Undirected,6.00,0.1721
publico,producao,Undirected,2.00,0.0121
publico,brasil,Undirected,6.00,0.0263
publico,computacional,Undirected,2.00,0.0505
publico,movimento,Undirected,2.00,0.0111
publico,secao,Undirected,2.00,0.0422
publico,diferenca,Undirected,2.00,0.0449
publico,ciencia,Undirected,2.00,-0.0328
publico,campo,Undirected,2.00,-0.0887
publico,parte,Undirected,3.00,-0.0043
instituicao,corporacao,Undirected,12.00,0.1314
instituicao,arranjo,Undirected,9.00,0.0878
instituicao,vinculo,Undirected,9.00,0.2053
instituicao,relacoes,Undirected,10.00,0.2722
instituicao,materiais,Undirected,7.00,0.2636
instituicao,conta,Undirected,3.00,0.1200
instituicao,infraestrutura,Undirected,6.00,0.0916
instituicao,acesso,Undirected,5.00,0.1177
instituicao,fabio,Undirected,3.00,-0.0441
instituicao,claudio,Undirected,4.00,-0.0910
instituicao,posicao,Undirected,2.00,0.0253
instituicao,centro,Undirected,7.00,0.0137
instituicao,relacao,Undirected,5.00,0.1505
instituicao,pesquisa,Undirected,7.00,-0.0239
instituicao,mercado,Undirected,3.00,0.1228
instituicao,fapesp,Undirected,8.00,0.1089
instituicao,tecnologia,Undirected,3.00,-0.0536
instituicao,parceria,Undirected,2.00,0.0445
instituicao,watson,Undirected,2.00,0.0627
instituicao,porta,Undirected,2.00,0.0802
instituicao,ecossistemas,Undirected,2.00,0.0846
instituicao,tecnica,Undirected,2.00,0.0354
instituicao,universidade,Undirected,12.00,0.1805
instituicao,arranjos,Undirected,5.00,0.2194
instituicao,servicos,Undirected,2.00,0.0691
instituicao,ecossistema,Undirected,2.00,-0.0596
instituicao,financiamento,Undirected,3.00,0.0408
instituicao,brasil,Undirected,5.00,0.0349
instituicao,escala,Undirected,3.00,0.0589
instituicao,convenio,Undirected,5.00,0.2194
instituicao,base,Undirected,2.00,0.0731
instituicao,tabulacao,Undirected,2.00,0.0253
instituicao,pratica,Undirected,2.00,0.0090
instituicao,historia,Undirected,3.00,0.0996
instituicao,informacao,Undirected,3.00,0.0737
instituicao,material,Undirected,4.00,0.0949
instituicao,descrevo,Undirected,3.00,0.0622
instituicao,dado,Undirected,2.00,-0.0861
instituicao,saude,Undirected,6.00,0.1711
instituicao,relatorios,Undirected,4.00,0.0907
instituicao,analise,Undirected,2.00,-0.0312
instituicao,documentos,Undirected,3.00,0.1068
instituicao,projeto,Undirected,2.00,0.0488
instituicao,relatorio,Undirected,2.00,0.0038
inteligencia,tecnicas,Undirected,2.00,0.0844
inteligencia,pesquisa,Undirected,10.00,0.0485
inteligencia,artificial,Undirected,150.00,0.8644
inteligencia,ecossistema,Undirected,12.00,0.1959
inteligencia,inovacao,Undirected,11.00,0.2488
inteligencia,ecossistemas,Undirected,4.00,0.1968
inteligencia,secao,Undirected,2.00,0.0921
inteligencia,laboratorio,Undirected,6.00,0.0940
inteligencia,deixa,Undirected,2.00,0.0705
inteligencia,escala,Undirected,2.00,0.0337
inteligencia,historia,Undirected,2.00,0.0727
inteligencia,computacao,Undirected,10.00,0.2540
inteligencia,sustenta,Undirected,3.00,0.1641
inteligencia,levou,Undirected,2.00,0.1125
inteligencia,maquina,Undirected,12.00,0.1944
inteligencia,futuro,Undirected,3.00,0.1575
inteligencia,brasileiro,Undirected,18.00,0.4332
inteligencia,obia,Undirected,10.00,0.3496
inteligencia,linguas,Undirected,2.00,0.0976
inteligencia,estrategia,Undirected,2.00,0.1125
inteligencia,tecnologia,Undirected,6.00,0.0524
inteligencia,empresa,Undirected,5.00,0.0514
inteligencia,brasil,Undirected,4.00,0.0311
inteligencia,termos,Undirected,2.00,0.0277
inteligencia,evento,Undirected,2.00,0.1063
inteligencia,torno,Undirected,4.00,0.2036
inteligencia,estatistica,Undirected,2.00,0.0749
inteligencia,centro,Undirected,28.00,0.2596
inteligencia,aprendizado,Undirected,12.00,0.3626
inteligencia,saude,Undirected,6.00,0.1958
inteligencia,fapesp,Undirected,2.00,-0.0371
fontes,conjunto,Undirected,3.00,0.2413
fontes,ciencia,Undirected,2.00,0.0972
fontes,campo,Undirected,3.00,0.0896
fontes,secao,Undirected,3.00,0.2265
fontes,arranjo,Undirected,4.00,0.0938
fontes,metodo,Undirected,3.00,0.2322
fontes,sustenta,Undirected,3.00,0.2479
fontes,conhecimento,Undirected,3.00,0.1622
fontes,gente,Undirected,2.00,0.1473
fontes,tecnologia,Undirected,3.00,0.0529
fontes,etnografia,Undirected,3.00,0.1446
fontes,financiamento,Undirected,16.00,0.4185
fontes,verbal,Undirected,5.00,0.2702
fontes,acordo,Undirected,2.00,0.1879
fontes,informacao,Undirected,2.00,0.1280
fontes,pesquisa,Undirected,3.00,-0.0118
fontes,posicao,Undirected,2.00,0.1271
fontes,logica,Undirected,2.00,0.1645
fontes,dado,Undirected,3.00,0.0628
fontes,arranjos,Undirected,3.00,0.2548
fontes,saude,Undirected,2.00,0.1325
fontes,levou,Undirected,2.00,0.1927
fontes,materiais,Undirected,3.00,0.2479
associacao,tecnociencia,Undirected,4.00,0.1528
associacao,fabio,Undirected,10.00,0.1040
associacao,claudio,Undirected,10.00,0.0010
associacao,corporacao,Undirected,2.00,-0.0933
associacao,campo,Undirected,6.00,0.0635
associacao,rede,Undirected,23.00,0.1574
associacao,sustenta,Undirected,2.00,0.0873
associacao,ator,Undirected,6.00,0.0730
associacao,actante,Undirected,6.00,0.1940
associacao,descrevo,Undirected,9.00,0.2104
associacao,segui,Undirected,9.00,0.1920
associacao,codigo,Undirected,3.00,0.0253
associacao,aberto,Undirected,5.00,0.0767
associacao,questao,Undirected,3.00,0.0497
associacao,escolha,Undirected,2.00,0.0939
associacao,pergunta,Undirected,4.00,0.0513
associacao,levou,Undirected,3.00,0.1377
associacao,descreve,Undirected,4.00,0.0877
associacao,parte,Undirected,5.00,0.0848
associacao,pesquisador,Undirected,3.00,0.0100
associacao,retomo,Undirected,3.00,0.1446
associacao,ecossistemas,Undirected,2.00,0.0811
associacao,arranjo,Undirected,9.00,0.0836
associacao,pesquisa,Undirected,3.00,-0.1220
associacao,investigacao,Undirected,2.00,0.0752
associacao,sistema,Undirected,2.00,0.0070
associacao,mapa,Undirected,16.00,0.3461
associacao,movimento,Undirected,2.00,0.0358
associacao,inscricao,Undirected,4.00,0.1308
associacao,plano,Undirected,2.00,0.0682
associacao,computacional,Undirected,3.00,0.1250
associacao,fala,Undirected,2.00,0.0643
associacao,material,Undirected,3.00,0.0552
associacao,relacoes,Undirected,2.00,0.0452
associacao,conjunto,Undirected,3.00,0.1311
associacao,materiais,Undirected,3.00,0.1377
associacao,tecnicas,Undirected,2.00,0.0592
associacao,brasileiro,Undirected,2.00,0.0643
associacao,termos,Undirected,2.00,0.0024
associacao,disponivel,Undirected,2.00,0.0497
associacao,fapesp,Undirected,2.00,-0.0624
brasileiro,artificial,Undirected,12.00,0.3433
brasileiro,obia,Undirected,5.00,0.3414
brasileiro,escala,Undirected,2.00,0.1284
brasileiro,brasil,Undirected,3.00,0.0963
brasileiro,fechamento,Undirected,8.00,0.3836
brasileiro,laboratorio,Undirected,12.00,0.3146
brasileiro,vinculo,Undirected,6.00,0.2769
brasileiro,translacao,Undirected,2.00,0.1842
brasileiro,natural,Undirected,2.00,0.2072
brasileiro,termos,Undirected,3.00,0.1743
brasileiro,arranjo,Undirected,4.00,0.1096
brasileiro,pesquisa,Undirected,2.00,-0.0410
brasileiro,convenio,Undirected,3.00,0.2700
brasileiro,fapesp,Undirected,2.00,0.0575
brasileiro,descrevo,Undirected,3.00,0.1840
relatorios,etnografia,Undirected,4.00,0.1348
relatorios,documentos,Undirected,8.00,0.3134
relatorios,acordo,Undirected,3.00,0.1959
relatorios,lugar,Undirected,2.00,0.1171
relatorios,partir,Undirected,17.00,0.3382
relatorios,centro,Undirected,14.00,0.1832
relatorios,fapesp,Undirected,5.00,0.1089
relatorios,acesso,Undirected,5.00,0.1497
relatorios,retomo,Undirected,3.00,0.2077
relatorios,campo,Undirected,3.00,0.0425
relatorios,descreve,Undirected,3.00,0.1151
relatorios,analise,Undirected,7.00,0.1881
relatorios,bluetalks,Undirected,3.00,0.1398
relatorios,publicacoes,Undirected,5.00,0.1722
relatorios,corporacao,Undirected,3.00,0.0117
relatorios,entrevistas,Undirected,12.00,0.3055
relatorios,frentes,Undirected,2.00,0.1259
relatorios,base,Undirected,6.00,0.2838
relatorios,deixa,Undirected,3.00,0.1567
relatorios,saude,Undirected,5.00,0.2083
relatorios,ponto,Undirected,2.00,0.0599
relatorios,relatorio,Undirected,3.00,0.1097
relatorios,producao,Undirected,4.00,0.1869
relatorios,pesquisa,Undirected,4.00,-0.0270
relatorios,fabio,Undirected,2.00,-0.0296
relatorios,claudio,Undirected,4.00,-0.0615
relatorios,projetos,Undirected,2.00,0.1355
relatorios,dado,Undirected,2.00,-0.0293
momentos,entrevistas,Undirected,2.00,0.1266
momentos,publicacoes,Undirected,3.00,0.1837
momentos,descreve,Undirected,3.00,0.1950
momentos,actante,Undirected,2.00,0.1876
momentos,ponto,Undirected,2.00,0.1363
momentos,translacao,Undirected,6.00,0.3646
momentos,secao,Undirected,3.00,0.2593
momentos,tabulacao,Undirected,2.00,0.1585
momentos,descrevo,Undirected,3.00,0.2016
momentos,dado,Undirected,2.00,0.0471
momentos,tecnologia,Undirected,2.00,0.0377
momentos,empresa,Undirected,3.00,0.1068
momentos,fabio,Undirected,4.00,0.1325
momentos,claudio,Undirected,2.00,-0.0266
momentos,indigenas,Undirected,3.00,0.2695
momentos,fala,Undirected,3.00,0.2566
momentos,ator,Undirected,2.00,0.0811
momentos,pesquisa,Undirected,3.00,0.0210
hollerith,infraestrutura,Undirected,3.00,0.0020
hollerith,maquina,Undirected,45.00,0.4178
hollerith,ator,Undirected,2.00,-0.0552
hollerith,parceria,Undirected,4.00,0.1266
hollerith,tabulacao,Undirected,39.00,0.5125
hollerith,tecnociencia,Undirected,4.00,0.1532
hollerith,cartoes,Undirected,9.00,0.2939
hollerith,cientista,Undirected,2.00,0.0944
hollerith,levou,Undirected,6.00,0.2359
hollerith,rede,Undirected,10.00,0.0371
hollerith,pergunta,Undirected,5.00,0.0803
hollerith,mostra,Undirected,3.00,0.0987
hollerith,entrevistas,Undirected,2.00,-0.0096
hollerith,khipu,Undirected,6.00,0.2083
hollerith,censo,Undirected,6.00,0.2158
hollerith,partir,Undirected,6.00,0.0973
hollerith,empresa,Undirected,11.00,0.1321
hollerith,diferenca,Undirected,3.00,0.1196
hollerith,questao,Undirected,4.00,0.1361
hollerith,movimento,Undirected,3.00,0.0842
hollerith,relacao,Undirected,5.00,0.1470
hollerith,watson,Undirected,11.00,0.3018
hollerith,grupos,Undirected,3.00,0.1167
hollerith,corporacao,Undirected,5.00,0.0079
hollerith,vida,Undirected,2.00,0.0742
hollerith,sistema,Undirected,20.00,0.3355
hollerith,tecnica,Undirected,3.00,0.0801
hollerith,arranjo,Undirected,2.00,-0.0938
hollerith,pratica,Undirected,4.00,0.0882
hollerith,descrevo,Undirected,2.00,0.0121
hollerith,estados,Undirected,3.00,0.1036
hollerith,decisao,Undirected,2.00,0.0700
hollerith,computacao,Undirected,5.00,0.1211
hollerith,tecnicas,Undirected,2.00,0.0596
hollerith,translacao,Undirected,5.00,0.1830
saude,social,Undirected,2.00,0.1767
saude,sistema,Undirected,2.00,0.0898
saude,acesso,Undirected,2.00,0.0853
saude,vida,Undirected,2.00,0.1566
saude,frentes,Undirected,3.00,0.2015
saude,projetos,Undirected,2.00,0.1580
saude,pesquisa,Undirected,12.00,0.1030
saude,levou,Undirected,2.00,0.1701
saude,mercado,Undirected,8.00,0.3349
saude,servicos,Undirected,3.00,0.2015
saude,watson,Undirected,2.00,0.1420
saude,pratica,Undirected,2.00,0.0882
saude,parte,Undirected,3.00,0.1082
saude,partir,Undirected,2.00,0.0481
saude,centro,Undirected,5.00,0.0604
saude,artificial,Undirected,9.00,0.2484
saude,fapesp,Undirected,6.00,0.1595
saude,arranjos,Undirected,3.00,0.2312
saude,industria,Undirected,4.00,0.2355
maior,mostra,Undirected,3.00,0.1730
maior,rede,Undirected,6.00,0.0521
maior,analise,Undirected,3.00,0.0847
maior,parte,Undirected,9.00,0.2535
maior,khipu,Undirected,2.00,0.1344
maior,ciencia,Undirected,4.00,0.1503
maior,cientista,Undirected,2.00,0.1653
maior,empresa,Undirected,4.00,0.0737
maior,partir,Undirected,2.00,0.0367
maior,periodo,Undirected,2.00,0.1466
maior,linguas,Undirected,2.00,0.1438
maior,dado,Undirected,3.00,0.0273
maior,interesse,Undirected,2.00,0.1510
maior,frentes,Undirected,4.00,0.2300
maior,publicacoes,Undirected,4.00,0.1533
maior,producao,Undirected,2.00,0.1082
maior,pessoas,Undirected,2.00,0.1525
maior,arranjo,Undirected,2.00,-0.0229
maior,pesquisador,Undirected,2.00,0.0367
maior,claudio,Undirected,2.00,-0.0919
maior,tecnologia,Undirected,2.00,-0.0276
maior,fechamento,Undirected,3.00,0.1779
maior,laboratorio,Undirected,6.00,0.1465
maior,brasil,Undirected,2.00,-0.0007
maior,escala,Undirected,6.00,0.2270
maior,ecossistemas,Undirected,3.00,0.2058
maior,termos,Undirected,7.00,0.2439
futuro,tecnologia,Undirected,5.00,0.1530
futuro,movimento,Undirected,2.00,0.1726
futuro,maquina,Undirected,3.00,0.1220
futuro,artificial,Undirected,2.00,0.0974
futuro,empresa,Undirected,3.00,0.1068
futuro,pesquisa,Undirected,2.00,-0.0242
futuro,inovacao,Undirected,2.00,0.1280
futuro,ponto,Undirected,3.00,0.1889
futuro,logica,Undirected,2.00,0.1959
futuro,claudio,Undirected,3.00,0.0185
futuro,sustenta,Undirected,2.00,0.2240
futuro,ecossistema,Undirected,2.00,0.0736
futuro,corporacao,Undirected,2.00,0.0434
sustenta,tecnologia,Undirected,2.00,0.0439
sustenta,etnografia,Undirected,4.00,0.2242
sustenta,laboratorio,Undirected,2.00,0.0806
sustenta,arranjo,Undirected,7.00,0.2148
sustenta,infraestrutura,Undirected,3.00,0.1511
sustenta,dado,Undirected,4.00,0.1396
sustenta,artificial,Undirected,2.00,0.1036
sustenta,metodo,Undirected,2.00,0.2153
sustenta,pesquisa,Undirected,2.00,-0.0179
sustenta,latour,Undirected,3.00,0.2344
sustenta,diferenca,Undirected,2.00,0.2125
sustenta,historia,Undirected,3.00,0.2455
sustenta,resposta,Undirected,2.00,0.2072
sustenta,estados,Undirected,2.00,0.1973
sustenta,brasil,Undirected,3.00,0.1205
sustenta,claudio,Undirected,3.00,0.0250
sustenta,informacao,Undirected,2.00,0.1656
sustenta,pesquisador,Undirected,2.00,0.1083
sustenta,financiamento,Undirected,2.00,0.1342
ciencia,tecnologia,Undirected,30.00,0.3465
ciencia,latour,Undirected,7.00,0.2561
ciencia,acao,Undirected,6.00,0.2633
ciencia,cientista,Undirected,5.00,0.2683
ciencia,escala,Undirected,2.00,0.0561
ciencia,dado,Undirected,13.00,0.2039
ciencia,estatistica,Undirected,6.00,0.2467
ciencia,conhecimento,Undirected,2.00,0.0530
ciencia,pesquisa,Undirected,8.00,0.0447
ciencia,fato,Undirected,2.00,0.1118
ciencia,resposta,Undirected,4.00,0.2028
ciencia,laboratorio,Undirected,5.00,0.0947
ciencia,relacao,Undirected,2.00,0.0794
ciencia,pesquisador,Undirected,3.00,0.0597
ciencia,investigacao,Undirected,3.00,0.1747
ciencia,corporacao,Undirected,2.00,-0.0458
ciencia,inovacao,Undirected,2.00,0.0388
ciencia,etnografia,Undirected,4.00,0.1210
ciencia,segui,Undirected,2.00,0.0766
ciencia,mostra,Undirected,3.00,0.1480
ciencia,computacao,Undirected,8.00,0.2443
ciencia,humano,Undirected,3.00,0.1058
inscricao,humano,Undirected,5.00,0.1616
inscricao,dinheiro,Undirected,3.00,0.2177
inscricao,ator,Undirected,2.00,0.0452
inscricao,fapesp,Undirected,2.00,0.0385
inscricao,acesso,Undirected,3.00,0.1544
inscricao,actante,Undirected,3.00,0.2050
inscricao,acao,Undirected,3.00,0.2191
inscricao,movimento,Undirected,3.00,0.1893
inscricao,rede,Undirected,9.00,0.1257
inscricao,bluetalks,Undirected,4.00,0.2224
inscricao,materiais,Undirected,2.00,0.1882
inscricao,relacoes,Undirected,2.00,0.1461
inscricao,producao,Undirected,3.00,0.1904
inscricao,centro,Undirected,2.00,-0.0276
inscricao,tecnicas,Undirected,3.00,0.2138
inscricao,cartoes,Undirected,2.00,0.1820
inscricao,descrevo,Undirected,3.00,0.1641
inscricao,analise,Undirected,3.00,0.1155
inscricao,vocabulario,Undirected,2.00,0.1483
inscricao,pergunta,Undirected,5.00,0.1918
inscricao,conceito,Undirected,2.00,0.1898
frentes,research,Undirected,2.00,0.1622
frentes,pergunta,Undirected,4.00,0.1824
frentes,historica,Undirected,2.00,0.1709
frentes,campo,Undirected,3.00,0.1062
frentes,pesquisa,Undirected,6.00,0.0912
frentes,entrevistas,Undirected,4.00,0.2021
frentes,fabio,Undirected,2.00,0.0313
frentes,parte,Undirected,2.00,0.0975
frentes,financiamento,Undirected,2.00,0.1125
frentes,descreve,Undirected,4.00,0.2188
frentes,tecnicas,Undirected,6.00,0.3412
frentes,laboratorio,Undirected,5.00,0.1455
frentes,grupos,Undirected,2.00,0.1881
frentes,arranjo,Undirected,3.00,0.0745
frentes,diferenca,Undirected,2.00,0.1908
frentes,resposta,Undirected,3.00,0.2404
frentes,analise,Undirected,3.00,0.1368
frentes,producao,Undirected,3.00,0.2117
ecossistemas,posicao,Undirected,2.00,0.1585
ecossistemas,inovacao,Undirected,15.00,0.4459
ecossistemas,artificial,Undirected,3.00,0.1482
ecossistemas,fala,Undirected,4.00,0.2993
ecossistemas,codigo,Undirected,2.00,0.1621
ecossistemas,aberto,Undirected,3.00,0.2197
ecossistemas,questao,Undirected,2.00,0.1864
ecossistemas,brasil,Undirected,2.00,0.0646
ecossistemas,descreve,Undirected,4.00,0.2356
ecossistemas,desenvolvimento,Undirected,3.00,0.2513
ecossistemas,investigacao,Undirected,3.00,0.2680
ecossistemas,historica,Undirected,2.00,0.1864
ecossistemas,infraestrutura,Undirected,3.00,0.1446
ecossistemas,conhecimento,Undirected,2.00,0.1422
ecossistemas,valor,Undirected,3.00,0.2807
ecossistemas,parceria,Undirected,2.00,0.1777
ecossistemas,fapesp,Undirected,3.00,0.1241
ecossistemas,relatorio,Undirected,5.00,0.2633
ecossistemas,pratica,Undirected,5.00,0.2691
ecossistemas,logica,Undirected,2.00,0.1959
ecossistemas,escala,Undirected,2.00,0.1452
periodo,movimento,Undirected,2.00,0.1667
periodo,parceria,Undirected,4.00,0.2677
periodo,pesquisa,Undirected,3.00,0.0149
periodo,tecnologia,Undirected,2.00,0.0318
periodo,investimento,Undirected,4.00,0.2929
periodo,arranjo,Undirected,4.00,0.1214
periodo,brasil,Undirected,2.00,0.0587
periodo,parte,Undirected,3.00,0.1584
periodo,publicacoes,Undirected,2.00,0.1254
periodo,pesquisador,Undirected,3.00,0.1469
periodo,producao,Undirected,2.00,0.1677
periodo,relatorio,Undirected,6.00,0.2852
periodo,fapesp,Undirected,7.00,0.2377
periodo,termos,Undirected,3.00,0.1857
periodo,empresa,Undirected,3.00,0.1006
periodo,vinculo,Undirected,2.00,0.1348
pergunta,pratica,Undirected,3.00,0.0807
pergunta,base,Undirected,3.00,0.1478
pergunta,rede,Undirected,12.00,0.0963
pergunta,fala,Undirected,2.00,0.0917
pergunta,fabio,Undirected,3.00,-0.0191
pergunta,claudio,Undirected,14.00,0.0971
pergunta,bluetalks,Undirected,6.00,0.2004
pergunta,laboratorio,Undirected,3.00,0.0098
pergunta,cientista,Undirected,2.00,0.1214
pergunta,levou,Undirected,7.00,0.2913
pergunta,leitura,Undirected,3.00,0.1223
pergunta,campo,Undirected,11.00,0.1837
pergunta,historica,Undirected,12.00,0.3389
pergunta,ecossistema,Undirected,5.00,0.0714
pergunta,inovacao,Undirected,2.00,0.0187
pergunta,lugar,Undirected,6.00,0.2319
pergunta,universidade,Undirected,4.00,0.0786
pergunta,pesquisa,Undirected,11.00,0.0512
pergunta,partir,Undirected,5.00,0.1030
pergunta,abertura,Undirected,2.00,0.1214
pergunta,parte,Undirected,6.00,0.1405
pergunta,tabulacao,Undirected,2.00,0.0492
pergunta,material,Undirected,3.00,0.0839
pergunta,conjunto,Undirected,2.00,0.1085
pergunta,questao,Undirected,3.00,0.1270
pergunta,etnografia,Undirected,2.00,0.0160
pergunta,ponto,Undirected,3.00,0.0745
pergunta,latour,Undirected,3.00,0.1135
pergunta,relacao,Undirected,2.00,0.0593
pergunta,ator,Undirected,2.00,-0.0282
pergunta,acao,Undirected,3.00,0.1422
pergunta,translacao,Undirected,2.00,0.0917
pergunta,evento,Undirected,2.00,0.1085
pergunta,resposta,Undirected,11.00,0.3412
pergunta,investigacao,Undirected,2.00,0.1026
pergunta,projeto,Undirected,5.00,0.1918
pergunta,corporacao,Undirected,5.00,0.0379
pergunta,dado,Undirected,2.00,-0.0622
pergunta,termos,Undirected,2.00,0.0299
pergunta,vocabulario,Undirected,2.00,0.0749
pergunta,conceito,Undirected,3.00,0.1681
descrevo,ator,Undirected,5.00,0.1241
descrevo,actante,Undirected,4.00,0.2097
descrevo,resposta,Undirected,3.00,0.1840
descrevo,industria,Undirected,2.00,0.1265
descrevo,tecnologia,Undirected,3.00,0.0131
descrevo,observacao,Undirected,2.00,0.1316
descrevo,entrevistas,Undirected,5.00,0.1747
descrevo,documentos,Undirected,4.00,0.2134
descrevo,arranjo,Undirected,15.00,0.2354
descrevo,material,Undirected,2.00,0.0758
descrevo,ponto,Undirected,4.00,0.1542
descrevo,aprendizado,Undirected,2.00,0.1383
descrevo,maquina,Undirected,3.00,0.0494
descrevo,rede,Undirected,9.00,0.1029
descrevo,humano,Undirected,2.00,0.0766
descrevo,segui,Undirected,5.00,0.2182
descrevo,parte,Undirected,3.00,0.0920
descrevo,posicao,Undirected,3.00,0.1395
descrevo,vocabulario,Undirected,5.00,0.2386
descrevo,abertura,Undirected,3.00,0.2150
descrevo,laboratorio,Undirected,3.00,0.0515
descrevo,parceria,Undirected,2.00,0.1083
descrevo,conhecimento,Undirected,5.00,0.1919
descrevo,watson,Undirected,3.00,0.1787
descrevo,secao,Undirected,6.00,0.2602
descrevo,vinculo,Undirected,3.00,0.1208
descrevo,producao,Undirected,2.00,0.1041
descrevo,empresa,Undirected,3.00,0.0341
descrevo,translacao,Undirected,2.00,0.1316
descrevo,desenvolvimento,Undirected,2.00,0.1265
descrevo,dado,Undirected,3.00,0.0230
descrevo,campo,Undirected,2.00,0.0033
resposta,servicos,Undirected,2.00,0.1855
resposta,claudio,Undirected,25.00,0.3206
resposta,pesquisa,Undirected,2.00,-0.0410
resposta,fato,Undirected,3.00,0.2390
resposta,campo,Undirected,3.00,0.1048
resposta,analise,Undirected,2.00,0.0852
resposta,ecossistema,Undirected,2.00,0.0567
resposta,inovacao,Undirected,2.00,0.1111
resposta,bluetalks,Undirected,7.00,0.3309
resposta,investigacao,Undirected,2.00,0.1951
resposta,leitura,Undirected,3.00,0.2191
resposta,propriedade,Undirected,2.00,0.1868
resposta,aberto,Undirected,2.00,0.1489
resposta,termos,Undirected,3.00,0.1743
resposta,dado,Undirected,2.00,0.0303
resposta,computacao,Undirected,3.00,0.1807
conta,ator,Undirected,3.00,0.1163
conta,questao,Undirected,3.00,0.2265
conta,historia,Undirected,3.00,0.2241
conta,maquina,Undirected,2.00,0.0582
conta,khipu,Undirected,7.00,0.3733
conta,escolha,Undirected,2.00,0.2165
conta,censo,Undirected,3.00,0.2473
conta,dado,Undirected,5.00,0.1477
conta,conhecimento,Undirected,3.00,0.1802
conta,material,Undirected,2.00,0.1310
conta,vida,Undirected,6.00,0.2942
conta,tecnociencia,Undirected,3.00,0.2431
conta,secao,Undirected,2.00,0.1894
conta,estatistica,Undirected,3.00,0.2265
conta,calculo,Undirected,2.00,0.2099
conta,leitura,Undirected,2.00,0.1678
gente,maquina,Undirected,2.00,0.0333
gente,fabio,Undirected,3.00,0.0077
gente,negocio,Undirected,9.00,0.3782
gente,dinheiro,Undirected,15.00,0.4878
gente,claudio,Undirected,4.00,0.0108
gente,descreve,Undirected,3.00,0.1542
gente,projetos,Undirected,3.00,0.2271
gente,brasil,Undirected,9.00,0.2270
gente,fapesp,Undirected,3.00,0.0832
gente,interesse,Undirected,4.00,0.2317
gente,pesquisa,Undirected,6.00,0.0644
gente,projeto,Undirected,2.00,0.1429
gente,linguas,Undirected,2.00,0.1700
gente,indigenas,Undirected,3.00,0.2286
gente,software,Undirected,3.00,0.2398
gente,laboratorio,Undirected,10.00,0.2386
gente,parceria,Undirected,3.00,0.1386
gente,obia,Undirected,5.00,0.2398
gente,parte,Undirected,3.00,0.0740
pessoas,maquina,Undirected,3.00,0.1220
pessoas,latour,Undirected,3.00,0.2279
pessoas,rede,Undirected,2.00,-0.0088
pessoas,vida,Undirected,9.00,0.4482
pessoas,posicao,Undirected,3.00,0.2121
pessoas,grupos,Undirected,4.00,0.3021
pessoas,escolha,Undirected,3.00,0.2876
pessoas,fabio,Undirected,2.00,0.0468
pessoas,pesquisa,Undirected,5.00,0.0843
pessoas,analise,Undirected,2.00,0.1020
pessoas,materiais,Undirected,2.00,0.2240
pessoas,tecnicas,Undirected,2.00,0.1959
pessoas,dado,Undirected,2.00,0.0471
ator,segui,Undirected,4.00,0.1133
ator,actante,Undirected,18.00,0.3823
ator,objeto,Undirected,7.00,0.2328
ator,pesquisa,Undirected,9.00,0.0039
ator,empresa,Undirected,3.00,-0.0363
ator,rede,Undirected,49.00,0.3037
ator,diferenca,Undirected,2.00,0.0696
ator,humano,Undirected,23.00,0.3381
ator,sistemas,Undirected,2.00,0.0452
ator,centro,Undirected,4.00,-0.0571
ator,cientista,Undirected,3.00,0.1446
ator,historica,Undirected,3.00,0.0983
ator,arranjo,Undirected,6.00,0.0291
ator,fabio,Undirected,4.00,-0.0154
ator,entrevistas,Undirected,2.00,-0.0101
ator,questao,Undirected,2.00,0.0497
ator,translacao,Undirected,4.00,0.1514
ator,partir,Undirected,3.00,0.0100
ator,descricao,Undirected,5.00,0.2012
ator,corporacao,Undirected,3.00,-0.0514
ator,universidade,Undirected,2.00,-0.0304
ator,claudio,Undirected,7.00,-0.0308
ator,posicao,Undirected,2.00,0.0218
ator,tecnologia,Undirected,2.00,-0.0990
ator,computacao,Undirected,3.00,0.0552
ator,infraestrutura,Undirected,2.00,-0.0428
ator,metodo,Undirected,2.00,0.0724
ator,acao,Undirected,6.00,0.2093
ator,bluetalks,Undirected,3.00,0.0767
ator,ecossistema,Undirected,2.00,-0.0632
ator,levou,Undirected,2.00,0.0873
ator,plano,Undirected,3.00,0.1177
ator,base,Undirected,2.00,0.0696
ator,tecnica,Undirected,2.00,0.0319
ator,torna,Undirected,2.00,0.0696
ator,observacao,Undirected,2.00,0.0643
ator,campo,Undirected,4.00,0.0126
ator,fala,Undirected,2.00,0.0643
grupos,pesquisador,Undirected,6.00,0.2360
grupos,pesquisa,Undirected,10.00,0.1666
grupos,tabulacao,Undirected,2.00,0.1443
grupos,tecnologia,Undirected,3.00,0.0709
grupos,publicacoes,Undirected,5.00,0.2086
grupos,deixa,Undirected,2.00,0.1678
grupos,producao,Undirected,2.00,0.1594
grupos,mapa,Undirected,3.00,0.2746
grupos,arranjo,Undirected,2.00,0.0283
grupos,relatorio,Undirected,2.00,0.1228
grupos,financiamento,Undirected,2.00,0.1138
infraestrutura,maquina,Undirected,7.00,0.0987
infraestrutura,rede,Undirected,3.00,-0.0925
infraestrutura,pesquisador,Undirected,8.00,0.1525
infraestrutura,servicos,Undirected,5.00,0.1983
infraestrutura,vinculo,Undirected,6.00,0.1553
infraestrutura,ecossistema,Undirected,4.00,0.0274
infraestrutura,arranjo,Undirected,2.00,-0.0814
infraestrutura,dado,Undirected,8.00,0.0878
infraestrutura,corporacao,Undirected,8.00,0.0834
infraestrutura,universidade,Undirected,7.00,0.1380
infraestrutura,tecnologia,Undirected,4.00,-0.0114
infraestrutura,propriedade,Undirected,3.00,0.1297
infraestrutura,financiamento,Undirected,3.00,0.0506
infraestrutura,pesquisa,Undirected,8.00,0.0039
infraestrutura,industria,Undirected,2.00,0.0720
infraestrutura,computacional,Undirected,18.00,0.4313
infraestrutura,evento,Undirected,3.00,0.1446
infraestrutura,informacao,Undirected,3.00,0.0834
infraestrutura,verbal,Undirected,4.00,0.1367
infraestrutura,tabulacao,Undirected,2.00,0.0346
infraestrutura,sistemas,Undirected,3.00,0.1071
infraestrutura,cartoes,Undirected,3.00,0.1446
infraestrutura,fechamento,Undirected,3.00,0.1166
infraestrutura,negocio,Undirected,2.00,0.0672
infraestrutura,logica,Undirected,2.00,0.0720
infraestrutura,torno,Undirected,2.00,0.1002
infraestrutura,fala,Undirected,2.00,0.0771
infraestrutura,conhecimento,Undirected,5.00,0.1314
infraestrutura,tecnicas,Undirected,3.00,0.1217
infraestrutura,tecnica,Undirected,6.00,0.1871
infraestrutura,material,Undirected,2.00,0.0214
infraestrutura,relacoes,Undirected,5.00,0.1757
infraestrutura,processamento,Undirected,3.00,0.1270
infraestrutura,materiais,Undirected,9.00,0.3162
infraestrutura,analise,Undirected,3.00,0.0234
infraestrutura,disponivel,Undirected,3.00,0.1117
infraestrutura,acesso,Undirected,2.00,0.0153
infraestrutura,fapesp,Undirected,4.00,0.0283
infraestrutura,codigo,Undirected,2.00,0.0382
conhecimento,processamento,Undirected,3.00,0.1774
conhecimento,dado,Undirected,9.00,0.1623
conhecimento,corporacao,Undirected,3.00,0.0125
conhecimento,industria,Undirected,2.00,0.1203
conhecimento,tecnologia,Undirected,2.00,-0.0379
conhecimento,objeto,Undirected,3.00,0.1774
conhecimento,acao,Undirected,3.00,0.1774
conhecimento,maquina,Undirected,6.00,0.1325
conhecimento,metodo,Undirected,2.00,0.1334
conhecimento,estatistica,Undirected,2.00,0.1108
conhecimento,projetos,Undirected,2.00,0.1363
conhecimento,porta,Undirected,2.00,0.1377
conhecimento,lugar,Undirected,2.00,0.1178
conhecimento,rede,Undirected,3.00,-0.0420
conhecimento,torna,Undirected,2.00,0.1307
conhecimento,desenvolvimento,Undirected,5.00,0.2447
conhecimento,materiais,Undirected,2.00,0.1484
conhecimento,centro,Undirected,3.00,-0.0242
conhecimento,relacao,Undirected,3.00,0.1436
conhecimento,financiamento,Undirected,2.00,0.0523
conhecimento,pesquisador,Undirected,2.00,0.0264
conhecimento,humano,Undirected,2.00,0.0704
conhecimento,producao,Undirected,3.00,0.1487
conhecimento,codigo,Undirected,2.00,0.0864
conhecimento,aprendizado,Undirected,2.00,0.1320
conhecimento,entrevistas,Undirected,2.00,0.0510
conhecimento,campo,Undirected,2.00,-0.0029
conhecimento,etnografia,Undirected,3.00,0.0983
aberto,deixa,Undirected,2.00,0.1299
aberto,questao,Undirected,5.00,0.2604
aberto,fala,Undirected,3.00,0.2021
aberto,empresa,Undirected,2.00,0.0057
aberto,codigo,Undirected,54.00,0.7336
aberto,torna,Undirected,2.00,0.1543
aberto,inovacao,Undirected,2.00,0.0759
aberto,corporacao,Undirected,2.00,-0.0087
aberto,publicacoes,Undirected,2.00,0.0793
aberto,sistema,Undirected,2.00,0.0916
aberto,parte,Undirected,2.00,0.0610
aberto,desenvolvimento,Undirected,3.00,0.1968
aberto,dado,Undirected,4.00,0.0765
aberto,negocio,Undirected,4.00,0.2322
aberto,universidade,Undirected,2.00,0.0543
aberto,centro,Undirected,3.00,0.0005
aberto,vinculo,Undirected,3.00,0.1390
aberto,software,Undirected,6.00,0.3317
aberto,linguas,Undirected,3.00,0.2106
aberto,indigenas,Undirected,3.00,0.2151
aberto,projeto,Undirected,3.00,0.1822
aberto,claudio,Undirected,3.00,-0.0360
aberto,linguagem,Undirected,2.00,0.0932
aberto,fechamento,Undirected,3.00,0.1917
aberto,laboratorio,Undirected,2.00,0.0223
historica,pesquisa,Undirected,2.00,-0.0556
historica,investigacao,Undirected,24.00,0.6198
historica,centro,Undirected,2.00,-0.0231
historica,pratica,Undirected,4.00,0.2017
historica,relacao,Undirected,3.00,0.1899
historica,leitura,Undirected,3.00,0.2038
historica,ecossistema,Undirected,5.00,0.1580
historica,inovacao,Undirected,3.00,0.1473
historica,rede,Undirected,3.00,0.0043
historica,tabulacao,Undirected,3.00,0.1793
historica,maquina,Undirected,3.00,0.0892
historica,entrevistas,Undirected,3.00,0.1460
historica,tecnica,Undirected,3.00,0.1899
historica,questao,Undirected,2.00,0.1550
historica,deixa,Undirected,3.00,0.2038
historica,vocabulario,Undirected,2.00,0.1528
historica,campo,Undirected,2.00,0.0414
historica,escala,Undirected,3.00,0.1654
historica,censo,Undirected,3.00,0.2293
historica,estados,Undirected,2.00,0.1597
historica,projetos,Undirected,2.00,0.1805
translacao,parceria,Undirected,2.00,0.1609
translacao,conceito,Undirected,5.00,0.3432
translacao,rede,Undirected,12.00,0.2113
translacao,descricao,Undirected,4.00,0.2993
translacao,posicao,Undirected,2.00,0.1417
translacao,arranjo,Undirected,3.00,0.0731
translacao,latour,Undirected,2.00,0.1567
translacao,sistema,Undirected,2.00,0.1269
translacao,mapa,Undirected,2.00,0.2156
translacao,vocabulario,Undirected,3.00,0.2214
fato,maquina,Undirected,7.00,0.2227
fato,descreve,Undirected,3.00,0.1774
fato,vida,Undirected,2.00,0.1937
fato,tecnica,Undirected,3.00,0.2051
fato,tecnociencia,Undirected,2.00,0.1855
fato,rede,Undirected,2.00,-0.0256
fato,latour,Undirected,2.00,0.1567
fato,pesquisa,Undirected,6.00,0.0897
fato,calculo,Undirected,2.00,0.2072
fato,arranjo,Undirected,6.00,0.1654
fato,parte,Undirected,2.00,0.0962
fato,pesquisador,Undirected,2.00,0.0852
fato,centro,Undirected,6.00,0.1016
fato,relacao,Undirected,6.00,0.3087
fato,brasil,Undirected,4.00,0.1336
fato,campo,Undirected,4.00,0.1423
fato,observacao,Undirected,2.00,0.1842
fato,leitura,Undirected,2.00,0.1651
fato,computacao,Undirected,2.00,0.1284
fato,research,Undirected,3.00,0.2146
fato,dado,Undirected,3.00,0.0780
fato,projetos,Undirected,2.00,0.1951
arranjo,corporacao,Undirected,10.00,0.0530
arranjo,centro,Undirected,8.00,-0.0186
arranjo,parte,Undirected,11.00,0.1521
arranjo,posicao,Undirected,13.00,0.2355
arranjo,universidade,Undirected,3.00,-0.0259
arranjo,documentos,Undirected,5.00,0.1286
arranjo,rede,Undirected,5.00,-0.0934
arranjo,campo,Undirected,2.00,-0.1026
arranjo,segui,Undirected,8.00,0.1670
arranjo,secao,Undirected,3.00,0.0759
arranjo,metodo,Undirected,6.00,0.1746
arranjo,fapesp,Undirected,27.00,0.2557
arranjo,empresa,Undirected,5.00,-0.0195
arranjo,diferenca,Undirected,4.00,0.1153
arranjo,vinculo,Undirected,4.00,0.0443
arranjo,claudio,Undirected,11.00,-0.0195
arranjo,porta,Undirected,6.00,0.1794
arranjo,relacao,Undirected,2.00,-0.0067
arranjo,descreve,Undirected,2.00,-0.0332
arranjo,pratica,Undirected,2.00,-0.0332
arranjo,historia,Undirected,3.00,0.0555
arranjo,pesquisa,Undirected,9.00,-0.0423
arranjo,partir,Undirected,4.00,0.0025
arranjo,laboratorio,Undirected,2.00,-0.1010
arranjo,leitura,Undirected,3.00,0.0532
arranjo,mapa,Undirected,8.00,0.2455
arranjo,descricao,Undirected,4.00,0.1278
arranjo,watson,Undirected,3.00,0.0678
arranjo,ecossistema,Undirected,5.00,-0.0020
arranjo,tecnica,Undirected,2.00,-0.0067
arranjo,brasil,Undirected,5.00,-0.0119
arranjo,mercado,Undirected,4.00,0.1153
arranjo,tecnologia,Undirected,2.00,-0.1376
arranjo,convenio,Undirected,2.00,0.0553
arranjo,ponto,Undirected,3.00,0.0054
arranjo,deixa,Undirected,2.00,0.0066
arranjo,pesquisador,Undirected,2.00,-0.0733
arranjo,acordo,Undirected,2.00,0.0440
arranjo,evento,Undirected,3.00,0.0907
arranjo,escala,Undirected,2.00,-0.0301
arranjo,valor,Undirected,3.00,0.0973
arranjo,parceria,Undirected,3.00,0.0487
arranjo,informacao,Undirected,2.00,-0.0160
arranjo,verbal,Undirected,3.00,0.0455
arranjo,estrategia,Undirected,2.00,0.0487
arranjo,decisao,Undirected,2.00,0.0310
arranjo,plano,Undirected,3.00,0.0773
arranjo,torno,Undirected,2.00,0.0487
laboratorio,pesquisa,Undirected,22.00,0.1275
laboratorio,artificial,Undirected,5.00,0.0600
laboratorio,cientista,Undirected,10.00,0.3007
laboratorio,levou,Undirected,2.00,0.0806
laboratorio,questao,Undirected,2.00,0.0430
laboratorio,etnografia,Undirected,12.00,0.2206
laboratorio,fapesp,Undirected,3.00,-0.0260
laboratorio,centro,Undirected,5.00,-0.0391
laboratorio,latour,Undirected,4.00,0.1144
laboratorio,mercado,Undirected,2.00,0.0629
laboratorio,convenio,Undirected,3.00,0.1376
laboratorio,movimento,Undirected,2.00,0.0291
laboratorio,brasil,Undirected,23.00,0.2560
laboratorio,fabio,Undirected,4.00,-0.0227
laboratorio,claudio,Undirected,5.00,-0.0778
laboratorio,actante,Undirected,2.00,0.0441
laboratorio,investigacao,Undirected,3.00,0.1179
laboratorio,pesquisador,Undirected,4.00,0.0370
laboratorio,segui,Undirected,3.00,0.0697
laboratorio,corporacao,Undirected,3.00,-0.0584
laboratorio,dezembro,Undirected,2.00,0.0806
laboratorio,fechamento,Undirected,34.00,0.5165
laboratorio,vinculo,Undirected,15.00,0.2783
laboratorio,escala,Undirected,4.00,0.0838
laboratorio,research,Undirected,11.00,0.2706
laboratorio,abertura,Undirected,3.00,0.1376
laboratorio,disponivel,Undirected,2.00,0.0430
laboratorio,acesso,Undirected,3.00,0.0418
laboratorio,computacao,Undirected,2.00,0.0018
laboratorio,verbal,Undirected,3.00,0.0789
laboratorio,relacao,Undirected,3.00,0.0726
estatistica,leitura,Undirected,7.00,0.3328
estatistica,humano,Undirected,3.00,0.1146
estatistica,maquina,Undirected,4.00,0.1261
estatistica,dado,Undirected,7.00,0.1766
estatistica,aprendizado,Undirected,3.00,0.2307
estatistica,computacao,Undirected,3.00,0.1654
estatistica,historia,Undirected,2.00,0.1528
estatistica,calculo,Undirected,3.00,0.2479
estatistica,campo,Undirected,2.00,0.0414
estatistica,censo,Undirected,3.00,0.2293
estatistica,tecnologia,Undirected,6.00,0.1434
estatistica,social,Undirected,3.00,0.2548
estatistica,descreve,Undirected,2.00,0.1108
estatistica,secao,Undirected,3.00,0.2265
estatistica,pesquisa,Undirected,2.00,-0.0556
estatistica,servicos,Undirected,2.00,0.1709
estatistica,analise,Undirected,2.00,0.0706
estatistica,observacao,Undirected,3.00,0.2237
estatistica,etnografia,Undirected,2.00,0.0939
estatistica,termo,Undirected,3.00,0.2352
khipu,tabulacao,Undirected,2.00,0.1404
khipu,mostra,Undirected,7.00,0.3533
khipu,computacao,Undirected,3.00,0.1793
khipu,parte,Undirected,3.00,0.1456
khipu,sistema,Undirected,2.00,0.1256
khipu,sistemas,Undirected,2.00,0.1638
khipu,tecnicas,Undirected,3.00,0.2323
khipu,objeto,Undirected,3.00,0.2376
investimento,pesquisador,Undirected,2.00,0.0852
investimento,centro,Undirected,6.00,0.1265
investimento,claudio,Undirected,3.00,0.0009
investimento,fapesp,Undirected,5.00,0.1751
investimento,tecnologia,Undirected,4.00,0.1044
investimento,inovacao,Undirected,2.00,0.1111
investimento,pesquisa,Undirected,6.00,0.0897
investimento,ecossistema,Undirected,2.00,0.0567
investimento,verbal,Undirected,2.00,0.1577
investimento,empresa,Undirected,2.00,0.0410
investimento,industria,Undirected,3.00,0.2337
investimento,research,Undirected,2.00,0.1609
investimento,convenio,Undirected,3.00,0.2700
maquina,claudio,Undirected,4.00,-0.1043
maquina,sistema,Undirected,2.00,-0.0018
maquina,tabulacao,Undirected,20.00,0.3530
maquina,cartoes,Undirected,8.00,0.2635
maquina,empresa,Undirected,5.00,0.0137
maquina,historia,Undirected,2.00,0.0387
maquina,escala,Undirected,4.00,0.0816
maquina,propriedade,Undirected,3.00,0.1071
maquina,logica,Undirected,2.00,0.0505
maquina,diferenca,Undirected,2.00,0.0609
maquina,acao,Undirected,3.00,0.1044
maquina,aprendizado,Undirected,53.00,0.6483
maquina,artificial,Undirected,14.00,0.2086
maquina,fabio,Undirected,5.00,0.0015
maquina,analise,Undirected,3.00,0.0009
maquina,natural,Undirected,3.00,0.1285
maquina,brasil,Undirected,3.00,-0.0383
maquina,processamento,Undirected,5.00,0.1728
maquina,dado,Undirected,5.00,0.0018
maquina,sistemas,Undirected,2.00,0.0365
maquina,material,Undirected,5.00,0.1109
maquina,tecnica,Undirected,2.00,0.0232
maquina,desenvolvimento,Undirected,2.00,0.0505
maquina,linguagem,Undirected,2.00,-0.0002
maquina,software,Undirected,3.00,0.1285
maquina,estados,Undirected,4.00,0.1312
maquina,censo,Undirected,2.00,0.0609
maquina,mostra,Undirected,2.00,0.0410
maquina,universidade,Undirected,3.00,0.0053
maquina,pesquisa,Undirected,3.00,-0.1312
maquina,questao,Undirected,3.00,0.0892
maquina,tecnicas,Undirected,2.00,0.0505
maquina,research,Undirected,2.00,0.0322
maquina,abertura,Undirected,3.00,0.1355
maquina,centro,Undirected,2.00,-0.1372
torna,codigo,Undirected,2.00,0.1506
torna,relacao,Undirected,2.00,0.1571
torna,abertura,Undirected,3.00,0.2756
torna,parceria,Undirected,2.00,0.1662
torna,evento,Undirected,3.00,0.2622
torna,artificial,Undirected,2.00,0.0859
torna,dado,Undirected,4.00,0.1204
torna,posicao,Undirected,2.00,0.1470
torna,relacoes,Undirected,2.00,0.1705
torna,actante,Undirected,3.00,0.2305
torna,analise,Undirected,2.00,0.0905
torna,parte,Undirected,3.00,0.1526
calculo,objeto,Undirected,3.00,0.2631
calculo,computacional,Undirected,2.00,0.2181
calculo,humano,Undirected,3.00,0.2056
calculo,ponto,Undirected,3.00,0.1954
calculo,movimento,Undirected,2.00,0.1788
calculo,descreve,Undirected,2.00,0.1484
calculo,tabulacao,Undirected,2.00,0.1647
calculo,centro,Undirected,3.00,0.0615
calculo,base,Undirected,2.00,0.2125
calculo,segui,Undirected,3.00,0.2263
conceito,partir,Undirected,3.00,0.1613
conceito,propriedade,Undirected,3.00,0.2676
conceito,descreve,Undirected,2.00,0.1500
conceito,ecossistema,Undirected,6.00,0.2287
conceito,tecnologia,Undirected,2.00,0.0456
conceito,pratica,Undirected,3.00,0.2033
conceito,vida,Undirected,5.00,0.3537
conceito,mostra,Undirected,2.00,0.1943
pratica,torno,Undirected,4.00,0.2424
pratica,inovacao,Undirected,3.00,0.1010
pratica,base,Undirected,3.00,0.1830
pratica,centro,Undirected,5.00,0.0363
pratica,tecnociencia,Undirected,9.00,0.3479
pratica,pesquisador,Undirected,2.00,0.0264
pratica,escolha,Undirected,2.00,0.1550
pratica,computacional,Undirected,2.00,0.1363
pratica,material,Undirected,4.00,0.1571
pratica,cartoes,Undirected,2.00,0.1422
pratica,etnografia,Undirected,5.00,0.1663
pratica,lugar,Undirected,3.00,0.1696
pratica,acao,Undirected,2.00,0.1253
pratica,descreve,Undirected,3.00,0.1159
pratica,rede,Undirected,2.00,-0.0844
pratica,retomo,Undirected,3.00,0.2085
pratica,historia,Undirected,2.00,0.1085
pratica,investigacao,Undirected,2.00,0.1363
pratica,watson,Undirected,2.00,0.1203
pratica,negocio,Undirected,3.00,0.1671
pratica,escala,Undirected,2.00,0.0696
pratica,corporacao,Undirected,4.00,0.0469
pratica,campo,Undirected,2.00,-0.0029
pratica,ecossistema,Undirected,4.00,0.0796
evento,torno,Undirected,3.00,0.2807
evento,centro,Undirected,6.00,0.1457
evento,parceria,Undirected,3.00,0.2322
evento,bluetalks,Undirected,3.00,0.2197
evento,objeto,Undirected,2.00,0.2010
evento,fabio,Undirected,4.00,0.1325
evento,artificial,Undirected,3.00,0.1482
evento,pesquisador,Undirected,2.00,0.1020
evento,questao,Undirected,2.00,0.1864
evento,claudio,Undirected,5.00,0.0816
evento,dezembro,Undirected,6.00,0.3908
evento,diferenca,Undirected,3.00,0.2622
evento,descreve,Undirected,3.00,0.1950
abertura,codigo,Undirected,11.00,0.4435
abertura,parte,Undirected,3.00,0.1780
abertura,claudio,Undirected,6.00,0.1206
abertura,fabio,Undirected,2.00,0.0597
abertura,material,Undirected,3.00,0.2117
abertura,tecnica,Undirected,3.00,0.2362
abertura,brasil,Undirected,5.00,0.1657
abertura,research,Undirected,3.00,0.2457
abertura,mercado,Undirected,3.00,0.2756
abertura,fechamento,Undirected,2.00,0.2039
abertura,mostra,Undirected,2.00,0.1993
abertura,aprendizado,Undirected,2.00,0.2205
abertura,linguas,Undirected,2.00,0.2219
leitura,investigacao,Undirected,3.00,0.2305
leitura,tecnologia,Undirected,3.00,0.0482
leitura,disponivel,Undirected,3.00,0.2038
leitura,historia,Undirected,2.00,0.1483
leitura,campo,Undirected,3.00,0.0849
leitura,parceria,Undirected,3.00,0.1947
leitura,relatorio,Undirected,3.00,0.1521
leitura,pesquisa,Undirected,2.00,-0.0600
leitura,producao,Undirected,2.00,0.1377
leitura,centro,Undirected,3.00,0.0175
leitura,dado,Undirected,3.00,0.0581
leitura,fabio,Undirected,3.00,0.0578
leitura,rede,Undirected,2.00,-0.0446
fapesp,acordo,Undirected,20.00,0.4263
fapesp,centro,Undirected,22.00,0.1714
fapesp,parte,Undirected,2.00,-0.0304
fapesp,pesquisa,Undirected,13.00,0.0461
fapesp,fabio,Undirected,7.00,0.0464
fapesp,claudio,Undirected,6.00,-0.0570
fapesp,acesso,Undirected,4.00,0.0772
fapesp,relacao,Undirected,2.00,0.0252
fapesp,parceria,Undirected,6.00,0.1751
fapesp,ecossistema,Undirected,5.00,0.0335
fapesp,porta,Undirected,4.00,0.1575
fapesp,watson,Undirected,4.00,0.1386
fapesp,financiamento,Undirected,5.00,0.0939
fapesp,convenio,Undirected,23.00,0.4823
fapesp,base,Undirected,2.00,0.0629
fapesp,termo,Undirected,6.00,0.2140
fapesp,escolha,Undirected,3.00,0.1376
fapesp,projetos,Undirected,4.00,0.1559
fapesp,interesse,Undirected,6.00,0.1921
fapesp,dinheiro,Undirected,16.00,0.3274
fapesp,informacao,Undirected,4.00,0.0991
fapesp,verbal,Undirected,3.00,0.0789
fapesp,artificial,Undirected,2.00,-0.0460
fapesp,relatorio,Undirected,8.00,0.1707
fapesp,escala,Undirected,5.00,0.1131
fapesp,inovacao,Undirected,4.00,0.0651
fapesp,universidade,Undirected,2.00,-0.0371
fapesp,dezembro,Undirected,2.00,0.0806
fapesp,retomo,Undirected,3.00,0.1376
fapesp,secao,Undirected,2.00,0.0602
fapesp,material,Undirected,3.00,0.0482
producao,pesquisa,Undirected,7.00,0.0791
producao,centro,Undirected,16.00,0.2470
producao,cartoes,Undirected,2.00,0.1736
producao,fechamento,Undirected,2.00,0.1468
producao,materiais,Undirected,2.00,0.1798
producao,secao,Undirected,2.00,0.1594
producao,dado,Undirected,3.00,0.0493
producao,publicacoes,Undirected,10.00,0.3006
producao,mostra,Undirected,3.00,0.1950
producao,deixa,Undirected,2.00,0.1377
producao,analise,Undirected,5.00,0.1753
producao,rede,Undirected,3.00,-0.0092
producao,descreve,Undirected,2.00,0.0979
partir,etnografia,Undirected,5.00,0.1217
partir,campo,Undirected,5.00,0.0633
partir,disponivel,Undirected,2.00,0.0706
partir,investigacao,Undirected,2.00,0.0961
partir,propriedade,Undirected,2.00,0.0878
partir,rede,Undirected,5.00,-0.0273
partir,material,Undirected,6.00,0.1697
partir,relacoes,Undirected,4.00,0.1534
partir,pesquisa,Undirected,7.00,-0.0037
partir,lugar,Undirected,3.00,0.1276
partir,posicao,Undirected,6.00,0.1848
partir,ponto,Undirected,8.00,0.2024
partir,negocio,Undirected,3.00,0.1251
partir,valor,Undirected,2.00,0.1083
partir,descricao,Undirected,6.00,0.2522
partir,universidade,Undirected,2.00,-0.0095
partir,empresa,Undirected,2.00,-0.0580
partir,arranjos,Undirected,3.00,0.1665
partir,publicacoes,Undirected,3.00,0.0626
partir,relatorio,Undirected,5.00,0.1347
partir,deixa,Undirected,5.00,0.1846
partir,base,Undirected,6.00,0.2391
partir,fechamento,Undirected,2.00,0.0753
partir,parceria,Undirected,3.00,0.1111
partir,claudio,Undirected,2.00,-0.1424
cientista,acao,Undirected,2.00,0.2138
cientista,centro,Undirected,2.00,0.0211
cientista,levou,Undirected,3.00,0.2942
cientista,rede,Undirected,4.00,0.0863
cientista,universidade,Undirected,2.00,0.1192
cientista,questao,Undirected,4.00,0.2974
cientista,pesquisa,Undirected,5.00,0.0986
cientista,latour,Undirected,3.00,0.2413
cientista,corporacao,Undirected,2.00,0.0562
cientista,computacao,Undirected,3.00,0.2117
material,termo,Undirected,3.00,0.1921
material,movimento,Undirected,2.00,0.1000
material,valor,Undirected,2.00,0.1515
material,base,Undirected,3.00,0.1862
material,fabio,Undirected,3.00,0.0193
material,claudio,Undirected,2.00,-0.0992
material,etnografia,Undirected,3.00,0.1015
material,industria,Undirected,2.00,0.1233
material,cartoes,Undirected,3.00,0.1983
material,centro,Undirected,2.00,-0.0643
material,tecnica,Undirected,3.00,0.1468
material,plano,Undirected,6.00,0.2251
material,vinculo,Undirected,3.00,0.1175
material,indigenas,Undirected,2.00,0.1408
material,publicacoes,Undirected,2.00,0.0588
material,tecnicas,Undirected,2.00,0.1233
material,deixa,Undirected,2.00,0.1094
material,pesquisa,Undirected,2.00,-0.0967
material,brasil,Undirected,2.00,-0.0079
material,convenio,Undirected,2.00,0.1581
material,campo,Undirected,2.00,0.0002
servicos,rede,Undirected,3.00,0.0209
servicos,corporacao,Undirected,4.00,0.1120
servicos,empresa,Undirected,6.00,0.1843
servicos,tecnica,Undirected,3.00,0.2065
servicos,analise,Undirected,2.00,0.0865
servicos,claudio,Undirected,3.00,0.0022
servicos,codigo,Undirected,3.00,0.1996
servicos,propriedade,Undirected,4.00,0.2431
computacao,historia,Undirected,5.00,0.2026
computacao,logica,Undirected,2.00,0.1233
computacao,artificial,Undirected,5.00,0.1387
computacao,valor,Undirected,2.00,0.1515
computacao,claudio,Undirected,3.00,-0.0575
computacao,research,Undirected,5.00,0.2279
computacao,tabulacao,Undirected,6.00,0.2338
computacao,industria,Undirected,3.00,0.1753
computacao,verbal,Undirected,2.00,0.1020
computacao,watson,Undirected,3.00,0.1753
computacao,fala,Undirected,5.00,0.2538
computacao,sistemas,Undirected,2.00,0.1094
computacao,tecnologia,Undirected,4.00,0.0441
computacao,retomo,Undirected,2.00,0.1581
computacao,humano,Undirected,3.00,0.1231
computacao,centro,Undirected,5.00,0.0397
computacao,arranjos,Undirected,2.00,0.1581
computacao,mostra,Undirected,2.00,0.1138
computacao,ecossistema,Undirected,2.00,0.0010
computacao,mapa,Undirected,2.00,0.1598
computacao,brasil,Undirected,6.00,0.1272
computacao,acesso,Undirected,2.00,0.0666
computacao,fechamento,Undirected,2.00,0.1185
computacao,dado,Undirected,3.00,0.0197
linguagem,analise,Undirected,3.00,0.0771
linguagem,pesquisa,Undirected,5.00,0.0036
linguagem,processamento,Undirected,40.00,0.6766
linguagem,natural,Undirected,46.00,0.7505
linguagem,aprendizado,Undirected,3.00,0.1877
linguagem,humano,Undirected,2.00,0.0734
linguagem,projeto,Undirected,2.00,0.1094
linguagem,linguas,Undirected,3.00,0.1891
linguagem,indigenas,Undirected,3.00,0.1936
linguagem,dado,Undirected,4.00,0.0543
linguagem,codigo,Undirected,3.00,0.1399
linguagem,decisao,Undirected,2.00,0.1337
linguagem,sistema,Undirected,3.00,0.1207
linguagem,parceria,Undirected,2.00,0.1051
linguagem,empresa,Undirected,2.00,-0.0148
linguagem,relatorio,Undirected,2.00,0.0644
linguagem,torno,Undirected,2.00,0.1515
mapa,universidade,Undirected,3.00,0.1209
mapa,pesquisa,Undirected,5.00,0.0363
mapa,rede,Undirected,8.00,0.1428
mapa,campo,Undirected,6.00,0.2355
mapa,disponivel,Undirected,3.00,0.2566
mapa,metodo,Undirected,3.00,0.2803
mapa,fabio,Undirected,2.00,0.0614
mapa,etnografia,Undirected,2.00,0.1399
mapa,secao,Undirected,2.00,0.2182
mapa,analise,Undirected,3.00,0.1683
tecnicas,analise,Undirected,5.00,0.2001
tecnicas,pesquisa,Undirected,6.00,0.0839
tecnicas,desenvolvimento,Undirected,3.00,0.2284
tecnicas,sistemas,Undirected,2.00,0.1601
tecnicas,rede,Undirected,4.00,0.0487
tecnicas,ecossistema,Undirected,2.00,0.0517
tecnicas,decisao,Undirected,2.00,0.1844
tecnicas,sistema,Undirected,3.00,0.1737
tecnicas,cartoes,Undirected,3.00,0.2513
tecnicas,relacoes,Undirected,2.00,0.1601
tecnicas,aprendizado,Undirected,3.00,0.2407
tecnicas,descreve,Undirected,2.00,0.1203
tecnicas,materiais,Undirected,2.00,0.2021
tecnicas,metodo,Undirected,3.00,0.2421
tecnicas,observacao,Undirected,3.00,0.2337
tecnicas,campo,Undirected,2.00,0.0509
dezembro,vinculo,Undirected,5.00,0.2743
dezembro,etnografia,Undirected,4.00,0.2242
dezembro,obia,Undirected,5.00,0.3670
dezembro,fechamento,Undirected,3.00,0.2527
dezembro,brasil,Undirected,4.00,0.1585
dezembro,claudio,Undirected,13.00,0.2311
dezembro,convenio,Undirected,3.00,0.2942
dezembro,parte,Undirected,3.00,0.1711
dezembro,fala,Undirected,2.00,0.2072
dezembro,empresa,Undirected,3.00,0.1133
dezembro,corporacao,Undirected,3.00,0.0982
computacional,corporacao,Undirected,3.00,0.0855
computacional,software,Undirected,2.00,0.2181
computacional,relacao,Undirected,2.00,0.1627
computacional,historia,Undirected,2.00,0.1783
computacional,dado,Undirected,3.00,0.0894
computacional,analise,Undirected,2.00,0.0961
computacional,aprendizado,Undirected,2.00,0.2018
computacional,processamento,Undirected,3.00,0.2504
computacional,relatorio,Undirected,2.00,0.1311
termo,vida,Undirected,3.00,0.2604
termo,retomo,Undirected,2.00,0.2248
termo,base,Undirected,2.00,0.2004
termo,ecossistema,Undirected,5.00,0.1863
termo,centro,Undirected,5.00,0.1138
termo,publicacoes,Undirected,3.00,0.1776
dado,propriedade,Undirected,2.00,0.0329
dado,plano,Undirected,2.00,0.0343
dado,codigo,Undirected,12.00,0.2324
dado,escala,Undirected,2.00,-0.0255
dado,fala,Undirected,3.00,0.0780
dado,metodo,Undirected,3.00,0.0865
dado,vida,Undirected,7.00,0.2045
dado,social,Undirected,3.00,0.1091
dado,valor,Undirected,2.00,0.0534
dado,acesso,Undirected,8.00,0.1411
dado,deixa,Undirected,3.00,0.0581
dado,campo,Undirected,3.00,-0.0562
dado,processamento,Undirected,7.00,0.1935
dado,tabulacao,Undirected,3.00,0.0335
dado,base,Undirected,5.00,0.1507
dado,pesquisador,Undirected,2.00,-0.0687
dado,dinheiro,Undirected,2.00,0.0290
dado,aprendizado,Undirected,2.00,0.0370
dado,projeto,Undirected,3.00,0.0581
dado,centro,Undirected,7.00,-0.0297
dado,linguas,Undirected,2.00,0.0384
dado,pesquisa,Undirected,9.00,-0.0367
dado,relatorio,Undirected,2.00,-0.0337
dado,fabio,Undirected,3.00,-0.0833
dado,entrevistas,Undirected,2.00,-0.0440
dado,parte,Undirected,4.00,0.0195
dado,secao,Undirected,2.00,0.0329
dado,inovacao,Undirected,4.00,0.0356
dado,conjunto,Undirected,7.00,0.2130
dado,ecossistema,Undirected,2.00,-0.0971
dado,vinculo,Undirected,3.00,0.0149
dado,corporacao,Undirected,2.00,-0.1273
posicao,analise,Undirected,2.00,0.0427
posicao,pesquisador,Undirected,3.00,0.0910
posicao,historia,Undirected,2.00,0.1248
posicao,ponto,Undirected,2.00,0.0769
posicao,parte,Undirected,5.00,0.1708
posicao,rede,Undirected,4.00,0.0082
posicao,pesquisa,Undirected,5.00,0.0184
posicao,torno,Undirected,3.00,0.2186
posicao,fala,Undirected,3.00,0.1945
posicao,porta,Undirected,3.00,0.2075
posicao,lugar,Undirected,2.00,0.1341
posicao,corporacao,Undirected,7.00,0.1399
posicao,claudio,Undirected,6.00,0.0386
posicao,termos,Undirected,2.00,0.0798
posicao,deixa,Undirected,3.00,0.1746
relatorio,financiamento,Undirected,2.00,0.0471
relatorio,interesse,Undirected,2.00,0.1355
relatorio,natural,Undirected,3.00,0.1962
relatorio,pesquisador,Undirected,3.00,0.0685
relatorio,ponto,Undirected,3.00,0.1043
relatorio,publicacoes,Undirected,2.00,0.0505
relatorio,pesquisa,Undirected,7.00,0.0368
relatorio,base,Undirected,2.00,0.1255
relatorio,acao,Undirected,2.00,0.1202
relatorio,corporacao,Undirected,5.00,0.0695
relatorio,ecossistema,Undirected,3.00,0.0387
relatorio,estrategia,Undirected,2.00,0.1432
relatorio,tecnologia,Undirected,2.00,-0.0431
relatorio,centro,Undirected,3.00,-0.0296
relatorio,acordo,Undirected,2.00,0.1385
relatorio,movimento,Undirected,2.00,0.0917
relatorio,universidade,Undirected,3.00,0.0730
relatorio,documentos,Undirected,3.00,0.1616
relacoes,corporacao,Undirected,7.00,0.1671
relacoes,materiais,Undirected,5.00,0.3202
relacoes,deixa,Undirected,3.00,0.1992
relacoes,ponto,Undirected,2.00,0.1004
relacoes,observacao,Undirected,2.00,0.1651
relacoes,parte,Undirected,3.00,0.1271
relacoes,actante,Undirected,3.00,0.2050
relacoes,negocio,Undirected,2.00,0.1552
relacoes,arranjos,Undirected,4.00,0.2926
relacoes,universidade,Undirected,3.00,0.1200
relacoes,objeto,Undirected,2.00,0.1651
relacoes,logica,Undirected,2.00,0.1601
relacoes,cartoes,Undirected,3.00,0.2367
relacoes,descreve,Undirected,6.00,0.2570
relacoes,parceria,Undirected,2.00,0.1418
inovacao,corporacao,Undirected,3.00,-0.0023
inovacao,tecnologia,Undirected,8.00,0.1168
inovacao,ecossistema,Undirected,58.00,0.5506
inovacao,artificial,Undirected,7.00,0.1671
inovacao,pesquisa,Undirected,7.00,0.0263
inovacao,claudio,Undirected,11.00,0.0855
inovacao,codigo,Undirected,3.00,0.1219
inovacao,arranjos,Undirected,3.00,0.1936
inovacao,vocabulario,Undirected,7.00,0.2434
inovacao,financiamento,Undirected,5.00,0.1535
inovacao,questao,Undirected,5.00,0.2184
inovacao,parceria,Undirected,2.00,0.0878
inovacao,universidade,Undirected,4.00,0.0997
inovacao,empresa,Undirected,2.00,-0.0321
inovacao,logica,Undirected,3.00,0.1573
inovacao,fala,Undirected,2.00,0.1111
inovacao,relacao,Undirected,3.00,0.1287
inovacao,secao,Undirected,3.00,0.1653
inovacao,centro,Undirected,2.00,-0.0816
inovacao,estrategia,Undirected,3.00,0.1867
inovacao,processamento,Undirected,2.00,0.1111
obia,parte,Undirected,3.00,0.1711
obia,observacao,Undirected,3.00,0.2631
obia,artificial,Undirected,15.00,0.4147
obia,vinculo,Undirected,7.00,0.3285
obia,campo,Undirected,6.00,0.2260
obia,analise,Undirected,2.00,0.1083
obia,etnografia,Undirected,3.00,0.1840
obia,parceria,Undirected,8.00,0.3950
obia,disponivel,Undirected,3.00,0.2479
obia,acesso,Undirected,2.00,0.1454
campo,pesquisa,Undirected,18.00,0.0928
campo,etnografia,Undirected,7.00,0.1355
campo,arranjos,Undirected,2.00,0.0856
campo,parte,Undirected,2.00,-0.0320
campo,fabio,Undirected,6.00,0.0246
campo,claudio,Undirected,6.00,-0.0588
campo,retomo,Undirected,5.00,0.2062
campo,metodo,Undirected,3.00,0.1133
campo,conjunto,Undirected,2.00,0.0728
campo,segui,Undirected,3.00,0.0680
campo,observacao,Undirected,14.00,0.3406
campo,entrevistas,Undirected,12.00,0.2202
campo,documentos,Undirected,4.00,0.1316
campo,pesquisador,Undirected,2.00,-0.0430
campo,centro,Undirected,3.00,-0.0968
campo,plano,Undirected,3.00,0.1090
campo,relacao,Undirected,3.00,0.0710
campo,acao,Undirected,3.00,0.1048
campo,convenio,Undirected,2.00,0.0856
campo,movimento,Undirected,4.00,0.1116
campo,corporacao,Undirected,3.00,-0.0601
campo,vocabulario,Undirected,2.00,0.0391
campo,analise,Undirected,5.00,0.0633
campo,vinculo,Undirected,2.00,-0.0044
campo,bluetalks,Undirected,3.00,0.0680
campo,escala,Undirected,2.00,0.0002
campo,tecnologia,Undirected,2.00,-0.1074
campo,actante,Undirected,2.00,0.0425
campo,acordo,Undirected,2.00,0.0743
investigacao,centro,Undirected,5.00,0.1138
investigacao,metodo,Undirected,2.00,0.2032
investigacao,pesquisa,Undirected,5.00,0.0777
investigacao,relacao,Undirected,3.00,0.2166
investigacao,segui,Undirected,2.00,0.1599
investigacao,diferenca,Undirected,2.00,0.2004
investigacao,disponivel,Undirected,3.00,0.2352
investigacao,questao,Undirected,6.00,0.3413
investigacao,objeto,Undirected,2.00,0.1951
investigacao,empresa,Undirected,2.00,0.0519
investigacao,historia,Undirected,2.00,0.1783
investigacao,rede,Undirected,3.00,0.0310
investigacao,fabio,Undirected,2.00,0.0409
termos,conjunto,Undirected,2.00,0.1392
termos,vocabulario,Undirected,3.00,0.1567
termos,corporacao,Undirected,5.00,0.0719
termos,ecossistema,Undirected,3.00,0.0410
termos,artificial,Undirected,4.00,0.1021
termos,diferenca,Undirected,2.00,0.1277
termos,claudio,Undirected,5.00,-0.0058
termos,deixa,Undirected,2.00,0.1033
termos,rede,Undirected,12.00,0.1344
termos,analise,Undirected,3.00,0.0708
termos,publicacoes,Undirected,7.00,0.2194
termos,indigenas,Undirected,2.00,0.1347
termos,fala,Undirected,3.00,0.1743
claudio,rede,Undirected,25.00,0.0182
claudio,fabio,Undirected,183.00,0.5786
claudio,corporacao,Undirected,6.00,-0.0922
claudio,segui,Undirected,15.00,0.1811
claudio,centro,Undirected,22.00,0.0346
claudio,empresa,Undirected,5.00,-0.0963
claudio,questao,Undirected,6.00,0.0703
claudio,ecossistema,Undirected,20.00,0.1074
claudio,descricao,Undirected,3.00,0.0185
claudio,fala,Undirected,22.00,0.2956
claudio,bluetalks,Undirected,35.00,0.3399
claudio,negocio,Undirected,3.00,-0.0095
claudio,sistema,Undirected,4.00,-0.0271
claudio,tabulacao,Undirected,2.00,-0.0859
claudio,observacao,Undirected,3.00,0.0009
claudio,entrevistas,Undirected,19.00,0.1696
claudio,documentos,Undirected,2.00,-0.0534
claudio,logica,Undirected,6.00,0.0811
claudio,ponto,Undirected,4.00,-0.0352
claudio,plano,Undirected,2.00,-0.0395
claudio,acao,Undirected,2.00,-0.0434
claudio,tecnociencia,Undirected,3.00,0.0022
claudio,pesquisador,Undirected,7.00,-0.0066
claudio,latour,Undirected,2.00,-0.0709
claudio,acesso,Undirected,5.00,-0.0058
claudio,porta,Undirected,8.00,0.1417
claudio,sistemas,Undirected,3.00,-0.0191
claudio,verbal,Undirected,56.00,0.4481
claudio,informacao,Undirected,72.00,0.4912
claudio,financiamento,Undirected,5.00,-0.0183
claudio,vinculo,Undirected,2.00,-0.1038
claudio,relacao,Undirected,3.00,-0.0330
claudio,etnografia,Undirected,5.00,-0.0212
claudio,lugar,Undirected,2.00,-0.0510
claudio,historia,Undirected,2.00,-0.0603
claudio,universidade,Undirected,2.00,-0.1381
claudio,estudantes,Undirected,2.00,-0.0266
claudio,estrategia,Undirected,5.00,0.0885
claudio,vocabulario,Undirected,2.00,-0.0603
claudio,research,Undirected,4.00,0.0096
claudio,descreve,Undirected,10.00,0.0741
claudio,pesquisa,Undirected,17.00,-0.0457
claudio,aprendizado,Undirected,2.00,-0.0367
claudio,publicacoes,Undirected,4.00,-0.0405
claudio,dinheiro,Undirected,3.00,-0.0005
claudio,codigo,Undirected,2.00,-0.0824
claudio,projeto,Undirected,5.00,0.0417
claudio,linguas,Undirected,2.00,-0.0353
claudio,indigenas,Undirected,4.00,0.0482
claudio,disponivel,Undirected,3.00,-0.0144
claudio,fechamento,Undirected,4.00,0.0241
claudio,parceria,Undirected,2.00,-0.0667
claudio,valor,Undirected,3.00,0.0250
claudio,estados,Undirected,2.00,-0.0534
claudio,desenvolvimento,Undirected,3.00,-0.0045
desenvolvimento,parte,Undirected,3.00,0.1417
desenvolvimento,codigo,Undirected,3.00,0.1929
desenvolvimento,tecnologia,Undirected,15.00,0.3021
desenvolvimento,sistemas,Undirected,3.00,0.2138
desenvolvimento,rede,Undirected,2.00,-0.0307
desenvolvimento,pesquisa,Undirected,12.00,0.1858
desenvolvimento,universidade,Undirected,3.00,0.1346
desenvolvimento,descreve,Undirected,2.00,0.1203
desenvolvimento,processamento,Undirected,2.00,0.1791
desenvolvimento,projeto,Undirected,3.00,0.2138
desenvolvimento,levou,Undirected,2.00,0.2021
desenvolvimento,mostra,Undirected,2.00,0.1645
desenvolvimento,logica,Undirected,3.00,0.2284
desenvolvimento,informacao,Undirected,2.00,0.1375
research,logica,Undirected,6.00,0.3132
research,pesquisador,Undirected,10.00,0.2882
research,brasil,Undirected,51.00,0.5740
research,historia,Undirected,2.00,0.1440
research,pesquisa,Undirected,3.00,-0.0210
research,fechamento,Undirected,13.00,0.4464
research,escala,Undirected,2.00,0.1051
research,convenio,Undirected,2.00,0.1905
research,disponivel,Undirected,2.00,0.1463
research,acesso,Undirected,2.00,0.0990
research,artificial,Undirected,2.00,0.0573
diferenca,rede,Undirected,10.00,0.1722
diferenca,analise,Undirected,3.00,0.1410
diferenca,corporacao,Undirected,3.00,0.0797
diferenca,escala,Undirected,5.00,0.2597
diferenca,lugar,Undirected,2.00,0.1820
diferenca,valor,Undirected,3.00,0.2687
diferenca,mostra,Undirected,3.00,0.2293
diferenca,tecnociencia,Undirected,4.00,0.2882
diferenca,vinculo,Undirected,3.00,0.1814
metodo,descricao,Undirected,3.00,0.2651
metodo,actante,Undirected,3.00,0.1788
metodo,pesquisa,Undirected,4.00,0.0463
metodo,secao,Undirected,2.00,0.1949
metodo,fabio,Undirected,2.00,0.0381
metodo,parte,Undirected,2.00,0.1043
metodo,materiais,Undirected,3.00,0.2716
metodo,observacao,Undirected,2.00,0.1923
descricao,etnografia,Undirected,6.00,0.2786
descricao,tecnociencia,Undirected,2.00,0.2023
descricao,actante,Undirected,15.00,0.4208
descricao,lugar,Undirected,2.00,0.1935
descricao,fabio,Undirected,3.00,0.0953
descricao,rede,Undirected,3.00,0.0371
descricao,vocabulario,Undirected,2.00,0.1842
descricao,estrategia,Undirected,2.00,0.2240
descricao,levou,Undirected,3.00,0.2807
descricao,mercado,Undirected,2.00,0.2063
descricao,corporacao,Undirected,3.00,0.0917
pesquisa,analise,Undirected,13.00,0.0809
pesquisa,artificial,Undirected,8.00,0.0079
pesquisa,etnografia,Undirected,8.00,0.0408
pesquisa,objeto,Undirected,6.00,0.0897
pesquisa,empresa,Undirected,11.00,0.0023
pesquisa,centro,Undirected,54.00,0.1930
pesquisa,ecossistema,Undirected,10.00,0.0088
pesquisa,torno,Undirected,7.00,0.1376
pesquisa,negocio,Undirected,4.00,0.0268
pesquisa,lugar,Undirected,4.00,0.0294
pesquisa,universidade,Undirected,13.00,0.0862
pesquisa,rede,Undirected,9.00,-0.1036
pesquisa,parte,Undirected,9.00,0.0422
pesquisa,tecnociencia,Undirected,4.00,0.0389
pesquisa,ponto,Undirected,3.00,-0.0643
pesquisa,questao,Undirected,8.00,0.1128
pesquisa,observacao,Undirected,2.00,-0.0410
pesquisa,publicacoes,Undirected,10.00,0.0789
pesquisa,latour,Undirected,8.00,0.0791
pesquisa,sistemas,Undirected,2.00,-0.0600
pesquisa,fabio,Undirected,11.00,-0.0112
pesquisa,parceria,Undirected,4.00,0.0123
pesquisa,brasil,Undirected,23.00,0.1216
pesquisa,relacao,Undirected,4.00,0.0025
pesquisa,pesquisador,Undirected,9.00,0.0290
pesquisa,estudantes,Undirected,4.00,0.0557
pesquisa,processamento,Undirected,8.00,0.1300
pesquisa,disponivel,Undirected,2.00,-0.0556
pesquisa,fala,Undirected,3.00,0.0034
pesquisa,informacao,Undirected,7.00,0.0627
pesquisa,verbal,Undirected,3.00,-0.0242
pesquisa,base,Undirected,4.00,0.0433
pesquisa,escala,Undirected,5.00,0.0036
pesquisa,tecnologia,Undirected,3.00,-0.1674
pesquisa,tecnica,Undirected,2.00,-0.0733
pesquisa,industria,Undirected,3.00,-0.0019
pesquisa,financiamento,Undirected,15.00,0.1358
pesquisa,descreve,Undirected,4.00,-0.0261
pesquisa,projetos,Undirected,4.00,0.0493
pesquisa,censo,Undirected,2.00,-0.0357
pesquisa,deixa,Undirected,8.00,0.0889
pesquisa,propriedade,Undirected,6.00,0.0927
pesquisa,corporacao,Undirected,8.00,-0.0557
pesquisa,interesse,Undirected,8.00,0.1071
pesquisa,materiais,Undirected,3.00,0.0276
pesquisa,fechamento,Undirected,2.00,-0.0509
pesquisa,acordo,Undirected,3.00,0.0226
pesquisa,vinculo,Undirected,3.00,-0.0597
pesquisa,aprendizado,Undirected,3.00,0.0104
porta,rede,Undirected,4.00,0.0675
porta,descreve,Undirected,3.00,0.1904
porta,actante,Undirected,3.00,0.2379
porta,centro,Undirected,3.00,0.0503
porta,retomo,Undirected,5.00,0.3266
porta,fala,Undirected,4.00,0.2945
porta,fabio,Undirected,4.00,0.1277
porta,vocabulario,Undirected,2.00,0.1797
porta,corporacao,Undirected,2.00,0.0389
negocio,torno,Undirected,5.00,0.3303
negocio,empresa,Undirected,9.00,0.2335
negocio,codigo,Undirected,5.00,0.2615
negocio,valor,Undirected,2.00,0.1973
negocio,dinheiro,Undirected,4.00,0.2689
negocio,arranjos,Undirected,6.00,0.3679
negocio,escala,Undirected,3.00,0.1703
negocio,software,Undirected,3.00,0.2527
negocio,estrategia,Undirected,3.00,0.2527
negocio,rede,Undirected,3.00,0.0091
segui,rede,Undirected,19.00,0.2355
segui,fabio,Undirected,17.00,0.2979
segui,artificial,Undirected,2.00,0.0454
segui,observacao,Undirected,3.00,0.2021
segui,bluetalks,Undirected,2.00,0.1137
segui,latour,Undirected,3.00,0.1734
segui,entrevistas,Undirected,2.00,0.0746
segui,documentos,Undirected,3.00,0.1917
segui,pesquisador,Undirected,2.00,0.0500
segui,etnografia,Undirected,2.00,0.0733
segui,brasil,Undirected,5.00,0.1251
segui,vinculo,Undirected,2.00,0.0886
segui,ponto,Undirected,3.00,0.1344
segui,movimento,Undirected,3.00,0.1724
segui,base,Undirected,3.00,0.2077
segui,estrategia,Undirected,3.00,0.2263
linguas,artificial,Undirected,3.00,0.1391
linguas,indigenas,Undirected,40.00,0.7825
linguas,rede,Undirected,2.00,-0.0175
linguas,projeto,Undirected,12.00,0.4584
linguas,processamento,Undirected,3.00,0.2475
linguas,natural,Undirected,3.00,0.2716
linguas,fala,Undirected,2.00,0.1923
brasil,empresa,Undirected,9.00,0.0823
brasil,centro,Undirected,4.00,-0.0749
brasil,parceria,Undirected,5.00,0.1383
brasil,movimento,Undirected,6.00,0.1583
brasil,estados,Undirected,7.00,0.2023
brasil,pesquisador,Undirected,7.00,0.0991
brasil,universidade,Undirected,10.00,0.1562
brasil,mercado,Undirected,9.00,0.2600
brasil,parte,Undirected,5.00,0.0665
brasil,historia,Undirected,3.00,0.0787
brasil,fechamento,Undirected,13.00,0.3043
brasil,vinculo,Undirected,3.00,0.0332
brasil,ponto,Undirected,2.00,-0.0169
brasil,ecossistema,Undirected,8.00,0.0845
brasil,artificial,Undirected,6.00,0.0729
brasil,escala,Undirected,3.00,0.0380
brasil,convenio,Undirected,5.00,0.1972
brasil,tabulacao,Undirected,3.00,0.0519
brasil,censo,Undirected,2.00,0.0531
brasil,sistema,Undirected,2.00,-0.0095
brasil,estudantes,Undirected,3.00,0.1139
brasil,interesse,Undirected,2.00,0.0631
brasil,software,Undirected,3.00,0.1205
brasil,disponivel,Undirected,3.00,0.0811
brasil,acesso,Undirected,5.00,0.0956
brasil,tecnologia,Undirected,7.00,0.0246
brasil,questao,Undirected,2.00,0.0332
brasil,industria,Undirected,4.00,0.1281
brasil,social,Undirected,3.00,0.1274
tecnociencia,etnografia,Undirected,3.00,0.1612
tecnociencia,centro,Undirected,2.00,-0.0072
tecnociencia,cartoes,Undirected,4.00,0.3007
tecnociencia,base,Undirected,3.00,0.2459
tecnociencia,tabulacao,Undirected,3.00,0.1959
tecnociencia,rede,Undirected,3.00,0.0209
tecnociencia,vocabulario,Undirected,3.00,0.2228
tecnociencia,acao,Undirected,4.00,0.2825
tecnociencia,fabio,Undirected,2.00,0.0313
tecnociencia,pesquisador,Undirected,2.00,0.0865
tecnociencia,latour,Undirected,3.00,0.2117
tecnociencia,mostra,Undirected,3.00,0.2251
tecnociencia,deixa,Undirected,2.00,0.1664
historia,artificial,Undirected,3.00,0.1130
historia,retomo,Undirected,3.00,0.2524
historia,etnografia,Undirected,2.00,0.0917
historia,vocabulario,Undirected,3.00,0.2038
historia,industria,Undirected,3.00,0.2161
historia,tecnologia,Undirected,2.00,0.0041
historia,corporacao,Undirected,3.00,0.0565
historia,tecnica,Undirected,11.00,0.3944
historia,ponto,Undirected,3.00,0.1537
historia,centro,Undirected,2.00,-0.0254
dinheiro,sistemas,Undirected,4.00,0.2591
dinheiro,humano,Undirected,3.00,0.1279
dinheiro,torno,Undirected,2.00,0.2059
dinheiro,projetos,Undirected,4.00,0.2915
dinheiro,centro,Undirected,4.00,0.0360
dinheiro,projeto,Undirected,2.00,0.1638
dinheiro,fabio,Undirected,3.00,0.0763
dinheiro,informacao,Undirected,3.00,0.1941
dinheiro,interesse,Undirected,2.00,0.1982
sistema,social,Undirected,3.00,0.2101
sistema,bluetalks,Undirected,3.00,0.1422
sistema,tabulacao,Undirected,24.00,0.4879
sistema,levou,Undirected,2.00,0.1499
sistema,mercado,Undirected,2.00,0.1322
sistema,torno,Undirected,2.00,0.1499
sistema,rede,Undirected,2.00,-0.0829
sistema,watson,Undirected,3.00,0.1737
sistema,fala,Undirected,2.00,0.1269
sistema,decisao,Undirected,3.00,0.1846
financiamento,corporacao,Undirected,8.00,0.1235
financiamento,propriedade,Undirected,9.00,0.3325
financiamento,ponto,Undirected,2.00,0.0464
financiamento,projetos,Undirected,4.00,0.2139
financiamento,centro,Undirected,6.00,0.0436
financiamento,pesquisador,Undirected,3.00,0.0591
financiamento,tecnologia,Undirected,2.00,-0.0521
financiamento,empresa,Undirected,3.00,0.0128
financiamento,descreve,Undirected,3.00,0.1010
financiamento,informacao,Undirected,4.00,0.1571
financiamento,verbal,Undirected,5.00,0.2053
financiamento,fabio,Undirected,3.00,0.0013
financiamento,industria,Undirected,3.00,0.1573
financiamento,logica,Undirected,3.00,0.1573
financiamento,conjunto,Undirected,2.00,0.1280
financiamento,tecnica,Undirected,4.00,0.1671
projeto,ecossistema,Undirected,2.00,0.0377
projeto,codigo,Undirected,2.00,0.1262
projeto,indigenas,Undirected,10.00,0.4284
projeto,secao,Undirected,3.00,0.2218
projeto,logica,Undirected,2.00,0.1601
projeto,processamento,Undirected,3.00,0.2191
projeto,disponivel,Undirected,2.00,0.1506
projeto,acesso,Undirected,3.00,0.1544
projeto,informacao,Undirected,4.00,0.2155
projeto,verbal,Undirected,6.00,0.2939
projeto,corporacao,Undirected,2.00,0.0075
base,rede,Undirected,4.00,0.0599
base,valor,Undirected,3.00,0.2687
base,vocabulario,Undirected,3.00,0.2270
base,acordo,Undirected,3.00,0.2638
base,escala,Undirected,2.00,0.1337
base,pesquisador,Undirected,3.00,0.1410
base,analise,Undirected,5.00,0.2117
base,publicacoes,Undirected,3.00,0.1717
conjunto,tecnologia,Undirected,3.00,0.0858
conjunto,questao,Undirected,3.00,0.2413
conjunto,escolha,Undirected,2.00,0.2307
conjunto,estados,Undirected,3.00,0.2462
conjunto,descreve,Undirected,4.00,0.2356
conjunto,documentos,Undirected,3.00,0.2462
conjunto,acordo,Undirected,3.00,0.2758
conjunto,entrevistas,Undirected,2.00,0.1266
conjunto,projetos,Undirected,3.00,0.2680
conjunto,materiais,Undirected,2.00,0.2240
tecnologia,corporacao,Undirected,17.00,0.1263
tecnologia,industria,Undirected,12.00,0.2627
tecnologia,ponto,Undirected,6.00,0.0864
tecnologia,centro,Undirected,8.00,-0.0242
tecnologia,universidade,Undirected,11.00,0.1379
tecnologia,valor,Undirected,4.00,0.1294
tecnologia,empresa,Undirected,16.00,0.1353
tecnologia,social,Undirected,8.00,0.2378
tecnologia,latour,Undirected,2.00,-0.0065
tecnologia,propriedade,Undirected,2.00,0.0235
tecnologia,relacao,Undirected,2.00,-0.0115
tecnologia,escala,Undirected,3.00,0.0098
tecnologia,sistemas,Undirected,9.00,0.1986
tecnologia,bluetalks,Undirected,2.00,-0.0143
tecnologia,artificial,Undirected,5.00,0.0192
tecnologia,estrategia,Undirected,4.00,0.1294
tecnologia,processamento,Undirected,3.00,0.0681
tecnologia,ecossistema,Undirected,2.00,-0.1065
tecnologia,retomo,Undirected,3.00,0.0992
tecnologia,vinculo,Undirected,3.00,0.0050
tecnologia,estudantes,Undirected,3.00,0.0858
tecnologia,mercado,Undirected,4.00,0.1102
tecnologia,parceria,Undirected,2.00,-0.0024
tecnologia,pesquisador,Undirected,2.00,-0.0781
tecnologia,informacao,Undirected,3.00,0.0246
parte,codigo,Undirected,2.00,0.0573
parte,centro,Undirected,4.00,-0.0225
parte,escala,Undirected,4.00,0.1256
parte,industria,Undirected,5.00,0.2124
parte,questao,Undirected,2.00,0.0817
parte,ponto,Undirected,3.00,0.0793
parte,rede,Undirected,5.00,-0.0150
parte,descreve,Undirected,5.00,0.1527
parte,empresa,Undirected,6.00,0.0829
parte,entrevistas,Undirected,4.00,0.1055
parte,corporacao,Undirected,4.00,0.0154
parte,vinculo,Undirected,2.00,0.0359
parte,publicacoes,Undirected,2.00,0.0266
parte,fechamento,Undirected,3.00,0.1366
parte,convenio,Undirected,4.00,0.2181
acesso,disponivel,Undirected,40.00,0.6459
acesso,decisao,Undirected,2.00,0.1277
acesso,fabio,Undirected,3.00,0.0130
acesso,pesquisador,Undirected,4.00,0.1071
acesso,entrevistas,Undirected,3.00,0.0965
acesso,documentos,Undirected,9.00,0.3309
acesso,movimento,Undirected,4.00,0.1834
acesso,estados,Undirected,2.00,0.1124
acesso,estudantes,Undirected,3.00,0.1919
acesso,secao,Undirected,2.00,0.1250
acesso,bluetalks,Undirected,2.00,0.0871
vocabulario,relacao,Undirected,5.00,0.1875
vocabulario,ecossistema,Undirected,12.00,0.2776
vocabulario,actante,Undirected,5.00,0.2073
vocabulario,deixa,Undirected,3.00,0.2015
vocabulario,empresa,Undirected,4.00,0.1079
vocabulario,pesquisador,Undirected,2.00,0.0684
vocabulario,estrategia,Undirected,2.00,0.1904
publicacoes,analise,Undirected,20.00,0.3464
publicacoes,centro,Undirected,6.00,0.0474
publicacoes,parceria,Undirected,4.00,0.1805
publicacoes,entrevistas,Undirected,11.00,0.2445
publicacoes,bluetalks,Undirected,2.00,0.0793
publicacoes,fabio,Undirected,2.00,-0.0397
publicacoes,secao,Undirected,2.00,0.1172
publicacoes,rede,Undirected,2.00,-0.0952
publicacoes,deixa,Undirected,5.00,0.1851
publicacoes,escala,Undirected,2.00,0.0588
publicacoes,mostra,Undirected,2.00,0.0999
publicacoes,ponto,Undirected,3.00,0.0984
publicacoes,relacao,Undirected,2.00,0.0822
social,mercado,Undirected,3.00,0.2756
social,corporacao,Undirected,3.00,0.1051
social,vida,Undirected,3.00,0.2800
social,plano,Undirected,3.00,0.2742
social,centro,Undirected,3.00,0.0684
social,rede,Undirected,2.00,0.0041
social,logica,Undirected,2.00,0.2088
social,industria,Undirected,3.00,0.2647
aprendizado,natural,Undirected,4.00,0.3133
aprendizado,processamento,Undirected,4.00,0.2883
aprendizado,centro,Undirected,6.00,0.1341
aprendizado,artificial,Undirected,18.00,0.4303
aprendizado,estados,Undirected,2.00,0.1809
acordo,documentos,Undirected,6.00,0.3551
acordo,decisao,Undirected,2.00,0.2078
acordo,mercado,Undirected,2.00,0.2078
acordo,convenio,Undirected,6.00,0.4001
acordo,projetos,Undirected,2.00,0.2134
acordo,questao,Undirected,2.00,0.1879
projetos,centro,Undirected,9.00,0.1992
projetos,pesquisador,Undirected,2.00,0.0961
projetos,fabio,Undirected,2.00,0.0409
projetos,empresa,Undirected,3.00,0.1006
projetos,interesse,Undirected,8.00,0.3753
projetos,mercado,Undirected,2.00,0.2004
objeto,etnografia,Undirected,6.00,0.2595
objeto,rede,Undirected,3.00,0.0195
objeto,empresa,Undirected,2.00,0.0410
objeto,analise,Undirected,2.00,0.0852
objeto,latour,Undirected,3.00,0.2103
objeto,acao,Undirected,5.00,0.3157
escala,sistemas,Undirected,3.00,0.1607
escala,natural,Undirected,2.00,0.1515
escala,questao,Undirected,3.00,0.1654
escala,censo,Undirected,7.00,0.3133
escala,tabulacao,Undirected,4.00,0.1748
escala,industria,Undirected,9.00,0.3439
escala,rede,Undirected,2.00,-0.0813
escala,estrategia,Undirected,3.00,0.2048
escala,software,Undirected,4.00,0.2457
escala,retomo,Undirected,3.00,0.2117
logica,bluetalks,Undirected,2.00,0.1439
logica,estados,Undirected,3.00,0.2233
logica,decisao,Undirected,2.00,0.1844
logica,ecossistema,Undirected,2.00,0.0517
logica,estrategia,Undirected,3.00,0.2578
logica,watson,Undirected,4.00,0.2701
logica,valor,Undirected,3.00,0.2578
logica,software,Undirected,2.00,0.2021
logica,mostra,Undirected,3.00,0.2184
logica,acao,Undirected,3.00,0.2337
logica,corporacao,Undirected,2.00,0.0215
logica,pesquisador,Undirected,2.00,0.0801
acao,latour,Undirected,5.00,0.2853
acao,decisao,Undirected,2.00,0.1895
acao,plano,Undirected,2.00,0.1881
acao,humano,Undirected,8.00,0.2830
acao,fabio,Undirected,3.00,0.0777
acao,actante,Undirected,4.00,0.2665
acao,rede,Undirected,3.00,0.0195
acao,etnografia,Undirected,2.00,0.1085
acao,corporacao,Undirected,2.00,0.0266
empresa,centro,Undirected,3.00,-0.1125
empresa,ecossistema,Undirected,18.00,0.2017
empresa,codigo,Undirected,6.00,0.1385
empresa,lugar,Undirected,3.00,0.0813
empresa,relacao,Undirected,3.00,0.0553
empresa,universidade,Undirected,5.00,0.0514
empresa,tabulacao,Undirected,3.00,0.0447
empresa,corporacao,Undirected,7.00,0.0232
empresa,decisao,Undirected,2.00,0.0463
empresa,artificial,Undirected,3.00,-0.0192
empresa,descreve,Undirected,4.00,0.0625
empresa,cartoes,Undirected,9.00,0.2655
empresa,tecnica,Undirected,3.00,0.0553
empresa,watson,Undirected,2.00,0.0359
empresa,sistemas,Undirected,3.00,0.0692
empresa,fabio,Undirected,8.00,0.0449
empresa,estudantes,Undirected,2.00,0.0578
empresa,secao,Undirected,7.00,0.1858
empresa,estrategia,Undirected,2.00,0.0640
empresa,parceria,Undirected,3.00,0.0648
empresa,processamento,Undirected,3.00,0.0892
empresa,interesse,Undirected,2.00,0.0563
documentos,observacao,Undirected,7.00,0.3602
documentos,entrevistas,Undirected,21.00,0.4796
documentos,etnografia,Undirected,3.00,0.1495
documentos,fabio,Undirected,3.00,0.0673
documentos,actante,Undirected,3.00,0.2145
documentos,rede,Undirected,2.00,-0.0355
documentos,analise,Undirected,3.00,0.1251
ecossistema,artificial,Undirected,10.00,0.1562
ecossistema,questao,Undirected,4.00,0.1274
ecossistema,torno,Undirected,2.00,0.0798
ecossistema,fala,Undirected,6.00,0.2007
ecossistema,bluetalks,Undirected,5.00,0.1350
ecossistema,vinculo,Undirected,11.00,0.2242
ecossistema,relacao,Undirected,5.00,0.1382
ecossistema,universidade,Undirected,9.00,0.1144
ecossistema,pesquisador,Undirected,2.00,-0.0422
ecossistema,corporacao,Undirected,3.00,-0.0592
ecossistema,levou,Undirected,2.00,0.0798
ecossistema,estrategia,Undirected,3.00,0.1298
ecossistema,cartoes,Undirected,2.00,0.0736
ecossistema,centro,Undirected,6.00,-0.0183
ecossistema,propriedade,Undirected,2.00,0.0594
ecossistema,parceria,Undirected,3.00,0.0813
ecossistema,industria,Undirected,2.00,0.0517
ecossistema,codigo,Undirected,3.00,0.0649
censo,disponivel,Undirected,2.00,0.1749
censo,tabulacao,Undirected,4.00,0.2408
censo,industria,Undirected,3.00,0.2392
censo,vida,Undirected,2.00,0.1990
censo,analise,Undirected,2.00,0.0905
censo,relacao,Undirected,3.00,0.2107
censo,estados,Undirected,6.00,0.3403
censo,secao,Undirected,3.00,0.2473
escolha,estados,Undirected,6.00,0.3679
escolha,rede,Undirected,2.00,0.0041
relacao,rede,Undirected,11.00,0.1574
relacao,vinculo,Undirected,2.00,0.0915
relacao,universidade,Undirected,6.00,0.2011
relacao,fabio,Undirected,3.00,0.0438
relacao,analise,Undirected,5.00,0.1698
decisao,universidade,Undirected,2.00,0.0948
decisao,fabio,Undirected,2.00,0.0353
decisao,disponivel,Undirected,3.00,0.2293
decisao,centro,Undirected,5.00,0.1075
decisao,estados,Undirected,2.00,0.1796
decisao,humano,Undirected,7.00,0.3142
decisao,tecnica,Undirected,3.00,0.2107
decisao,corporacao,Undirected,3.00,0.0797
informacao,verbal,Undirected,83.00,0.8725
informacao,fabio,Undirected,19.00,0.3103
informacao,centro,Undirected,4.00,0.0276
informacao,watson,Undirected,2.00,0.1375
informacao,interesse,Undirected,4.00,0.2526
informacao,fala,Undirected,2.00,0.1425
informacao,fechamento,Undirected,2.00,0.1326
estudantes,pesquisador,Undirected,9.00,0.3185
estudantes,corporacao,Undirected,3.00,0.0917
estudantes,estados,Undirected,2.00,0.1911
estudantes,processamento,Undirected,2.00,0.2010
humano,actante,Undirected,7.00,0.2925
humano,sistemas,Undirected,3.00,0.1616
humano,centro,Undirected,2.00,-0.0635
humano,mostra,Undirected,3.00,0.1146
humano,rede,Undirected,10.00,0.1000
humano,plano,Undirected,3.00,0.1856
humano,latour,Undirected,2.00,0.1018
humano,natural,Undirected,3.00,0.2056
analise,codigo,Undirected,2.00,0.0463
analise,centro,Undirected,2.00,-0.1075
analise,arranjos,Undirected,3.00,0.1665
analise,rede,Undirected,30.00,0.2228
analise,tabulacao,Undirected,2.00,0.0427
analise,plano,Undirected,3.00,0.1396
analise,entrevistas,Undirected,5.00,0.1232
analise,observacao,Undirected,5.00,0.2058
analise,bluetalks,Undirected,3.00,0.0986
analise,actante,Undirected,3.00,0.1214
analise,corporacao,Undirected,3.00,-0.0295
analise,processamento,Undirected,2.00,0.0852
analise,fechamento,Undirected,2.00,0.0753
analise,secao,Undirected,2.00,0.0878
arranjos,universidade,Undirected,11.00,0.3576
arranjos,descreve,Undirected,3.00,0.2085
arranjos,estrategia,Undirected,2.00,0.2369
vida,tecnica,Undirected,8.00,0.3195
vida,centro,Undirected,3.00,0.0473
questao,deixa,Undirected,3.00,0.2038
questao,fala,Undirected,2.00,0.1696
questao,universidade,Undirected,3.00,0.1247
questao,centro,Undirected,3.00,0.0221
questao,retomo,Undirected,6.00,0.3626
questao,ponto,Undirected,5.00,0.2276
questao,vinculo,Undirected,6.00,0.2604
questao,parceria,Undirected,2.00,0.1463
questao,etnografia,Undirected,2.00,0.0939
questao,propriedade,Undirected,5.00,0.3025
questao,codigo,Undirected,3.00,0.1830
questao,verbal,Undirected,2.00,0.1432
questao,convenio,Undirected,2.00,0.1993
estrategia,tecnica,Undirected,2.00,0.1749
estrategia,descreve,Undirected,2.00,0.1484
entrevistas,mostra,Undirected,3.00,0.1460
entrevistas,fabio,Undirected,30.00,0.3495
entrevistas,observacao,Undirected,20.00,0.4823
entrevistas,pesquisador,Undirected,2.00,0.0109
entrevistas,ponto,Undirected,2.00,0.0451
entrevistas,etnografia,Undirected,2.00,0.0342
entrevistas,tecnica,Undirected,2.00,0.0775
entrevistas,bluetalks,Undirected,2.00,0.0746
entrevistas,corporacao,Undirected,3.00,-0.0037
industria,universidade,Undirected,5.00,0.2049
industria,ponto,Undirected,2.00,0.1144
industria,mercado,Undirected,3.00,0.2392
industria,interesse,Undirected,2.00,0.1944
tabulacao,parceria,Undirected,6.00,0.2707
tabulacao,levou,Undirected,3.00,0.2186
tabulacao,cartoes,Undirected,6.00,0.3163
tabulacao,sistemas,Undirected,3.00,0.1746
tabulacao,watson,Undirected,3.00,0.1892
tabulacao,corporacao,Undirected,2.00,-0.0159
torno,rede,Undirected,3.00,0.0437
torno,artificial,Undirected,2.00,0.1036
torno,centro,Undirected,2.00,0.0145
torno,processamento,Undirected,3.00,0.2631
torno,corporacao,Undirected,3.00,0.0982
levou,codigo,Undirected,2.00,0.1683
levou,rede,Undirected,4.00,0.0791
levou,bluetalks,Undirected,3.00,0.2263
levou,artificial,Undirected,3.00,0.1547
levou,retomo,Undirected,2.00,0.2369
levou,corporacao,Undirected,3.00,0.0982
levou,centro,Undirected,3.00,0.0615
levou,estados,Undirected,2.00,0.1973
levou,mercado,Undirected,3.00,0.2687
levou,etnografia,Undirected,3.00,0.1840
codigo,propriedade,Undirected,5.00,0.2754
codigo,plano,Undirected,3.00,0.2024
codigo,tecnica,Undirected,3.00,0.1644
codigo,software,Undirected,3.00,0.2224
codigo,mostra,Undirected,3.00,0.1830
bluetalks,corporacao,Undirected,3.00,0.0372
bluetalks,fala,Undirected,7.00,0.3309
bluetalks,actante,Undirected,2.00,0.1355
bluetalks,pesquisador,Undirected,2.00,0.0500
bluetalks,deixa,Undirected,3.00,0.1822
bluetalks,ponto,Undirected,2.00,0.0842
bluetalks,observacao,Undirected,2.00,0.1489
bluetalks,disponivel,Undirected,3.00,0.1869
pesquisador,centro,Undirected,10.00,0.0827
pesquisador,universidade,Undirected,2.00,-0.0095
pesquisador,rede,Undirected,4.00,-0.0529
pesquisador,secao,Undirected,3.00,0.1382
pesquisador,actante,Undirected,3.00,0.1214
pesquisador,etnografia,Undirected,3.00,0.0563
pesquisador,deixa,Undirected,2.00,0.0662
mercado,corporacao,Undirected,3.00,0.0797
mercado,ponto,Undirected,3.00,0.1768
mercado,universidade,Undirected,10.00,0.3281
universidade,rede,Undirected,5.00,-0.0225
universidade,lugar,Undirected,6.00,0.2294
universidade,corporacao,Undirected,15.00,0.1946
universidade,vinculo,Undirected,4.00,0.1134
universidade,centro,Undirected,10.00,0.0879
universidade,estados,Undirected,4.00,0.1679
universidade,descreve,Undirected,2.00,0.0307
universidade,software,Undirected,2.00,0.1125
universidade,deixa,Undirected,3.00,0.1200
deixa,rede,Undirected,6.00,0.0855
deixa,observacao,Undirected,2.00,0.1651
deixa,ponto,Undirected,6.00,0.2503
deixa,centro,Undirected,3.00,0.0175
deixa,corporacao,Undirected,2.00,0.0075
propriedade,plano,Undirected,3.00,0.2459
propriedade,rede,Undirected,2.00,-0.0229
propriedade,ponto,Undirected,2.00,0.1221
ponto,rede,Undirected,3.00,-0.0482
ponto,natural,Undirected,4.00,0.2360
ponto,fabio,Undirected,2.00,-0.0347
ponto,centro,Undirected,2.00,-0.0733
ponto,etnografia,Undirected,4.00,0.1292
ponto,vinculo,Undirected,3.00,0.1081
ponto,estados,Undirected,2.00,0.1095
ponto,tecnica,Undirected,2.00,0.0871
fabio,rede,Undirected,30.00,0.1391
fabio,corporacao,Undirected,4.00,-0.0562
fabio,observacao,Undirected,3.00,0.0777
fabio,descreve,Undirected,3.00,0.0161
fabio,plano,Undirected,3.00,0.0818
fabio,lugar,Undirected,2.00,0.0225
fabio,etnografia,Undirected,7.00,0.1055
fabio,centro,Undirected,3.00,-0.1239
fabio,sistemas,Undirected,2.00,0.0110
fabio,verbal,Undirected,17.00,0.3094
fabio,interesse,Undirected,9.00,0.2506
fabio,fala,Undirected,3.00,0.0777
fabio,convenio,Undirected,2.00,0.0597
sistemas,actante,Undirected,2.00,0.1517
sistemas,centro,Undirected,3.00,0.0175
sistemas,rede,Undirected,3.00,-0.0004
sistemas,watson,Undirected,6.00,0.3181
estados,cartoes,Undirected,4.00,0.2885
estados,corporacao,Undirected,2.00,0.0166
estados,disponivel,Undirected,2.00,0.1597
retomo,centro,Undirected,6.00,0.1603
retomo,rede,Undirected,2.00,0.0041
retomo,plano,Undirected,3.00,0.2742
retomo,etnografia,Undirected,3.00,0.1909
retomo,secao,Undirected,6.00,0.3822
interesse,vinculo,Undirected,2.00,0.1392
interesse,verbal,Undirected,2.00,0.1731
interesse,corporacao,Undirected,12.00,0.2465
interesse,centro,Undirected,2.00,0.0068
interesse,rede,Undirected,3.00,0.0356
processamento,natural,Undirected,28.00,0.6956
indigenas,artificial,Undirected,2.00,0.0930
indigenas,rede,Undirected,3.00,0.0325
indigenas,vinculo,Undirected,2.00,0.1362
indigenas,natural,Undirected,3.00,0.2761
indigenas,fala,Undirected,5.00,0.3295
artificial,secao,Undirected,3.00,0.1334
artificial,rede,Undirected,4.00,-0.0579
artificial,corporacao,Undirected,2.00,-0.0770
artificial,centro,Undirected,18.00,0.1680
artificial,parceria,Undirected,3.00,0.1062
materiais,descreve,Undirected,4.00,0.2424
materiais,secao,Undirected,2.00,0.2099
plano,rede,Undirected,2.00,-0.0216
plano,centro,Undirected,3.00,0.0415
plano,descreve,Undirected,2.00,0.1293
plano,corporacao,Undirected,2.00,0.0305
plano,movimento,Undirected,2.00,0.1597
vinculo,centro,Undirected,8.00,0.0971
vinculo,rede,Undirected,3.00,-0.0436
vinculo,fechamento,Undirected,9.00,0.3327
movimento,centro,Undirected,2.00,-0.0370
movimento,parceria,Undirected,5.00,0.2582
movimento,rede,Undirected,3.00,-0.0102
movimento,convenio,Undirected,3.00,0.2403
movimento,disponivel,Undirected,2.00,0.1412
verbal,watson,Undirected,3.00,0.2060
verbal,fala,Undirected,3.00,0.2114
verbal,fechamento,Undirected,3.00,0.2010
cartoes,tecnica,Undirected,4.00,0.2643
cartoes,watson,Undirected,2.00,0.1959
fala,natural,Undirected,2.00,0.2072
fala,centro,Undirected,3.00,0.0374
observacao,descreve,Undirected,3.00,0.1774
observacao,etnografia,Undirected,3.00,0.1598
observacao,actante,Undirected,3.00,0.2249
tecnica,latour,Undirected,3.00,0.1764
tecnica,descreve,Undirected,3.00,0.1436
tecnica,centro,Undirected,2.00,-0.0409
actante,etnografia,Undirected,2.00,0.0951
actante,descreve,Undirected,3.00,0.1634
actante,latour,Undirected,4.00,0.2369
actante,mostra,Undirected,3.00,0.2097
actante,rede,Undirected,5.00,0.0678
mostra,rede,Undirected,7.00,0.1119
mostra,valor,Undirected,2.00,0.1927
rede,corporacao,Undirected,9.00,-0.0228
rede,latour,Undirected,7.00,0.0970
rede,descreve,Undirected,2.00,-0.0844
rede,centro,Undirected,16.00,0.0112
rede,etnografia,Undirected,4.00,-0.0277
rede,software,Undirected,2.00,-0.0025
valor,descreve,Undirected,4.00,0.2424
valor,corporacao,Undirected,3.00,0.0982
disponivel,secao,Undirected,3.00,0.2265
corporacao,centro,Undirected,2.00,-0.1661
corporacao,parceria,Undirected,2.00,0.0032
secao,descreve,Undirected,8.00,0.3290
lugar,etnografia,Undirected,6.00,0.2510
fechamento,parceria,Undirected,3.00,0.2042
parceria,centro,Undirected,9.00,0.1583
parceria,watson,Undirected,2.00,0.1558
descreve,centro,Undirected,3.00,-0.0242
convenio,centro,Undirected,3.00,0.0684
